Time,V1,V2,V3,V4,V5,V6,V7,V8,V9,V10,V11,V12,V13,V14,V15,V16,V17,V18,V19,V20,V21,V22,V23,V24,V25,V26,V27,V28,Amount,Class,anomaly_score,flagged,top_features
163826.0,2.04231681544428,-0.14349533959503,-2.95471143760626,-0.579241394162177,2.61043327961308,3.14224927615632,-0.418329250394298,0.78467586204632,0.360030765791275,-0.350567418718855,0.329635267111732,0.183463224919458,-0.27311287741834,-0.597683436831067,0.583759688885606,0.178532071429136,0.473865962962981,-0.499073125787233,-0.139750549402345,-0.122933775978293,-0.352994265140915,-0.996361485837414,0.364445631435216,0.604770639151661,-0.264159364981885,0.21978689843566,-0.0390034994139017,-0.0429767437355867,0.89,0,2.102544,0,"V17, V25, Amount"
171353.0,2.03321460717375,0.281796721630426,-1.72473186945874,0.550657690483715,0.263689885271333,-1.51597171028666,0.375738226908144,-0.466968243702992,0.408560842837345,-0.553848516583273,-0.111549117246395,0.667277574382066,1.15649490510604,-1.06107246418282,0.781337368889866,0.180075791835734,0.413604961957953,0.401588377059769,-0.46311504282738,-0.104329094342893,0.211270496087936,0.816778074760871,-0.0456744428679721,0.0062445398804838,0.287107110189025,-0.109164544373147,0.0042195033507912,-0.0241279927666248,15.62,0,1.8949049,0,"V22, V6, V13"
163628.0,1.96886568581755,-0.448758265660783,-0.670942246955239,0.403911853634696,-0.396128294880441,-0.140471529398798,-0.500818909519831,0.0490365263684347,1.2237828938656,-0.01729007873145,0.190052348880142,1.02696940036088,-0.179706910023383,0.0167034104021206,-0.827274390661529,-0.0307659531088209,-0.625463635455597,0.620019174316719,0.411871032486486,-0.221767682737534,0.22143076150066,0.93197983650638,-0.0294996147153378,-0.362884152968707,0.140247488810192,-0.107517130859119,0.0225556393905618,-0.059853076372888,11.85,0,1.872649,0,"V22, V15, V9"
78850.0,1.23084518389514,0.277695167499654,0.343167334306677,1.99914252773429,0.327111613703431,0.996335135173984,-0.411484699192284,0.292440088202785,-0.480805903551099,0.863838328369368,-0.57755533526484,-0.412002915716482,-0.403615246779624,0.311354738760077,0.272286100300185,1.66975517300521,-1.59630125837205,1.25124953400653,-0.275762120089321,-0.107262416321381,0.0737949248302368,0.126387333692759,-0.279778212231943,-1.40708502191665,0.609153901205302,0.18844236428431,0.0008021601482095,0.0015909751663802,10.65,0,3.3749857,0,"V16, V24, V18"
158997.0,2.05409195456264,-0.0062797641604176,-1.3232104445106,0.343313473378356,0.0422244243275287,-1.15698331710339,0.210522242920182,-0.333134483650279,0.562266333639505,0.0068899558389942,-0.391343462924604,0.364190026455241,0.0013782305034634,0.499562976773746,0.761019345537145,-0.29365807995694,-0.393869724985685,-0.144075995503835,-0.357323469207883,-0.223444870606367,0.264335617011503,0.882695492281529,0.0788313825996655,1.1820237841115,0.23696333738701,-0.167562527103275,-0.0246949896395589,-0.0475387887775217,3.97,0,2.5321126,0,"V24, V22, V3"
47573.0,0.412862481444042,-2.36940315281553,0.599699832310151,-0.230853901913073,-1.34208309317515,1.79238019172326,-1.06665485856693,0.653104936310071,0.346633766839331,0.0651357227657108,-0.156112622122084,-0.812851500131621,-1.76997805312818,-0.347445885031455,0.656412998981824,-0.39094822974715,2.0093692316074,-3.18543798972656,-0.745351612117979,0.575630227717931,0.332981924855562,0.328653744511699,-0.182662265949065,-0.968429811930004,-0.133124483738139,-0.149947715834061,0.04122252076488,0.0732579994776625,393.12,0,3.7985282,0,"V13, Amount, V20"
150990.0,-0.688267151084337,1.48256263237435,-1.32254460363437,-0.71563352012644,1.36348452430293,-1.95485690277591,1.82215545146132,-0.643664909741874,-0.464635294837731,-0.256580330156324,-0.358928988892916,-0.0258108090624864,0.516608957890704,-0.88051257959042,-0.233901972484364,-0.105670677872064,0.46367749037775,-0.134780116036718,-0.422423642463831,-0.014738502629112,0.117192576446318,0.717363835834753,-0.072487976108025,0.0372014925876349,-0.345221723417487,0.633293207836159,0.281247851520699,0.312543137547114,17.75,0,3.4508612,0,"V26, V7, V14"
42260.0,-1.15535145888128,0.34288625628021,1.14915574321988,-1.92777984131408,0.0269474965620303,-0.390127307023284,0.358320789629845,0.0695141619365568,-1.23209299433496,0.57250976085217,1.24750196399619,0.0856560859474337,-0.0832714046150216,-0.298772363486914,-1.35963906407199,0.593260941445633,0.32879757587209,-1.58996955669849,0.039655783214304,0.223355186045818,0.231738922954702,0.813261581453933,-0.34855409022194,0.0578228642966512,0.511202876220316,-0.203396593892441,0.273364761172643,0.243022189141901,28.0,0,2.9477682,0,"V16, V27, V28"
86493.0,2.29145165495756,-1.37504676308121,-1.69343366439423,-1.87155281797546,-0.624155102405536,-0.349745901978741,-0.899210069180535,-0.142255123549384,-1.72256222189859,1.85910237736895,0.236703906222548,-0.799197836715256,-0.139345071950329,0.164371469575582,-0.367648898348156,-0.209983532594702,-0.0253488095352484,0.832403608155909,0.160965470932222,-0.371529516646181,0.0894701818328717,0.589236127457508,0.0114772235817366,0.193987398006103,0.121683898493401,0.0491979295406178,-0.0317260336691327,-0.0662996387211497,40.0,0,1.3024019,0,"V18, V3, V24"
118757.0,1.92422111609533,-0.0672481222579929,-2.65599578131289,0.650897973273051,0.777193695502418,-0.596315459863573,0.258626820709058,-0.123245262167554,1.13035519095314,-1.06639274606724,-1.33739273666078,-1.02566495337632,-1.67024413007422,-1.82136252450112,0.100602545993205,0.402736911760185,1.44455824056251,0.950537723671362,0.204152479542557,-0.0686962815301007,-0.203264293696561,-0.582720062304373,-0.0522329626599244,-0.246435647961596,0.225984325553904,-0.283550653748551,-0.0143281289518588,0.0035070707393705,90.7,0,3.5463514,0,"V13, Amount, V11"
161982.0,-0.49242162892461,0.95384572791279,0.733303109798758,1.09385861417706,0.2651418176076,0.392833955104953,0.172087017599441,0.51598436840569,-0.0103319107442622,-0.714494168379648,-2.11135725976146,0.552961162185066,0.582169117688702,-0.110351848691248,-1.0210056973125,-0.636147080776228,0.192273340773345,-0.453514908892966,1.42500400895918,-0.0850018286236839,-0.392618761253623,-0.985995945123013,0.112395727765273,-0.82883382757849,-0.683827792225828,-0.959320481414607,0.147278978967593,0.125610925779617,14.99,0,3.8711417,0,"V26, V15, V22"
37110.0,-2.64318493656513,-0.69494862833757,2.09355189257564,1.13018265398882,0.297207548297893,0.700056279448726,-0.529340884275525,0.867881993485825,0.155505026753833,0.104864253677555,1.27803085671695,0.594081384627894,-0.523517559562924,0.0219258373353172,0.845463538788133,-0.408822982956901,0.248705985677438,0.175793917293134,0.0916354593373738,-0.0029518144415344,0.087415037449606,1.06750867231082,1.04148632952587,-0.296668318687896,0.589786835981817,-0.0282868517837923,0.432019695228047,-0.257634449730699,61.02,0,9.600076,0,"V23, V27, V22"
62705.0,-2.77732989693028,-1.18949607985353,1.06630529026689,-0.0708614271939548,-1.15178790816159,0.468151194844816,0.128668131713123,-0.618716453798446,1.06237592101761,-0.258880258888953,0.260478773604192,0.0533752567294083,-1.53864735487327,-0.321825831140433,-0.786780440812282,0.462918383144235,-0.156241638368883,0.280809652314307,1.2790076070209,-1.80688301604758,0.101554660962963,-0.316575950771632,1.29050374140615,0.0708612206000517,0.041392434355803,0.971921779071612,0.139563977849409,-0.747988821243516,222.87,0,8.306379,0,"V28, V20, V23"
32190.0,1.24635533083242,-0.150586881990406,0.320477032216587,0.454299665895636,-0.473287819097902,-0.376243430756666,-0.157872984472906,-0.0779145737770426,0.780942267338693,-0.303995285231387,-1.25764726328869,0.214281381705433,-0.155073470158299,-0.19369597744006,-0.278706884217174,-0.226035389002952,-0.0475380221863485,-0.413325930756387,0.517954266988413,-0.0713903475955927,-0.124928580665738,-0.150928383386993,-0.158511633071601,-0.0806281681737952,0.59764425237082,0.70371783131354,-0.0383722526086055,0.0038291672886688,23.0,0,1.6676083,0,"V25, V15, V19"
130172.0,2.12636067734558,-1.39391401279468,-2.54008221157443,-1.41962688570432,-0.492350587641221,-1.66309485682829,0.18004999336736,-0.664041371545046,-2.05665218338749,1.70022654401534,-0.751196658612039,-1.25553103957718,-0.529920764353014,0.463106773042293,-0.584344855548713,-1.47799371860685,0.963409730578755,-0.393461874315453,-0.176637892419939,-0.22720193877593,0.209238972174368,0.780918427150499,-0.179202337705296,1.19368238398791,0.550785522468592,0.230623878491189,-0.104401073252719,-0.0549925662654891,149.79,0,3.093634,0,"V24, V13, V17"
124522.0,2.00040801598536,-0.344450501720615,-1.3300893746491,0.259129396678741,-0.00572204262645,-0.438774213211945,-0.115995735304222,0.0648655355271846,0.687466224518486,0.280957756995932,0.495966117722409,-0.214780091031032,-2.59435663054135,0.93585689275288,-0.557862938620649,0.0143473212658323,-0.252036060734198,-0.150180772600964,0.440388100838798,-0.339663496821253,-0.219952187088547,-0.669769797014095,0.34002941429954,0.649602616025165,-0.312059911399954,0.233581529974957,-0.0968567371935241,-0.070627747584291,11.34,0,2.6564953,0,"V13, V24, V12"
32868.0,0.553959358883184,1.93972175057218,-1.66016032092366,1.74260777503885,0.712467590170419,-2.17831107587492,1.01044410295982,-0.348347929175909,-0.304594373020759,-0.904362411391179,1.34141229285929,-0.0773309624044421,0.440615582881389,-3.70820802429334,0.978866557513989,0.626743304879386,2.96877529251446,1.23517775660753,-0.648518905020271,0.253260054209587,-0.133660031420376,-0.03048442150499,0.148387636903418,0.586988561285945,-0.456381391279051,-0.432049865585288,0.368106919263203,0.08150940978277,0.49,0,3.8157034,0,"V11, V6, V24"
143236.0,0.0190321381802106,0.902348509940203,-1.05197748044029,-0.0671885029835312,0.12284550450194,-0.965182876639881,0.738561735006741,0.240076664415851,-0.474136812324407,-1.03272238456864,1.19036913376481,0.715767028402922,0.0651908584600149,-0.3313921963917,-0.0213315302189386,0.330000413221183,0.411228248211811,1.1049911960426,-0.0850112061395,-0.0693802290479529,0.436676729496066,1.10426673868068,0.0883607442711487,-0.0572429639276641,-0.290586497247188,-0.172322267399656,-0.0944131726929556,-0.0508501881313267,85.0,0,2.9793453,0,"V22, Amount, V17"
141320.0,-6.35233691096656,-2.37033515007664,-4.87539667887196,2.33504453116197,-0.809554897212021,-0.413647316208307,-4.08230817063438,2.23908947335972,-1.98635950470675,-5.16533081830893,2.94293916487767,-4.12572224190365,-0.433094395260294,-3.5181311704857,0.420777387095712,-5.10447983930312,-7.9253889983055,-3.41570671508705,0.71833237368083,0.186898304507656,1.32521840044042,1.22674487561089,-1.4852168616857,-1.47073226048821,-0.240053392971609,0.112972036960476,0.910590643802817,-0.650943712766886,195.66,1,274.6076,1,"V17, V10, V18"
165218.0,2.04403332143307,0.542144622020751,-2.41106180046469,0.759472997241043,0.548612152129091,-1.69961076983803,0.325929965655096,-0.352532603608193,0.588054088377546,-1.1927323262464,0.0979462449780785,-0.503458410595843,-0.518914947066293,-2.43207448282894,1.17834615605543,0.756895464712172,1.8294410890936,1.26650472291546,-0.740327462592323,-0.190249410004983,0.0928949737068791,0.454330521098688,-0.0434534360465004,-0.312084286869604,0.235209459255905,-0.0914417285758377,0.0198936388867116,0.0054812705596016,1.0,0,2.3161318,0,"V22, Amount, V17"
68536.0,1.24945426842194,-0.065278361671711,0.202612702288265,0.457856120708577,-0.0484099485687123,0.334611335705073,-0.248510506907939,0.136137994098848,0.3872687391812,-0.0342645423661043,-0.0354553144693877,0.668059233453415,-0.147952526088578,0.0599687705015256,-0.727143349565406,0.362415981187326,-0.66297786473148,0.181358560632604,0.949665395425202,-0.0722522379995697,-0.322627380051906,-0.817267899757736,-0.0826503729226435,-0.827508607712955,0.451965480131551,0.236006765798925,-0.0233432174261748,-0.0043733248922488,12.95,0,1.4156833,0,"V19, V15, V25"
128018.0,-2.36573624162531,2.55592320047301,-2.17185763217615,-0.346290089716577,-0.611192086569059,-1.30889119407447,-0.192228926979797,0.974105748013119,0.335567847531137,0.286702606197389,0.840698727366584,0.538175803906737,-0.704393937321405,-0.0691473561037899,0.0605666225294015,0.508777345262837,0.776391003245713,1.30929875458527,-0.0416792105500246,-0.0907012481104945,0.427624531566378,0.948633691460719,-0.0243413874949581,-0.0293105917372926,-0.245052773128142,-0.221346524696809,-0.516912851347037,0.238838701568282,20.29,0,3.8166776,0,"V27, V28, V18"
77281.0,-0.822806250703778,0.377242446306679,1.47551799173288,0.261733261969556,0.841987028092922,-0.623549648454675,0.913040825405507,-0.226342701246619,-0.22913698158211,-0.256345259344056,-0.29977662050432,-0.0969947000287775,-0.260609645132667,0.0020571891975225,0.575343645510229,-0.0021397316033054,-0.556629849864784,-0.711218516273407,-1.22662340029191,-0.25292985082132,-0.138890021538444,-0.16029636193152,0.379907987530615,0.0196575444291602,-0.0372467400461995,-0.708861355489215,-0.170055614580766,-0.235093909475467,7.31,0,3.1070704,0,"V28, V19, V23"
138482.0,-8.36762104254647,7.40296888494809,-5.11419088004275,-2.96679166091388,-0.985903549603496,-1.66001843058257,0.397816063127482,1.00824987949268,5.29097636438589,9.31573533289399,1.09370428065813,0.773894214453917,-0.915873318208166,-0.655671040370137,-0.343804356794925,-0.923648826687675,-0.582233839880017,-0.226300114782441,-0.750794731408294,3.58929926415392,-0.557927366058292,0.349087387347969,0.301734313964064,0.662330163340221,1.14593883686537,-0.0122725509764397,1.51373647518166,0.669503956598976,0.69,0,3.1180086,0,"V24, Amount, V4"
129136.0,2.05310275540061,-0.171790481215412,-1.53200491962149,0.454125339918839,0.006596794005227,-1.05985355182374,0.147409456935432,-0.228755832376132,0.933954365889518,0.0126490147336898,-0.8692298486546,-0.497514108205501,-1.86853366471221,0.751315195330575,0.323308404298323,-0.671381456865493,0.0110730253898747,-0.0609671826183554,-0.273407602226535,-0.362762058837047,0.370593590439786,1.2360454220647,-0.047637947138167,1.11732737091502,0.449830102351624,0.0664109013104729,-0.0373364012350574,-0.0614041720721336,1.6,0,4.216449,0,"V24, V13, V22"
48521.0,0.138170263344654,-0.0379888895733876,0.0255445107578969,-1.81947794240962,-0.632629719297,-0.0965213648898127,-0.499712326276846,-0.0746607043871978,-2.21424245595126,1.56909852848323,-1.72067306192948,-0.81052368192314,2.13840734697046,-0.670277975178169,0.504655072151765,-0.367726470112042,0.136283798989104,0.497346055862523,0.954416007095794,-0.248843047746952,-0.102061528715276,0.220856766781747,0.0767376391260534,-0.993403679004502,-1.01758668832541,-0.309484889374296,-0.299799261454587,-0.133205826993178,20.0,0,3.919872,0,"V27, V24, V28"
40061.0,-2.84447284715026,-1.54010535416231,1.09610334841495,-0.0707637629151198,-1.40155833846989,1.60261441747896,2.39156207832383,-0.0621531422903909,-0.165413207696424,-0.93066827421027,1.40221937557239,0.409151788075038,-0.583735512886885,-0.0786424703924218,-0.03052648443189,0.18562975776209,-0.224193379616518,-0.521401769220447,-0.854116221382736,-0.710511328339275,-0.141874447902754,0.442912490205735,0.855171934520193,-0.237514900397085,0.497064063465886,0.47810466746475,0.147279014074806,0.0932307674900416,593.48,0,4.7897773,0,"V20, V18, V19"
155024.0,2.13841435469801,-0.748092702536277,-1.44634233943204,-0.981242651763447,-0.270288871763466,-0.777968527598592,-0.230416241398661,-0.278669110160837,-0.833233576122788,0.919961091708244,0.882709049594393,0.571572943211178,0.796671983131893,0.012684619193398,-1.02645897175344,0.824073771535836,0.0380464173722417,-1.44758160254878,1.15321942500922,0.0651599233597539,0.0879366620351771,0.242864487301633,0.112739646644543,-0.36312072555023,0.0013844870442186,-0.278501756969285,-0.0413999124411644,-0.0707798054625104,40.0,0,1.2528753,0,"V15, V3, V12"
82593.0,-0.685711123732812,0.26544701348222,0.484290041679983,0.79521164399389,0.684318113547232,0.690264126475963,1.42198697489251,0.0110767985045191,-0.82392417727313,-0.42875185150646,-1.41499970314197,-0.33653932119217,0.451992681295339,0.355842818735637,1.27743479301075,-0.0722460384845181,-0.426197162103389,-0.36127532335286,0.774060719816272,0.559782204043187,-0.256532387659841,-1.19263032223613,0.576551416547443,-1.42012071585078,-0.474311585788055,-0.734529470445131,0.101837402892784,0.176715296931772,227.0,0,5.4078913,0,"V24, V22, V23"
29531.0,-1.06067628419757,2.60857946990866,-2.97167900258071,4.36008935234848,3.73885304346426,-2.72839507263672,1.98761635466291,-0.357344707416169,-2.75753451251209,-2.33593332652232,2.11151686706104,-2.59194964968951,-1.9505893546741,-7.31157981735935,0.0777527657738322,2.29060783198994,6.50927165018434,2.56997142628646,-3.28615008214787,-0.0890615369649179,-0.0631678773494982,-0.207385284031508,-0.183260817119722,-0.103679373403096,0.896178353364318,0.407386872028391,-0.130918311231478,0.192177382137495,0.68,1,23.846706,0,"V19, V17, V14"
62314.0,0.803442153112459,-1.27362354820971,0.424139583899472,0.687839617684741,-1.21203643188551,0.0132444164108757,-0.351997898126138,-0.101138223076828,-0.510869268946456,0.555473242343028,-1.32103453757466,0.106927424254718,0.899418270540867,-0.329883310712955,0.331693506400057,-1.28019384143448,-0.277070868663531,1.59350111495384,-1.00269560165316,0.0641477443173891,-0.106201187881692,-0.260299562325254,-0.366321280923033,-0.133654596665351,0.512365505707536,-0.220337178450558,0.0285487003489839,0.0777026672446317,283.5,0,1.6259477,0,"V4, V23, Amount"
97110.0,-0.396856090733283,1.12775160345275,-0.785711715730454,-0.844374862829778,1.1648644943379,-1.70668030242727,1.62531270122703,-0.561538117369883,1.151516978151,-0.532247701295392,-0.132114767417489,-2.87154136051137,1.00182612904438,2.1577841133451,-0.834022548983068,-0.643425222764609,0.288582029946297,-0.0231219953253613,-0.307356392844223,0.00409809090498,0.0516236237762353,0.656505885498428,-0.157066646996453,-0.131743653409727,-0.252233056198867,0.0648438413911684,0.475778313554616,0.33955670291445,32.19,0,3.5765004,0,"V27, V12, V14"
131566.0,1.48928667232506,-1.03655517731031,-2.6563957195396,0.477059907011497,0.534840216322712,-0.709813114923196,1.07911040014449,-0.490285945314132,0.163732681092454,0.0010554189308439,-1.23628267260894,0.0119302353295293,-0.134006650251048,0.658348205014684,-0.155403739548742,-0.496317722565301,-0.203818797027781,-0.594403168405521,0.131706353830665,0.48294980191958,0.274944583608169,0.186312331393373,-0.346342202503295,0.364499315182861,0.311823962874599,0.674803145578033,-0.18132459023371,-0.0237194016190894,345.54,0,2.6014538,0,"Amount, V3, V20"
160074.0,-0.865518782849483,0.827344785382003,1.10388390698705,-1.4615517156682,1.47038334317431,1.07763962052794,0.957430668169355,0.404488932297551,-0.803009456618619,-1.07506940909955,1.12789714532705,0.850658850656519,-0.128260815891675,0.381867920591691,-0.417951160906152,-0.579015332156883,0.0054077478861891,-1.61896236634815,-1.12202272570382,-0.220969048957392,-0.175592568649857,-0.452537247898937,-0.301510242229123,-1.41526433810394,0.357828002321453,0.337194787108982,-0.0111909014108291,0.0105789500380999,1.98,0,4.6143637,0,"V18, V24, V19"
51045.0,1.23509303842428,0.191796051036782,0.159649748037669,0.514295586999994,-0.280301043447576,-0.594089197402913,-0.119021801880457,0.0446951087998287,0.0096808763658074,-0.0718327162488293,1.09743782335599,0.0622388322378428,-1.21715548414189,0.171222309608978,0.572876950996751,0.837143995051382,-0.294459047348397,0.477063231766706,0.224356874990711,-0.149360514164551,-0.273653972494476,-0.893980110217859,0.0931481075706828,-0.0756871561871679,0.18182259244307,0.102037192783114,-0.0366143610059785,0.0143083329948908,1.98,0,1.3685647,0,"V18, V22, V13"
37906.0,1.26712606889057,0.138812476210814,-0.361270874373063,0.76520174159252,0.473154291747645,0.280557311796056,0.049585811124234,0.0601475311690452,0.258038004000548,0.0011954125206779,-1.63231297052997,-0.83794195466205,-0.996862054459592,0.580599489858778,1.41007979565949,0.224126102772938,-0.586167889308438,0.0092941494085218,-0.198511421385804,-0.175247975059934,-0.0410259084506533,-0.125496599509175,-0.242294830471822,-1.34850332366203,0.7542186436995,-0.209547842015636,0.0172929366395452,0.002990924243318,20.79,0,2.6573615,0,"V24, V12, V25"
2047.0,1.00985900294787,-0.0472925228256223,0.444477227937539,1.37436616719317,-0.304374681369453,0.0218357178742706,-0.0095493583223386,0.143256613961208,0.11585628251224,0.0408666609586398,1.22832624931164,0.922063484329564,-0.931957872659149,0.423350055457199,-0.728257528706603,-0.547824545489896,0.128364215870095,-0.455285364043667,-0.166715606726415,-0.128305157529799,-0.0141035230604843,0.0118158210790818,-0.0857872231954169,0.215921406266997,0.563785035115788,-0.345337169975962,0.0224347497597091,0.0150596269486972,58.57,0,1.6104174,0,"V15, V17, V16"
128266.0,-0.573997839659082,0.353101793858942,-0.07838135011382,-2.2857452833709,1.59628480869575,-0.882091211560298,1.10418603357973,-0.400053238705086,-2.20660651604222,-0.0914325859595364,-1.26127562390752,-0.869878524366415,1.05051770493605,0.0228770745638419,-0.357689668345745,0.584524005402477,-0.0022247342359333,-1.38815139311249,0.930305584176811,0.288095991941694,0.329362969868209,0.759220353415513,-0.708447980681076,0.125236709350665,1.4212346055839,0.209321870150827,-0.0648827942441824,0.0265563170036605,9.0,0,4.9375715,0,"V25, V5, V9"
34683.0,-0.217063882191669,1.32355244311957,0.293209719115148,0.733879937039186,0.269973384078597,-0.958377922458996,1.02007119145072,-0.269178266510659,-0.110680553820911,1.23413857547651,1.29800916542144,0.072880701651244,-1.25478327053676,0.569173543026797,0.127236727424311,-0.49603431467472,-0.382160598483612,0.37957243047297,0.545575037742095,0.310693025634001,0.0761518952472956,0.653975496587825,0.0184409154617089,0.514117808665259,-0.730330165396547,-0.461500584458818,0.475962693371219,0.116679801938227,0.89,0,3.001495,0,"V10, V27, Amount"
73379.0,-0.1445000248783,-2.19401242095165,0.387883940810275,1.67699309418303,-1.26374829263473,0.923204257008906,0.0554593153076834,0.271891354312239,0.536927003257351,-0.235852144208532,0.78367067185386,0.5086516141486,-0.873521914088232,0.310111492128381,0.355060976747946,0.447335693598967,-0.434057557655859,0.477456562932616,-0.561159478502572,1.10189754675456,0.427658874323756,-0.134175793156992,-0.578528321866809,-0.297845269314314,0.0538882523385978,-0.416946520838113,-0.0481208295922594,0.131802790675508,650.0,0,1.3659902,0,"V19, V6, V4"
133454.0,1.96428377233645,-0.347786299693916,-1.62497406313505,0.0868431103278893,0.388752275864816,-0.110621673937374,0.064916453388002,0.0005713578106935,0.876537648524667,-0.0513430545754868,0.0884408464906956,0.462238406010664,-1.15580329935483,0.702756427532584,-0.468832061039711,-0.120152768663762,-0.652325278284755,0.281837754305418,0.824484176646168,-0.186242340266136,-0.210605850778908,-0.623843097345961,0.160928845749078,0.0236736477820974,0.0392233299100376,-0.872982211441519,-0.0108720202883353,-0.0511543992118397,50.0,0,2.4961276,0,"V26, V19, V3"
125434.0,2.01420418888143,-0.226144543710232,-1.11483227947157,1.38681123506792,0.282044192734358,0.409642574365082,-0.208065498168925,0.125812155231314,1.36769952520035,0.0246981387252492,-2.30041791338675,-0.268396461931011,-1.56933013370074,-0.0137830294436602,-1.45943914432629,-0.604357275068631,0.0227142425484385,-0.551864838677369,0.513423143128348,-0.362387013125908,-0.403551352532173,-0.847455235350744,0.210735408829441,-0.048015751788307,0.110630731604784,-0.80135836479139,0.0281442496703801,-0.0477981447955837,2.49,0,4.9802423,0,"V15, V11, Amount"
147047.0,1.79551530490424,-0.580731505821645,-0.324200432237962,0.59597462906339,-0.912206980891914,-0.982320196795124,-0.178212276918332,-0.191434095279886,1.01052364275062,-0.117294320708291,-0.480579843983772,0.852141652504596,0.252454358380546,-0.146105601999326,-0.22387515641588,-0.0572935452637461,-0.100760558017583,-1.00960183552881,0.0657420100607081,-0.0153689924938976,-0.343706528538701,-1.01638056550008,0.448929051912675,0.453434275629805,-0.708441605325537,0.105813228572293,-0.0576822177217038,-0.0255488483680314,100.0,0,2.5072365,0,"Amount, V25, V22"
166227.0,1.7444887903807,0.122782061651933,0.33793168771501,3.81030263230174,-0.328915922554036,0.603914448155717,-0.585590104249784,0.256749252456502,-0.555094466718704,1.51207512077409,0.459187286080032,0.64218109243488,0.162782657044586,-0.091026538274605,-1.25954855633132,1.30314439365981,-1.08756209694546,0.398946582533994,-1.56809230005557,-0.203594842536356,0.257574732444495,0.766856385261773,0.162000466982743,0.0010419165223329,-0.299181203196009,0.0048858457472627,0.0111186911349689,-0.0347473529580532,37.92,0,1.501349,0,"V22, V19, V25"
135111.0,-0.110526670144515,0.991117946294141,-0.310421462949202,-0.398533973256975,1.53389870111225,-0.769780193206717,1.01847284493752,-0.296393663249705,-0.471962647371148,-1.15803072866981,-1.1313223269403,0.170521594049038,1.70341524096641,-1.19065260058391,0.733457374299763,0.247374386597261,0.0455930083945018,0.844806012880538,0.312258008009031,0.128083497444539,0.19793281635053,0.691535149556566,-0.546706900014247,-1.0211240265485,0.650898350045391,0.0518731017879524,0.0339737711167042,0.0261729892037548,2.83,0,3.6948323,0,"V24, V13, V22"
75021.0,-0.836566865509872,0.469390252840338,-0.648560467156951,-3.11582989329242,2.02640708758616,3.01166853831555,0.0908903286095983,1.24632124969673,0.550433062264194,-1.99402895417072,-0.572166578516051,0.486388226208521,-0.264297969024521,0.498661796262959,0.205322614370447,-0.163808304517487,-0.636408492777139,0.250139471739109,0.383315649355773,-0.0965925620464041,-0.0779629043700763,-0.445949104675617,-0.0713674372293357,0.980188808135963,0.296587014166477,-1.02535053134189,0.0072982175578012,0.0651289135231587,46.98,0,5.454917,0,"V4, V10, V26"
83623.0,-1.95315786689869,1.35420116221258,0.584486513782085,-1.04405024405902,0.659075849393396,0.271192730481597,0.323535643568388,0.509602497033603,0.169858758287645,0.62012925618738,0.318644812642011,0.164002360430651,-0.456402411545202,0.243976968892735,0.188332138633139,0.718165008795051,-0.993540522635331,0.0075227275945213,-0.391448178317517,0.228400341147656,-0.344038003066526,-0.738552734867651,-0.33167222126391,-1.18273189591876,0.0278524510873325,0.0194032838598551,0.266085207838813,-0.0504040982754378,8.92,0,3.2243752,0,"V24, V10, V19"
43273.0,-2.43024227134589,0.523806513224801,1.68515785317159,-0.309997046363301,-0.191144258905463,-0.227427737369181,0.714432652692608,-0.195215779079906,2.09014172602441,1.31910775222593,-0.5512778590373,-0.214923067575339,-1.41971906572987,-1.24442677824755,-0.965673064589744,-0.889410474117436,0.169970802523693,-1.12650562208441,-0.741770164064694,0.302277196970006,-0.440375588247737,0.168479980393626,0.0994151938425977,0.415315327045929,0.217480672793598,0.356858928552943,0.346479652326403,0.425094993153805,40.91,0,5.5570507,0,"V9, V28, V10"
164939.0,-0.988844588678368,0.861028534532718,1.23935332111991,-0.747236627071868,-0.0214545120586325,0.51012782002984,0.16240263562939,0.681408010730934,-0.295260180111849,-1.06406009473411,-0.338815825837679,0.0996327637687345,-0.407482883271959,0.551287480136235,0.412690465540676,0.765854340105864,-0.913457892766724,1.10451515609762,1.01555503063048,-0.0146289852305125,-0.0929891711269372,-0.533055790613565,-0.240219739728843,-1.15773763929376,0.42039947447838,-0.359011760824614,-0.0763311320279612,-0.005977624926261,51.81,0,2.4939804,0,"V19, V18, Amount"
148157.0,-0.995921985647338,0.616805010625189,-0.519782657601457,0.533149221656831,0.343078580840412,-1.94566034968488,0.969814034129159,-0.129773339740267,0.187376023553262,-1.49036547001151,0.0101016649844272,-0.392077907177676,-1.4039038811601,-1.66511412429368,-0.323026434972602,-0.349280710216474,2.08277979207852,0.466430668058116,-0.0614002344386994,-0.143054883398024,0.0331883540658666,0.206815686938195,-0.072862298676427,0.758637652604237,-0.687896416356547,-0.443523545822247,-0.129651974783413,-0.0926050738218078,78.79,0,5.2598057,0,"V17, V13, V6"
136095.0,-1.18887593523453,1.32092044167034,-0.60707587221303,1.03134367072366,2.06152435812846,-0.431422112349778,0.90140119169076,0.253573669693919,-1.36569379516902,-1.26522521652657,-1.20261694850132,-0.0696233418646032,0.783225010133713,-0.895925403032359,0.0071749679798238,-0.425649471364082,1.30144353191552,0.497036294156422,0.95664353080699,0.203415153328776,0.0262576365175735,-0.0778552138811174,-0.669962564608725,-0.0499605412166402,1.2675172894453,-0.181900464007506,-0.0480332808336573,-0.0750369521887012,1.0,0,6.724837,0,"V25, Amount, V5"
123848.0,2.13276296379639,-1.4189528980029,-1.60910435968882,-1.71836845379241,-0.77592483875474,-0.761441374941894,-0.569878180253559,-0.262463871167553,-2.01578117054497,1.79403886821014,0.950400379103436,-0.228408663894389,0.270268677877536,0.233343640321494,-0.553537196055865,-0.424096370571972,0.207385071793196,0.118976111561093,0.16577583850869,-0.23018313293288,-0.210034123239022,-0.470886505115313,0.246469288325367,0.71977708947712,-0.229452858174769,-0.378092756535736,-0.0486222756007476,-0.0445667495919825,104.15,0,1.7576234,0,"V24, V3, V22"
127548.0,-1.71379754549811,-1.47519292750779,-1.08232205407194,-0.472357717666594,-5.27825855581517,2.58877500641846,5.89883783652114,-1.00182780960476,-0.0340071394490655,-1.58411453962345,-1.16200778616007,-1.24779020668872,-0.798741806537948,-0.0451113383983736,0.702309776653658,0.492515753367007,-0.389319016396694,0.402471071088614,0.179538157531413,0.12040164570458,0.336561094034797,1.34001581597253,0.56728434249585,-0.0075277884938282,0.0118362251316219,1.66737867111894,0.510131492297981,-0.233636428762946,1376.56,0,11.869331,0,"V23, V27, V26"
79842.0,-0.548476719823472,0.525083906350473,-0.894278386803902,-0.471375387432832,1.82189717067547,3.62471116321949,0.22005429464416,1.26852375042392,-0.697548748215689,-0.631792256003117,-0.486452899752023,-0.0796242953299156,0.0276546646022802,0.659752212528906,0.863912487772648,0.567502384619098,-0.831378008615214,0.549939578290526,0.0348447972383346,0.205824830739839,0.135290002345614,-0.128233019306286,0.297550700873725,0.960711980309185,-0.0022883372327338,-0.514818802679559,-0.0942682916631564,-0.0115450530325796,147.97,0,1.8134599,0,"Amount, V3, V18"
83998.0,0.846656753858858,-1.28714274930005,0.589068138770518,-0.978233245334504,-1.16372843665099,0.217183864581907,-0.516713931607578,0.076812825137046,2.25893248626354,-1.51079576655257,-0.787051025493837,1.62836191474391,1.09394180814865,-0.854850512753667,-0.081439644461005,-1.34056328345007,0.566262848931701,-0.629915291920025,0.880199969084861,0.341188961805143,0.130798014007338,0.527377794226193,-0.355529110525117,-0.130380866833331,0.586653041370071,0.197821949846594,0.0457806501666741,0.0485223777422165,200.0,0,6.667722,0,"V4, V16, V10"
36559.0,-0.369464377727015,0.827828706181393,-0.479490680872852,-0.108749343154767,2.64081391225697,3.51968173916343,0.47929614327395,0.720434022595547,-0.916694022196737,-0.0102188525624755,-0.235499054782035,-0.340303893865833,-0.0539049204496259,0.556377863014358,1.28300670881704,-0.240760010956287,-0.504039246174389,0.438706111141427,1.2141902640143,0.153331686393517,0.0477211054695378,-0.001055942532225,-0.20292404006265,1.01007534031806,0.0648878882516223,-0.283593639243821,0.0339573727858952,0.136623217709811,50.83,0,1.1726813,0,"V19, Amount, V7"
87758.0,1.9947973981922,-0.199706447079318,-0.414722590595382,0.316304858981353,-0.276763583707814,-0.185664081860844,-0.431396706512359,-0.0438915413894083,1.05847686295301,-0.218325351252551,-0.591337337801791,1.23077719891508,1.51688446424686,-0.327030606836951,0.593508944637412,0.111836538594736,-0.610943148462684,-0.401294556430367,-0.122516988813833,-0.11662617953169,-0.169151661472335,-0.2928766382327,0.393310013118075,0.665553589230669,-0.368938317699794,-0.654159362227501,0.042851048708742,-0.0221255507205403,4.99,0,2.1210732,0,"V13, V24, V25"
84460.0,1.23004761759915,-0.50571653695589,0.742668015993802,-0.91849646426081,-1.08317248591189,-0.311725417382076,-0.773837894905643,0.213930801484924,1.7891172480134,-0.871414489077711,0.689871074390672,0.596715728273559,-1.38618755968374,0.289005984242715,0.745506370956225,-0.0716433866479995,-0.459540003528938,0.9714674704906,0.999434967142119,-0.187280426730047,-0.0011955384656965,0.147195966544065,-0.0797173221613839,-0.06575381778973,0.47648331046837,-0.675737278740503,0.0806456857667056,0.0183652881430524,1.0,0,5.7606797,0,"V19, V9, V4"
171263.0,-0.0678575124678282,0.982120128395273,-0.495223233696333,-0.825411887830042,1.06883661273014,-1.4134949744986,1.46183586958884,-0.435745605677669,-0.273808780142515,-1.35081571724218,-0.571352622390361,0.554398219098172,1.47979622746397,-1.1487146113898,-0.175657446533519,0.36411774503191,-0.116789012045953,0.473905705459624,-1.15484310627204,-0.0499814193685781,0.399474853934564,1.25320843432897,-0.114953392842831,-0.142487413883504,-0.635083669154622,-0.396770345766029,0.246429080477075,0.283928058215171,42.81,0,4.5466313,0,"V22, V19, V13"
139491.0,2.12113740151402,-0.147561248565835,-1.52151256480554,0.184394760587036,0.298085695844302,-0.631786340826204,0.128348412024855,-0.233702100123472,0.709479940621582,0.0903928187787138,-1.78058745336325,-0.246791343195482,-0.396915198080536,0.342916584020934,0.187611907666509,0.229114859697959,-0.628916909769519,-0.449985283325367,0.539945552888585,-0.217354866017146,-0.360658056460993,-0.947078979395539,0.213114368463571,-1.02094157173777,-0.184104158189846,0.261786188686199,-0.0776668630850854,-0.0706092307007639,8.99,0,1.7309699,0,"V24, V3, V11"
123274.0,2.2813338947285,-0.567735476134222,-2.47828805296608,-1.25704682957667,0.515487127347718,-0.8085652935422,0.164174106203831,-0.40653548496713,-1.17743877266124,1.08834222315157,0.20699803103486,-0.246146448217592,0.233490152936359,0.496006166673598,-0.657127903780575,0.881340443149125,-0.236682015883832,-0.960384447876438,1.27699403775934,0.0087399464736814,0.340409899683609,0.960069171859153,-0.217953777642242,-1.08951535790328,0.54922835565919,0.13159939165733,-0.0821698555972196,-0.100884030649609,22.5,0,1.7088194,0,"V24, V3, V5"
73653.0,1.15586909206065,0.0403548260771802,0.557581177211669,0.519308193756435,-0.474177203630402,-0.350865840410661,-0.217042580531224,0.154177769891211,0.0007514098910797,0.103290108762349,1.62385707958567,0.391158757809747,-1.36553616606487,0.783414986334528,0.737620193486491,0.219712975158315,-0.233118614198862,-0.373142557964928,-0.254755061862846,-0.216256190657453,-0.181518000621829,-0.606931360559181,0.195966474255679,0.176798609435842,0.0346147389055903,0.0991871753255723,-0.0264749859460286,0.0044475892489796,3.27,0,1.3843788,0,"V11, V13, V15"
140474.0,-0.436950773743181,0.857793011393158,0.524164905619791,0.995120889657358,0.158687504265081,0.83000554130131,0.109174435227819,0.716756794911181,0.284944691350128,-0.683461371686114,-2.4481887530788,-0.636932726581795,-1.57192426018703,0.303688253671533,-0.747195574929177,-0.518464112745229,0.307203876726964,-0.163978218850006,1.42698616976352,-0.180895565563429,-0.417368358368647,-1.20014017063715,0.235675630584071,-0.0931703139638327,-0.734731655264441,-0.989125923609761,0.118057755202186,0.149443295647048,37.8,0,5.638439,0,"V11, V22, V26"
46606.0,-0.527560108946284,0.777753750720439,1.59756222085465,-0.211672924250624,1.12262513514518,0.590175607498446,0.904584562849664,-0.0629720731925356,-0.330278133586148,-0.511190522188693,-0.158015480371411,1.06895761131326,1.25988105651022,-0.543096497133538,-1.49652349125168,0.282853997565553,-1.21222930862902,0.308802168364648,0.37599674479951,0.0725309810671974,-0.237237453548815,-0.393943364505921,-0.39529302202929,-1.02448008236493,0.317974551273651,-0.63444134465092,-0.0566755977563311,-0.130252754738595,8.65,0,3.2987177,0,"V15, V13, V14"
29099.0,-0.914887026853054,0.519057251775784,1.77288397353386,-0.627186386957097,0.680200149924831,-0.581051160688457,0.9494569844636,-0.044855681631628,-0.678177022276248,-0.264545013892393,1.85601796004555,0.814733802235222,-0.164322597154398,0.238795120720227,-0.038568814834354,0.146712315521611,-0.550706608206934,-0.85963548534269,-0.604037575599569,0.243918289666698,-0.43136071745222,-1.27631114758186,0.140575268248762,0.161897177243129,0.0872597103401522,-0.111598976559681,-0.0324227532429001,-0.194140292264565,38.9,0,4.1604776,0,"V11, V22, V18"
11064.0,1.22341382242994,-0.008173155225696,1.00260132325981,0.404190730378109,-1.0116944672251,-1.02615155683749,-0.446720045314529,-0.208838219843999,1.7518218189303,-0.513341739715635,0.890717177152145,-2.39220689221813,1.48394748570189,1.54406907785172,0.583736002740645,0.403961021166788,0.426954057174891,0.0797864797030229,-0.524449885936058,-0.107233269274361,-0.0479774233178734,0.108253661105776,0.028293944372972,0.734474910724201,0.155161937031448,1.01130453830866,-0.0906794812606015,0.0086995014937062,15.95,0,2.2202938,0,"V26, V12, V24"
164916.0,-3.34397465058615,3.10171278461094,-0.592457558462466,-1.5954676127827,-0.184374399967817,-0.570576617476822,0.389000476213631,-0.084027928534502,3.04222437181011,2.61637235209038,-0.880624455596782,-0.322484801482355,-0.0213518488157123,-2.56332632732824,0.704799417127579,0.459070562000054,-0.0879850420007698,0.390262142659971,-0.348038718072802,1.19440161426578,-0.581815068159485,-0.873615963832534,-0.0195030242457893,-0.839647265497038,0.245944697345547,-0.37232741944887,-0.64268187441248,-0.3750605259076,1.54,0,3.770814,0,"V14, V27, V9"
83588.0,-0.868440162959587,0.63747034554371,2.02947272558921,-0.112887075372562,-0.929388340653746,0.128103667583435,-0.395650481758183,0.639563910440399,0.322252033534819,-1.05008778703691,-1.56127471661904,-0.13667389624887,-0.476016748859136,-0.209217776836205,-0.0144180394068927,-0.207738167934227,0.470030562820142,-0.104801718345406,1.54384070529217,-0.0026241441477675,-0.167778198412358,-0.424715008633971,-0.179367620184259,-0.0516333575180851,0.0374005492574983,1.11107944019754,-0.107025422038092,-0.0038265617854905,15.29,0,2.89658,0,"V26, V19, V5"
80564.0,0.443501744965518,1.99640123411446,-2.0075168534297,1.79423752835479,0.547794274923171,-2.10375507439686,0.651134343781743,0.0838235962393215,-0.641188078904649,-1.43312343069377,0.980210948904959,-0.0153991840175999,0.497801324302404,-3.32604489166882,0.945388335806052,0.832212557630624,3.07348512390274,1.36176124095867,-0.544849247329211,0.0201591081899317,-0.0755309349013884,-0.0614718546266584,0.168967099821757,0.382855428034764,-0.457028195304083,-0.421197750976677,0.137079458248796,-0.0433614653881279,1.99,0,3.0024583,0,"V17, V11, V6"
103734.0,-1.62350196630732,-0.156217523450288,0.834200031172348,-0.671959767801635,0.334789697130524,0.246266715990613,-0.182491788891777,0.68135462376321,1.12181729528692,-1.13969436073743,0.966361528796467,-2.15211788770292,1.61187151619221,1.79425394974427,-0.837409652791186,1.00473762525228,-0.258656885475676,1.32449323386654,-0.243169970090285,0.446720567208266,0.229440378178122,0.364149260608507,0.0357581099355886,0.169381418754441,-0.0216569065255938,0.609423203308555,0.124942735162181,-0.0054322955338404,130.0,0,3.8125305,0,"V18, Amount, V13"
89439.0,-0.0417909576670422,0.730649765163532,-0.550547994108154,0.398597683780323,1.82659827951865,1.5861845346278,0.544212559405185,0.491347816150411,-0.564295756796629,0.268457763375644,0.591603535498982,0.0935070748557709,-0.668774685081922,0.849994284939997,0.846068707516188,-0.918426515614946,-0.0152764146489886,-0.197518274361355,-0.22240743108656,0.0147713644455132,0.475001770668196,1.59359161481135,-0.037054704012214,-0.94876187595774,-0.967390453040518,-0.356118378047933,0.578438385273479,0.315843170023776,17.55,0,4.5725346,0,"V27, V6, V22"
50440.0,1.50933006563422,-1.27477129875606,0.558095967118752,-1.40099474673542,-1.79983143939807,-0.571949647889521,-1.38740611991095,0.0037978641863209,-1.250137830756,1.48316125429312,-1.31220121495063,-2.16852806346931,-1.38876479648374,-0.114096598424383,1.10387999126889,0.0934685279506006,0.311290748439863,0.724644169294948,-0.243967850407201,-0.412095889181503,-0.109853240406084,-0.0253854231849087,-0.0479060971645985,-0.178655387731652,0.332555241449703,-0.0665440487405492,0.0355907486515604,0.0197965376440555,24.0,0,2.3845725,0,"V13, V12, V18"
59746.0,-0.879295321661536,1.19815779437093,1.39110274134624,1.16749147701346,0.115647890313946,0.281430583215876,0.574535479574374,0.16436872171422,-0.391389537452703,0.465390200384779,1.39251193287287,1.22846217642645,0.313298514574883,-0.0001776414853511,-0.528696090388181,-1.1317544759957,0.400334545408889,-0.350173763912641,0.910048887144365,0.243751246384238,0.0070303152086415,0.442335759141875,-0.155787412614582,0.265449173004674,-0.0912207740698777,-0.262340762112145,0.422723963399987,0.261756653365324,28.55,0,3.1578333,0,"V27, V16, V10"
50016.0,-0.037516380890711,0.859735957574042,1.4493828078862,1.32013664598184,0.451052037878188,0.0563298927610176,0.800408802969707,-0.210371411464171,-0.265040362997267,-0.0198772034295991,-0.467083565722452,0.450693189980729,0.497914907597919,-0.280955239281776,0.0942942826843101,-1.32465167805532,0.456789341180256,-0.781276669185787,0.709531126634943,0.0652651808570755,0.0045208414426778,0.503026945465936,-0.107357254757156,0.120116036613888,-0.575061695162786,-0.346794764961377,0.0841357122627495,-0.0312688350004257,2.0,0,3.0860047,0,"V16, V18, V22"
116205.0,-0.655906901898387,0.365632677255087,-0.635167653167852,-0.429730893539456,1.34610208164624,-0.975781607948147,0.807199296047815,-0.148236513503422,0.194412021433334,-0.569516287747433,-0.898358828282472,-0.315858841909906,-0.165621040216181,-1.06939203252619,-0.13423217626519,0.408145968002329,0.269764829948705,-0.107654857293407,-0.0910001420706986,-0.0746017031333567,-0.360821051365764,-0.852780817074454,0.626463174423046,0.34751862939385,-0.280621296245969,0.117841741835978,-0.0845750609686959,0.220117688993077,0.89,0,4.6361732,0,"V14, V23, V3"
55150.0,0.78171582644016,-1.01339061828091,1.27778503822968,1.06378763999419,-1.43313018226012,0.488683689670943,-0.76641405674054,0.295806085012445,1.26749064837514,-0.32510735061694,0.443221604777597,1.31777561000627,-0.257561833362017,-0.666511382176303,-1.86037530963327,-0.212924198593983,0.072221513769227,0.215350659581704,0.539765190825669,0.230862158317948,0.169426371530307,0.514516574095347,-0.296613496000121,0.436885630667476,0.419326059040146,0.657247227448042,-0.006963546028427,0.0395086604340731,179.0,0,2.0107608,0,"V15, Amount, V26"
60541.0,-1.98233969479814,0.480510882512184,2.72473318709573,2.98102967338667,-0.0873848145751353,1.0214801622761,-0.286950680462793,0.129151719317201,0.0985403127106751,1.57771675953458,-0.217479034285258,-1.18733925659182,-1.76787472343725,-0.366005926345107,1.78976131547849,-0.651439050826634,0.696996365014499,-0.451416035249065,0.0387204485246721,-0.425022216056722,0.0391511838318253,0.814049668097913,0.0527925399260564,0.087821226370682,-0.0949624958761226,0.380467171275967,-0.42992281902034,0.0029661580820344,19.72,0,7.0773,0,"V13, V15, V17"
65060.0,1.14295201082659,0.307591754380646,0.260068479833442,1.08194095627663,-0.0058033844625815,-0.457803210807006,0.263620449570382,-0.171675580764329,-0.208600807288142,-0.0790264706161113,0.0358673975142728,0.920865821342344,1.19748068555362,0.182796396493492,1.04208598149942,-0.296680495696714,-0.215979913527786,-0.74363687714571,-0.74722973787392,-0.0356421462709346,0.087636983721419,0.324483212749578,-0.110937138595589,0.121326181554044,0.644609479565167,-0.306056031335693,0.0323843357617818,0.0248904114862227,34.95,0,1.7880571,0,"V13, V19, V22"
73622.0,0.980937522293203,-0.152100502511841,0.325138028067811,1.34789168430086,-0.260545611088715,0.138531305800218,-0.0105550932839317,0.172623914846279,0.185899976872815,0.0421268205335649,0.978512951954874,0.649331621040343,-1.27867062573446,0.49302276379639,-0.667956840456173,-0.466683291726576,0.0762678234184231,-0.336076293912078,-0.0936253584765712,-0.100938064384594,-0.0185588424947129,-0.0695664852367838,-0.12628168707888,0.0002408777693368,0.5699812235534,-0.333653042700626,0.015417327770844,0.0160287597055139,80.9,0,1.6048012,0,"V15, Amount, V17"
48738.0,1.24926677454049,0.223746611808193,0.357051975937714,1.11665376521452,-0.0303322724313712,-0.0620319090948359,0.0214473977741668,-0.0885723255596438,0.393666474025724,-0.194990158816688,-1.30044276003962,0.749836085821067,1.03936732717528,-0.293861399052699,-0.216757592631072,-0.0907858137372144,-0.426278782025606,-0.390236621548713,0.357823874345091,-0.0588335456424617,-0.297520504056187,-0.630543894672417,-0.0904857975479745,-0.4480515178857,0.664385677265978,-0.477376040388514,0.0432410947617232,0.0212413816877904,10.42,0,1.6211238,0,"V15, V13, V25"
28720.0,1.21806393894989,0.392629268129311,0.449328621828592,0.769220449575994,-0.470124284500157,-1.23852901524351,0.156727255192272,-0.270481672664277,-0.107104012012662,-0.309527040980954,0.356407974996533,0.75134874791107,0.938419047075985,-0.41896532281825,0.986881215468206,0.348560812792183,0.0695241945988045,-0.498045956196574,-0.329011586570317,-0.0253939090220461,-0.252381267055185,-0.711342529562672,0.153177551877519,0.692947970564159,0.195591419961603,0.0707610970105749,-0.0191746849946067,0.0372050981095338,9.99,0,1.5548544,0,"V11, V24, V13"
118733.0,2.13786161525174,-0.710053221698927,-1.28649876925941,-0.644530731758078,-0.41759370041377,-0.642697412226084,-0.398939960511732,-0.214129437437722,-0.823930935460785,1.11680802157079,0.417765140333624,0.537099478117297,0.611649469957003,0.340007290187042,-0.128652720235374,-1.0269493604464,-0.692483281685842,1.66498691975593,-0.527895181492673,-0.527792011564423,-0.197208453265581,-0.0577386071904906,0.115592088746754,-0.470775529958547,-0.159658911420488,0.689771912795377,-0.06214233380364,-0.0715489284343615,24.44,0,1.2895837,0,"V3, V22, V24"
150848.0,-1.16647934953699,-0.7796280592862,-3.17268605711844,-0.228737075783062,-1.07567303931101,-0.645330106555502,4.28809285649359,-0.519688796901312,-1.11143406171159,-1.00614157539818,-1.20259796198896,0.430893987108211,1.15303630359173,0.891232646790303,-1.09995272721658,-0.53370149238206,-0.324891457939462,-0.343956741054389,-0.417769616276139,1.5397518538271,0.962994676133862,1.64075698993486,1.78960082706796,-0.0592272798112041,-0.812941423705583,0.649713246848483,0.0898553312560304,0.371556727084401,788.9,0,11.649733,0,"V23, V13, V7"
151659.0,1.87833058875808,-0.62987530522493,-0.541364996608521,0.135666644117669,-0.560946836371605,-0.163610054521953,-0.585319420737844,0.0307480486900652,0.789397279025514,0.191361990714252,0.532922267241014,0.955409298251306,0.52759771339888,0.033943669067156,0.179775260978985,0.858733247463662,-1.08162032396795,0.678542823672981,0.0676919267908051,-0.0059788382890216,0.240612698088386,0.676865459851354,0.0609974928514209,-0.426923938850031,-0.329771153781987,0.65380731766419,-0.0498495201716007,-0.0515223235479404,71.1,0,1.709137,0,"V22, Amount, V18"
84445.0,0.931165874502454,-0.733271015134044,0.999258929750787,-0.0568983465883013,-0.398762398068788,1.97442097439731,-1.09040830336879,0.822448062192032,1.00036163955682,-0.472069219922325,1.77670163220533,1.37509980337008,-0.675634392706259,-0.13399537185808,0.144017005461398,-1.16253106650431,1.12604973778088,-2.02111508526911,-0.799801572991168,-0.181736311404853,-0.0526085741287065,0.140751376037089,0.178164963613944,-0.943921293269246,-0.234493608778176,1.05231407587703,0.0256906264212898,-0.007053598085185,34.66,0,1.5742469,0,"V26, V17, V3"
155801.0,1.91514156284257,0.494802157587729,-0.71357225049551,3.79561295839204,0.647119295336911,0.460953195368446,0.116230601050375,-0.024259998273857,-0.750218508496283,1.34230012196184,-1.45291354424805,0.210780689687145,0.650365887104081,-0.168891363917627,-1.50968918223913,0.418260243090812,-0.562636529281794,-0.627739516761894,-1.36238815166288,-0.228837559876818,0.0778361766294445,0.405684532007877,0.097073614720813,0.618031621255285,0.177200534083406,0.0712946666241212,-0.0242424786114332,-0.0432770307564568,9.83,0,1.4900049,0,"V15, V24, V3"
41875.0,0.184306570738721,-2.20443834149514,-0.338416192574551,1.03164109876068,0.664330131372269,4.93776583662206,-0.945396660705993,1.19149356878666,1.51681543295637,-0.559834430990628,-1.23335713971878,0.625915271395789,-0.167180944387232,-0.835805658927599,-1.34743783762982,-0.128390294116596,-0.169566028496241,0.326597926295074,0.389751513614752,0.967953811342009,0.179782634690658,-0.254642425861423,-0.570064453332562,1.07085253277874,0.533984935243194,-0.262497100167151,0.0172916696857677,0.118613667285794,506.59,0,2.3154538,0,"V15, V20, V23"
146271.0,1.9002566806959,0.167848526378044,-1.98228655772845,2.80356624183936,2.76943848890635,4.39652328898465,-0.522020851513961,1.00979583817384,-0.784331575046522,1.39896347259029,-0.735535409835852,-0.118316189337415,-0.315237725158072,0.196314248804456,-1.10757249133551,0.375144703758873,-0.591038351161527,-0.645324038079517,-1.46864017960423,-0.237656678356626,0.0722919836178108,0.276063804027462,0.123225285727518,0.696645883049157,0.169338875482223,0.118324801403694,-0.0071508752443138,-0.0575449069546664,4.95,0,1.8734901,0,"V15, V19, V17"
43625.0,-0.589751424013859,0.737919973160432,0.335691356172909,-1.42788769600651,0.318451656932698,-0.490318765319102,0.331457731531883,0.364184248347299,-0.210958154313974,-1.05954257166406,-1.90849628569647,-0.430352574810309,0.0985317754948151,0.342746019789206,0.469691530743944,1.0423681409343,-0.961451705062385,0.0879701086427757,-0.160612694897956,-0.154895888383509,-0.0592922581239434,-0.426124669618573,-0.157839207079587,-0.968716006482917,-0.0657902059649097,0.836876055650214,-0.188727659804828,-0.0661530740211489,17.84,0,2.386664,0,"V26, V24, V16"
153141.0,-0.325090188400158,1.33076562096762,0.361034107899087,3.0603355074369,1.59931060400108,-0.28077891690676,1.41316989959912,-0.0943646920504405,-2.46338691956061,1.0630212696248,0.398273346218836,-0.100901132224847,-0.643554192414449,0.763473977861504,-1.97768618003465,0.172976182894435,-0.557934684981541,-0.115332010123543,-0.812180120535088,-0.104106706349763,0.245312684128039,0.584468814382318,-0.315805052394968,0.0136271562069739,0.486568576921208,0.235114952050322,-0.0495640080380993,-0.0032941157057113,20.28,0,1.6856545,0,"V26, V15, V9"
69056.0,-1.37326296932907,-0.229889691179639,2.59111244633414,0.281461407693607,0.339923192837913,0.454445289982947,-0.431722834353515,0.698587515529997,0.351170105654386,-0.691552515482881,0.134694165061311,-0.598148452166083,-2.81128553665655,0.256314123498538,-0.54810363043795,0.384883082153207,-0.408679722589922,0.534851054876672,-0.681901102658405,-0.0941723054876829,0.0777084381988266,-0.0323454594337627,-0.126277400828274,-0.394139154493945,0.307651708346269,-0.436157618247225,0.0515330481694033,0.0706329484374278,29.4,0,3.1042423,0,"V13, V3, V12"
170359.0,-0.286833210429861,0.862054462350696,-0.466321615619266,-0.501157963465126,1.20394568138339,-0.971002884765024,1.24979154311651,-0.195611527349693,-0.356638831172946,-0.964461147540546,-0.573990526149494,0.0753127600781442,0.500908218112258,-1.10636799817238,-0.332476796279205,0.174188562782244,0.486107819716326,-0.180703673379431,-0.209039054810112,0.242207747728033,-0.194676316927325,-0.525908334854529,0.0818013423283916,0.628782592208401,-0.102527860674354,0.26133825703198,0.22187694992576,0.139076846150631,52.8,0,2.3706698,0,"Amount, V3, V24"
88731.0,2.03291296349019,-0.342909031104016,-0.677206712224516,0.232347861231771,-0.077963210856881,0.26257304543686,-0.571708953853996,-0.0014963447293361,1.29492923712503,-0.214529995632842,-1.43558477409539,0.944783432720193,1.67347908112204,-0.536799172185015,0.41902660330318,0.253139078190939,-0.874149763447438,0.304472995016799,0.0498962521549056,-0.0706073868285033,0.15693981276262,0.737423262429956,0.0429013700606461,0.0946613659947428,0.0681950037658947,-0.207983615135819,0.0444165515126014,-0.0332507312366398,12.99,0,2.591189,0,"V13, V22, V11"
81295.0,-1.34018847604484,1.20082508832354,0.811252037668268,-1.5936038921895,-0.290718134937041,-0.224854283084322,0.0509319012331417,0.585183139189091,0.625823241239968,0.421352495318438,0.938678014467909,0.0094959078155871,-1.41715154352376,0.298344724718023,0.280693946407101,0.690441142629739,-0.666068487424204,-0.0851564623594539,-0.786535096877996,0.246751647938975,-0.166522681565402,-0.255322824653241,0.0274417922350235,-0.318894282697689,-0.20654060286231,0.748572555149915,0.210324731751619,-0.0611536540406949,0.77,0,3.5833244,0,"V26, V19, V10"
39787.0,-1.25001745658527,-0.498464977217362,2.02198245827062,-2.46178557084612,-0.260628033808983,-0.339036903689122,-0.193267761663617,0.314065480363332,1.30513520397751,-1.64124947861144,1.14894570899847,0.834887442432381,-0.888800575813532,-0.0412391767094017,0.295033538999625,-0.280347226009818,-0.30932161380216,0.418469680361245,-0.0303755095217931,-0.116506553081988,0.293772015340388,0.87394284564662,-0.159253382967837,0.072625090982691,0.0967494896984975,-0.0434405873412056,-0.0518565587639041,0.170524573281377,45.0,0,5.3816466,0,"V4, V9, V10"
96359.0,1.91636447992872,-1.07018222146472,-0.591141779112195,-0.244098567646056,-1.35083018095866,-1.5335165696343,-0.529958678279846,-0.49722818456978,1.0506863316852,0.368568753014688,0.918195875721302,-2.61160569551561,1.94341017352431,1.1549562144158,-0.923401097077899,0.490793188796457,1.31451870680416,-1.13792346734187,-0.1449070484233,0.138631486891061,0.558866959271252,1.75629593665093,-0.0918923837068114,0.979751813786964,0.121325839360003,0.1411289070424,-0.0619170526679415,-0.0406973346565959,128.14,0,4.383778,0,"V22, V24, V6"
152192.0,-1.16428498800243,0.106137025143264,-0.399425743024272,-0.471085909058152,2.56414588951556,-1.63573431976584,0.941244534653202,-0.161624515871186,-1.32670830353449,-0.919740680915428,1.30659795140688,0.266593489554314,-0.191722542357251,-0.338206041903929,-0.516451118322066,0.129949137519437,0.390269356975791,0.531960682429378,0.0655654641397183,0.332542387120348,0.196215190732301,0.113341201238716,-0.329469773941283,0.730206903166626,1.26102568948535,0.767789682021181,-0.226331160828488,-0.0527274585260806,28.5,0,6.03391,0,"V25, V5, V24"
53973.0,1.20738083186185,-0.0648048738180036,0.688531793372979,0.959664626543119,-0.0520574620017454,1.08103007856397,-0.615899339071393,0.275526805970767,0.872227967236654,-0.265668480549765,-1.69401136157672,0.498738245361921,0.995980313515295,-0.561634085446618,0.450912085588824,0.158458263932604,-0.519971537503519,-0.146053783973672,-0.0479059385729095,-0.0724648594500135,-0.117813170916048,-0.0554602924665193,-0.157697875268879,-1.3103042953728,0.553245129474234,-0.294687351922754,0.091918903034451,0.0223017898983128,9.99,0,2.9405622,0,"V24, V6, V14"
151006.0,-0.142039949119348,1.06290934212338,0.854371085252844,3.96660083177389,1.56201853486029,3.04556958455339,0.377596162596781,0.69654983196748,-2.27342667638433,1.40225703637977,0.69610879868665,0.306707198172825,0.606506314139668,0.405526182699588,0.613965036322282,-0.525548639654194,0.416778836774085,-0.993514926191782,0.883183056381794,0.311850111763122,-0.232883357635369,-0.734929342271304,0.510224843135812,-1.03730926092004,-1.4831045874532,-0.196248460846398,0.268705455691123,0.223551858979435,76.4,0,7.2794375,0,"V6, V25, V22"
115303.0,-0.15270668873022,-0.168070979250439,0.482951968553795,-2.55574175656553,0.113601932485862,0.34635073618558,-0.238537960473943,0.215221578279064,-0.505396187638121,0.315722489760178,-0.530632347480153,-0.622843454639076,0.0655686486072451,-0.588108743020808,-1.05383196537296,1.93831397739101,-0.865707986720892,-0.242378251032439,0.394261867890292,0.1178208727689,0.279672752275413,0.816491700334309,-0.376784659562993,-1.42885921666589,0.320431340651072,-0.0992958969872845,0.0800549389407106,-0.0013842543611623,19.95,0,3.0034785,0,"V24, V17, V9"
61527.0,-0.370994172111102,0.679242321708428,0.848142316103306,0.640781378184006,0.665910061869825,0.461953325879873,0.99897731309082,0.0223580364366631,-0.31696855206226,-0.578226867936664,-1.36489197556723,0.41335359584377,0.836467000149591,-0.222454002265838,-0.445004921089038,-0.631789252749528,-0.1161522495499,-0.590894557978054,0.0597135153455127,0.0932763150452746,0.0465829603703915,0.270352791235678,-0.0087145050941154,-0.748283144281726,-0.271456566977269,-0.41688676911488,0.191554469521039,0.180850481459577,79.9,0,3.0539622,0,"V24, V15, Amount"
160352.0,1.60602916078619,-1.37385489816662,-1.5523712697423,-0.472741514861214,0.294205472944397,1.51358167422873,-0.382224193830983,0.374435380866118,-0.518723953754008,0.580028503615185,1.25882495356465,1.2499803517538,0.248321082498752,0.461110522101509,0.213951639839236,-2.90722927054983,0.853499197484596,-0.642566187273781,-1.6919325619016,-0.407129960772786,-0.349450075239675,-0.625503006364799,0.252555581076852,-1.81162491303406,-0.522651182531831,-0.424131607129746,0.0496403335811767,-0.0438282093789272,183.8,0,2.2345195,0,"V16, Amount, V24"
129626.0,2.04452830070777,-1.72762760115202,-1.68083551765951,-1.89225347291155,-0.363373499142296,0.784293336834817,-1.06044735093584,0.196765512575742,-1.6657511882813,1.7052227253975,0.778263511843671,-0.590950867482642,-0.260881785811588,0.256892112437903,0.410870519856617,-1.03188166456768,0.778385956153165,-0.449831356048666,-0.922776101472688,-0.379548506502213,0.218183219390783,0.972186347574685,-0.0025444573351303,-1.62869979997775,-0.137318399759474,0.182708230733242,0.0147663592844604,-0.0740101290171957,98.0,0,1.4525157,0,"V24, V22, V26"
102270.0,-1.27096043348432,1.1315968233884,1.27314837410911,1.12240245713811,-3.21306254591595,2.8500734801025,5.10995967450138,-1.79842488663008,2.08706530998871,0.0857953428320367,0.302269682718045,-2.75253165326743,1.79062001661163,-0.180892350954995,-1.20509540190114,-0.986026702700488,0.506414470657231,-0.652594822320924,1.08305478830026,-0.745495095481808,-1.25072536404548,-1.22212080482474,-0.482410012225319,-0.0391390095584584,0.213625479332749,-0.963299751555179,-0.377861835237093,-1.11101052544036,802.49,0,17.885984,0,"V7, V5, V23"
26717.0,-0.691452247538998,1.27836081302466,0.914798057905311,-0.0907337319424479,0.146609796914448,-0.54684363179311,0.340870014799272,-0.799009492322944,-0.0638394296936176,-0.296979355712307,-0.867930025810454,-0.743799353739591,-0.838882670393454,-0.266433500083818,1.03877526657604,0.582258931783756,-0.0720962473690386,0.169320321825326,0.10947539016101,-0.128805108175255,0.464914126406877,-1.12997791378151,0.0782994295577915,-0.247865545556512,-0.109018691288473,0.10366805177854,0.144222718742051,0.09145320384272,1.78,0,3.3471074,0,"V21, V22, V8"
133846.0,-1.06941584329402,0.410375859275242,1.36387458984535,-0.637705868522805,-0.0678824265016441,0.477794461209806,-0.342725145690054,0.632954687186874,-1.3885196970753,-0.190186229737016,-2.14070936998885,-0.782623924935323,0.228214820259592,0.0731102234317772,0.484826067445498,-0.744585279903098,-0.605078196819012,2.2019277368908,-1.18712898663129,-0.470192787717398,-0.119007949518668,-0.132956938196296,-0.37773289728254,0.0210250229894487,0.722341111195268,-0.416982874056724,-0.0243795697350555,-0.0198968313162165,24.4,0,3.8406606,0,"V18, V11, V25"
28576.0,-0.864206256482515,1.43727507780959,1.48858588510889,1.22624374075467,0.744386737101421,-0.645188827303507,1.28020341369861,-0.0793652686424309,-1.77921868884859,0.266408509423921,1.01775395679099,0.0685699336951291,-0.791973012948266,0.640282763709643,-1.15288364746599,0.67817522450052,-0.920134901558322,0.060999662011417,-1.31817125572217,-0.23803406233211,0.137020563261865,0.17571362071465,-0.291127835889186,0.507172733327858,0.376236847189241,-0.130031296893743,-0.126717553663466,0.0746658879613552,6.51,0,2.2100813,0,"V9, V7, V24"
131375.0,1.83930283667685,-0.658990456686771,-1.31802856862497,0.27153440242355,1.65095637019164,4.23073695286622,-1.3349163019969,1.15980688971407,1.0135930791432,0.144832269097748,-0.219966963555553,0.409758988961249,0.0388127267183542,-0.0255842996529718,1.05844082809747,0.495287111000254,-0.858105334631652,0.139520259871459,-0.806055244583434,-0.0874743926514277,0.0740622398455704,0.180544918881278,0.282957913783552,0.660040942586303,-0.314983202254958,-0.738293288966313,0.0906498939396676,-0.0196618818611168,45.0,0,2.6135488,0,"V19, V25, V26"
168614.0,-1.11736837019236,-0.397920210660654,0.538252190823344,-3.15051386477929,-0.217501872947047,2.06540628369121,-0.170458769106465,0.62772409535062,-2.33014580323997,0.752728543699424,0.336226036583975,-1.03965878609638,-0.51842661657408,-0.129999849072861,-0.217307414900032,-0.99807260058497,0.882097847148682,-0.361662411745233,-0.701639057559524,-0.521545536904778,-0.0143209049733999,0.424465027825835,-0.364108461490694,-0.959790801878045,0.526712165256053,0.0932980577916888,-0.42254948589335,-0.282511549979084,121.0,0,5.1590986,0,"V6, V27, V28"
32873.0,-0.908521178663122,0.440019921032054,2.03195786546766,2.51786682130791,0.613275424429781,-0.500692293082487,0.801327792524494,-0.437827781167215,-0.663396249978707,1.24027533737747,-0.704362255830842,-1.63003498377073,-1.90857415160162,0.138866704738676,1.20317546431438,0.226043008041414,-0.416274231521241,0.0108912324210784,0.299108780705298,-0.18199098680541,-0.308257535231478,-0.493685351736606,0.532085886113299,0.269098628826171,-0.565378183585873,-0.242725175132369,-0.380158865672908,-0.310279688429571,1.49,0,4.8887873,0,"V28, V27, V13"
32600.0,-2.23038708711515,0.632907194129587,-0.38200560627904,3.087103502235,-1.62973190588333,2.28018671029449,0.249214125652391,-2.25351902460173,-1.76337144836479,0.298186856249607,1.23859643357955,0.194158208200362,-1.06719233014874,1.44587536046897,1.11318888639691,0.0837747546731558,0.579826642212029,-0.0679435490512972,-0.0232678391056115,0.134452120457432,-1.08258643368326,1.22400815593566,-1.49390163787441,-0.139971002374229,-1.22137532941556,0.274905984469335,0.815818636586171,-0.162086098638259,638.95,0,16.795097,0,"V23, V19, V4"
156405.0,-0.663696743091585,0.556612481610326,1.32811793635779,-0.906067184229175,0.976877579297518,0.492322755433049,1.01956277750094,-0.0309663305953211,-0.424720283369541,-0.547337972183752,0.149914139350834,0.0057468585853945,-0.403631794758232,0.0306035670011545,-0.515316234898375,0.357956650404353,-0.991585596592738,0.541311912314833,0.47339441380037,0.159434955823219,-0.0550781989867888,-0.136700061554509,-0.402505102314636,0.101083986983073,0.644014018837731,0.319062478189262,-0.204315572014598,-0.180952617246111,47.9,0,3.0698645,0,"V25, V24, V17"
70611.0,0.805832707385562,-0.653697613803477,1.18152525187067,1.75910668669973,-0.978441813304025,0.809900066010944,-0.570691905819368,0.461210216942737,1.16000424227843,-0.262100559765623,0.556146592550096,1.05795468121804,-1.6571815159615,-0.251600808675225,-2.26442992181171,-0.935073352173939,0.675337387311296,-0.744709065673363,0.359903989674434,-0.0605015400045161,-0.297542199149324,-0.732817113714015,0.013879910709672,0.189340314022716,0.283549136360853,-0.546782969001854,0.0583439771809039,0.0371749829133908,122.19,0,2.0709543,0,"V15, V22, Amount"
139073.0,-1.78773453610061,2.40059717170405,-2.83026137275348,0.759855968334643,-0.669254692918498,-0.972738905506703,-0.546940148882385,1.57087435657861,-1.37084747066584,-0.566766320473172,-1.60928018257022,0.117197039540134,-0.205929348182345,2.46843940044623,1.49631126066614,-1.0713608057715,1.44365582626444,0.30073048687819,2.87465457071754,-0.454362153224779,0.54058012982408,0.871309081562578,0.0597876795160996,0.651687881230994,-0.439257446362647,0.497909907480549,-0.947854165972508,-0.153530005987665,12.47,0,6.2658215,0,"V19, V27, V24"
142565.0,2.14245118733214,-0.385243139424077,-1.69388925704499,0.536811107951845,0.0041281137444143,-0.713470398343754,0.0329997022278579,-0.214375944231879,-0.880947860628104,1.28823872975537,-0.0702102713169305,-0.129523994677811,-1.35119212358697,0.820198472700668,-1.24788604768364,-1.83342135305614,-0.216630643918286,1.53607151060159,-0.491315652783648,-0.782851454212865,-0.30767210583388,-0.276295442370595,0.04481663736851,-0.411379413837939,0.332323684354362,-0.485207055870193,-0.0034344504564534,-0.0743955408772005,1.0,0,4.0554657,0,"Amount, V15, V13"
118439.0,2.00750462380432,-1.15734162662991,-0.424953772101745,-0.453765692192935,-1.12046019388867,0.110269693124059,-1.18191116765179,0.163436373494826,0.0008726520641282,0.971578890535992,0.412859941014947,0.418492145262803,-0.183893383223168,-0.0959113245207463,-0.426888551012653,-0.987036942760048,-0.422539439685395,1.9097114239993,-0.71336215299463,-0.519830327025928,-0.109005667465772,0.20800579564265,0.224250465364433,0.778541248206206,-0.404563719684825,0.671520716105118,-0.0241035679724655,-0.0438879093311235,43.85,0,1.8747296,0,"V24, V22, V18"
32984.0,-1.7465438506844,-4.9363141401753,-1.61248405665696,1.23554071665556,-1.68740340068232,0.12017560526509,2.0502995547898,-0.536275366968952,-0.101088782816176,-0.910474483236216,-0.223953806172991,0.589098607997532,1.17267498113771,0.448084179711569,1.4397580788486,0.212178451584043,-0.154781993782627,-0.493486675102555,-0.775301669474214,3.14427322623002,0.97826905807358,-0.628148883085902,-1.45111758632026,-0.105347725663212,-0.192479857644143,0.953233677327205,-0.359402349524297,0.26812169730839,1569.44,0,2.5810356,0,"V15, V23, V9"
112165.0,-1.53677237206672,-1.32552333020424,0.150063870067099,-0.524933421572717,0.0202513238799465,2.73133261934072,2.28542533003046,0.0076054417142218,0.591167137156103,-0.279885502314875,0.852345094417958,-0.0176046084269001,-1.31657942843386,-0.230581638352913,-0.123955793824603,-0.492595905016895,-0.152534573066566,-1.20421582924219,-0.603676227868714,-0.0299451076913528,-0.421051077072626,-0.378908518953123,1.35087021865358,-0.806536406572865,-1.08678567473729,-0.19707256006054,0.297593494881893,-0.366501167734241,493.86,0,6.6605144,0,"V28, V6, V23"
78061.0,-0.921984537880131,1.12792334317892,1.00970730684431,-1.23060363396331,-0.343526288940627,-1.25993648218422,0.577715271880984,0.290208117574735,-0.367991192159601,-0.946198376476383,-0.61507151788848,0.115782639944924,-0.0317424848307112,0.414258397225742,0.262925478675415,0.532691128176976,-0.407829930177449,-0.544728777108715,-0.559281921533467,-0.0641966372155368,-0.128628051553439,-0.482249341987715,0.0378290532869966,0.420444295102837,-0.292316887391197,0.657355301124058,0.115594254038079,0.11260993967988,17.7,0,1.2574776,0,"V26, V14, V4"
54732.0,1.24080186207326,-0.990659714297734,1.05441385590422,-0.516974831696693,-1.55674988041308,0.136140836047731,-1.20384868237663,0.226748505966545,-0.188425992866048,0.653573876922488,0.417211032031082,0.42475015049158,-0.21256929759747,-0.308906929401802,-0.511298267120282,-0.981570812707961,-0.17671070757382,1.63304059520609,-0.191473844147989,-0.422991754332573,-0.436432127066735,-0.732870318656082,0.0692237997239612,0.0309068983169937,-0.0110439919279716,0.960941779069101,-0.0197661981588109,0.0128933006193701,40.46,0,1.415799,0,"V3, V18, V5"
153283.0,-0.198766538548981,0.969572471183842,0.147122192572124,-0.653747635257019,0.396619644056432,-1.04355967440346,0.933524055050798,-0.135277403218315,0.235177386285454,-0.0918404545682661,-1.00974517160783,-0.146195102502821,-0.529067626176456,0.152679871133146,-0.274142616795019,-0.126056356079568,-0.355262936293257,-0.764173815935673,-0.154515935193611,0.0438831815039927,-0.297621777173484,-0.628671780727926,0.0789542991138167,-0.108715583805661,-0.463234632094755,0.154509134632867,0.356950790494723,0.153743755213601,3.57,0,1.4344139,0,"V27, V15, V10"
150125.0,-1.65657940881148,-0.62127716989127,1.44429532462198,-0.318111068123428,1.15889561675957,1.73299120859905,0.819768908109454,0.271707122505283,0.175785809190153,-0.778198415686048,0.914441415573114,0.847157734075183,-0.0102486669557732,-0.133047498583378,0.491214885528232,-1.18061771199292,0.241153118455904,-0.907103922955045,0.732726639398659,-0.125719264422406,-0.399509828596542,-0.488140797590143,0.720861162469855,-1.69990140918753,0.38801964639832,-0.69368306053447,0.037110814654358,-0.309956058711946,134.0,0,7.631419,0,"V23, V24, V28"
139490.0,2.07882526230378,-0.146735868161528,-1.44566358324471,0.310259722269072,0.198558179549922,-0.799223130870275,0.216961299756292,-0.296737434785682,0.646538309295714,0.0550593662249689,-1.46769566917493,0.157306019749504,-0.0023194712669103,0.230089338794538,-0.158780386074233,-0.0534398720575356,-0.430697517370182,-0.6515370629894,0.462292016225717,-0.182197744437676,-0.286482034493603,-0.688720559891839,0.185495938383108,-0.642404353725804,-0.111817746056311,0.315708563015491,-0.0779918524139717,-0.0676792452079958,19.26,0,1.2874286,0,"V24, V15, V3"
87961.0,-2.39304792819612,2.14659608608594,-0.707507716353491,-2.82481580063749,-0.171916001604132,-1.22174635091112,0.438066826727326,0.849600155543437,0.546601840866054,0.0509015086896983,0.272879837776405,0.712858619607082,-0.702068558325526,0.755914711549294,-1.10965419690936,0.711685881613228,-0.810081784882225,-0.188995039379621,-0.570438283845934,0.303292461468058,-0.320916024599241,-0.870470911168838,0.0047050089487716,-0.366930735452015,0.206916369611739,0.401239232566252,0.495070310175781,0.327424301832475,5.0,0,4.3009,0,"V4, V22, V14"
159269.0,-0.772176430251089,1.1634058447208,0.652368198594385,-1.10076748047957,1.42342304001243,-0.641726499677863,1.26678923498101,-0.129874902084002,-0.671522664637129,-1.55728786174365,-0.807318053033475,-0.0117849155503784,0.560141845394587,-1.12157271052492,-0.444409430138991,0.495094794606584,0.170513759741911,-0.24178195916477,-0.434575608896431,-0.000702586758227,-0.360379445358959,-1.09833836941332,-0.341350867747967,0.394861813155192,0.657448140837834,0.217725282048932,-0.0528283950325479,0.0673650788058191,0.89,0,4.6840515,0,"V25, V22, V10"
142552.0,-0.294960002383051,1.03828025797601,-2.07832856133669,-1.48373505432835,2.30339986721277,4.39445878230579,-2.03607628104549,-4.11082697163754,-0.100517886624912,-0.760076906209782,-0.191521842717977,0.652700770951501,-0.646491824832526,1.00187076205931,0.049668471630337,0.155370941821722,-0.188357567232154,-0.911465060249887,-0.62695466605345,0.0310776776573189,0.722356855635222,-1.37651583887941,0.574570612044606,0.639008476906025,0.503822828940501,0.25904112650386,0.0758145759130426,0.157739469973184,1.98,0,6.1143,0,"V18, Amount, V25"
48855.0,-0.881905794826012,1.18232416156763,1.76081832513387,2.59254908505318,-0.1629735874755,0.98189678922059,0.0885348447817744,0.761871951642269,-1.49050821727083,0.125720146691903,0.821841869473998,0.998750124066351,0.391063061398184,0.192017145396879,-1.02771932957959,-0.350511599562416,0.416608573564599,-0.207518971725883,0.427861059894503,0.0429285173744091,0.11743286700629,0.313437627572265,-0.149608233433093,0.0587699825826821,0.441038824426843,0.272458005745545,-0.115263993696605,-0.0898561650615685,49.61,0,3.0750585,0,"V26, V17, V4"
82134.0,-0.796511746898628,1.02723908992747,1.65857348034466,-0.458592872686962,0.569218673099059,-0.843737708060164,0.901185809875622,-0.116268885781298,-0.727723831892327,-1.0647931153851,-0.486553573238718,0.141559352721385,0.827222978377971,-0.579385071036319,0.508381071516554,0.673561499824682,-0.362528072997281,-0.156160574129783,-0.495215814625096,0.0460781167760932,-0.236877113951739,-0.805563258815293,-0.203800219817186,-0.0071936172665702,0.293654722775614,0.0397307278066945,-0.0078955534427059,0.0739503953233726,9.99,0,1.9189485,0,"V14, V22, V9"
123071.0,1.89993611119979,-0.600654855457727,-1.87948700430837,-0.490122457633421,1.72568238705986,3.81264090323168,-1.38595329077189,1.11693882342477,1.11756150163897,-0.519925995942185,0.286032503696283,0.145194283828754,0.0117692312412445,-1.39257004479966,1.31120051945766,0.989810942302296,0.261536913578651,0.460959892812789,-0.661051364566188,-0.0139316330002585,-0.0375774830245617,-0.11731921848769,0.320260893256817,0.611319715178501,-0.54841084242034,0.367999308474897,0.0247750477818718,-0.0101295051594423,34.0,0,2.9486432,0,"V25, V14, V19"
138480.0,2.03499679478385,0.273057863689555,-3.84855215332571,-0.366533565560665,3.05967908788535,2.71960210480265,-0.286078880894397,0.714514352542588,0.369412890387647,-1.17978287048035,0.942825428223049,-0.277846435174938,-0.29470776832437,-2.31449688884284,1.50269703231425,0.704777742844784,1.68941878058212,1.1632395421901,-0.821972246118257,-0.0823713548299367,0.0939508412916247,0.349181354647592,-0.0068508076064952,0.48386521084632,0.291347838553407,-0.0794000842611583,0.0385712096173226,0.0010032241384877,1.0,0,2.6922638,0,"V22, V11, V15"
52055.0,-1.91709252134187,-1.46963192993211,2.67314782598261,-1.49257863404337,0.142881307189542,-0.68603840349911,-0.853394716364969,0.12567353934927,-0.191355184634072,0.349601028662057,0.659079425184901,-0.21907431361299,-0.83442687960981,-1.01812007121248,-1.93176400158509,1.17063015567924,0.0307214177919911,-0.962408985559417,0.428004106326624,0.085448815425659,-0.033859011058555,0.198138904312914,-0.389267740660188,0.367634680800134,0.411127116350601,-0.404961559025229,0.135001507308214,-0.107760347432018,70.0,0,3.8080482,0,"V14, V3, V15"
48815.0,0.922796269671259,-1.05742197832274,0.551193255468137,0.150240028340356,-0.924514328027242,0.569578670406212,-0.662109813757475,0.307342590846218,1.51620008796289,-0.514456451785294,-1.63000089578878,-0.574969369469041,-1.6881496577941,-0.17997554054758,0.228702196471176,-0.0627791927759667,0.227166302715798,-0.560222836405538,0.385266923955633,0.120221101471143,-0.187153950588191,-0.683278175315717,-0.11073766610004,-0.734563237911788,0.0560267291633314,1.01384445444692,-0.0597699406849311,0.025782508421644,165.38,0,3.5140896,0,"V24, V13, Amount"
129960.0,-3.94857756219496,-2.76217879145271,3.15737390334148,4.06025441485235,3.46077817541791,-1.48223662342526,-3.38438483855749,-0.188415080492412,-0.289707930241521,1.22037936667946,-1.80881776501471,-1.23008574199769,-1.34318759112488,-0.156304571822534,0.471931927867412,1.63889100325721,-0.858626280333561,0.774790446079143,-1.2351535995054,-0.940867211765265,0.741796366211108,-0.0201013334375236,-0.855656375382361,-0.0694064876554578,0.197581418005251,0.249014385517026,0.6944402640674,-0.126118192294805,12.14,0,27.926155,0,"V23, V20, V4"
118321.0,1.70527020605704,-1.62034053924085,-1.55394845171403,-0.969340239935863,-0.0632065983630412,0.992217193384051,-0.597538124512628,0.188089192255217,-0.203561249678956,0.538449569764666,-0.476176830223631,-0.389420756123121,0.174483406875957,-0.142655929160175,0.788640456088029,0.159596907496752,0.946633374960255,-2.64841096762302,-0.355906680920739,0.319422274321664,0.36750176568578,0.7281851748432,0.0438496697699355,-0.526491011551972,-0.279483563310158,-0.105600849559037,-0.0110652077266198,-0.0280864239959169,217.68,0,3.2349365,0,"V6, V18, Amount"
59251.0,1.33104045905205,0.0528297583744936,0.158258896110979,-0.151705512256509,-0.412905667522539,-0.993279667424338,0.0204174602172659,-0.210561476866747,0.272056674680934,-0.190300739499789,-0.568183755484759,-0.0206176038860614,-0.13972662568343,0.303921182587076,1.10360681940957,0.32933583988488,-0.378439725185035,-0.513629572680342,0.304842597853743,-0.0840193366451088,-0.25968373206062,-0.751654685504006,0.0728443335197718,0.0723574454870913,0.210818467529564,0.870250996399408,-0.0890939435173009,-0.0004745782500217,0.0,0,2.1211953,0,"Amount, V26, V19"
58459.0,-2.6446761887128,-1.33302297748604,0.564156994228658,0.919955585589231,1.71940302743556,-1.00606310658934,-0.615322468410332,0.538003121102708,-0.0006902579272216,-0.730124451871532,-1.42851765624437,0.234541430851549,-0.321866744023686,0.314052140725348,-0.541758951621062,-0.162476565338419,0.0037904834692555,-0.662396998162662,-0.752630407915595,-0.270154586315657,0.0007116803281713,-0.288664044468187,-0.766259083736702,-0.396416837673656,0.235020052171719,-0.466510620081638,0.046470648673749,-0.463820200342935,20.18,0,8.490815,0,"V28, V23, V4"
72516.0,1.25579294019175,0.342667709057522,0.302727675102304,0.69518671054674,-0.385834786589771,-1.07698180322088,0.0765600472917952,-0.195137607177299,0.0558300928235888,-0.278226574391329,-0.092261745238091,0.152956779546498,0.0715642770112805,-0.256731678232889,1.1108936501615,0.485739494635472,0.0036230933467438,-0.280274441995633,-0.197497373679899,-0.0902564542037731,-0.289250233801848,-0.842629103535129,0.131057162864962,0.341153781517568,0.210777581291286,0.094899454991982,-0.0241183437864609,0.0305270303693613,1.98,0,0.9850305,0,"V22, V15, Amount"
53031.0,0.206075454303215,1.38735982061524,-1.045286987034,4.22868619369076,-1.64754917421782,-0.180896946218666,-2.94367757476862,0.859155533266087,-1.18174300683428,-3.09650359868717,3.20091235546057,-2.45083242908802,0.316619878616412,-6.39717031528651,-2.12972836543767,-2.42737307534442,-4.44847225233098,-1.21222044988735,0.0346554556282822,0.351484399563241,0.46919942584802,0.344930464195865,-0.203799378001586,0.376640378487856,0.715485489514387,0.226002880910544,0.628544616302757,0.319917987612491,0.76,1,144.54965,1,"V17, V14, V12"
28998.0,1.24567381944824,0.166975019545401,0.488305742562781,0.6353219207244,-0.562776680773863,-1.01107261632698,0.0149526614685896,-0.160210863301812,0.17036185217373,-0.0445745893804268,-0.35674901847752,-0.0734595173503765,-0.517759694198053,0.406968934383731,1.12414692288685,0.342469754110769,-0.374656440051376,-0.438992432436683,-0.116090785002835,-0.132079724302295,-0.262580846041176,-0.816263763157847,0.140304302014326,0.357827249299806,0.186422945723389,0.0965444707905616,-0.035866315294695,0.0184945729704665,8.99,0,0.68718624,0,"V22, V15, V24"
48294.0,1.5294432229107,-1.03428881406151,0.531316477214247,-1.6418308608647,-1.26935085340198,0.0121479487157804,-1.30022717026232,-0.0096665401510092,-1.98251383195066,1.56503619026684,0.652680746515889,0.158321551473777,1.86623927669473,-0.595480417238025,0.0645188959705542,0.229015176660057,-0.247212529770363,0.920122365012864,0.153381860559669,-0.219366945407872,-0.0537304658290636,0.305906523062739,-0.123295624340473,-0.47199386851629,0.464579843904263,-0.0725751880072409,0.0564863441029926,0.0099658413783158,4.6,0,2.532334,0,"Amount, V13, V25"
122120.0,-0.733605527214308,-0.88136891919575,1.22737331274132,-1.08403284859653,0.578533892539492,-0.66707184716418,-0.673263249730453,0.0714028748151998,-1.04306332156265,0.25485132874896,-0.994114965488438,-0.896687682379862,0.338521823712095,-0.414315957095609,0.436883010501729,0.624224963522212,0.497502363322722,-0.945814349710446,1.67415366556714,0.522984107470141,0.352613527121286,0.721462443773475,-0.0234696409252257,0.699269992401859,-0.0657233961448496,-0.0164615279434042,0.10241545288806,0.159696847089761,21.0,0,3.1420822,0,"V5, V19, V24"
166906.0,-1.49216592798784,2.28322261444823,-1.53331545546048,1.21434545083346,-0.897186258883489,-0.53092879337028,-0.7052866593093,1.4025385682149,-0.81352243491946,-1.41352932675043,-0.455919240131834,1.15577597413866,1.38407467892316,-0.401420592320443,0.860631607410163,-0.869833437334306,2.78672004932717,0.333475935083649,2.62015969143348,-0.172055847899145,0.131382691904871,0.0796715858922763,0.20103642285764,1.03888011343775,-0.79701457973922,0.178559898829111,-0.621823617123461,-0.0176184620626279,30.0,0,7.6965475,0,"V19, V17, V24"
110888.0,0.104043338937452,0.97664651790799,0.0178592309748073,-0.625964601958278,1.07895414976427,-0.487300156233278,0.920724914206727,-0.258159261035291,1.20947614811083,-0.796610010500328,-0.790671816156396,-2.34048737021328,2.52716525983335,1.34747312441595,-1.14001072840182,0.147109957134343,-0.0932162991629571,-0.220888868830271,0.100510345825514,0.0003962629648554,-0.469938918459316,-0.893715095913684,-0.0533054562450459,-1.05253149880882,-0.349514167197121,0.161875309544297,0.22310778117676,0.0824065708147414,1.79,0,3.078409,0,"V24, V15, V13"
156172.0,-0.221054675089842,2.03743050143284,-0.0944555627900487,5.15434103469157,0.477423742331721,-0.112492889960344,0.106307257654533,0.557239516159162,-1.95344023962111,0.081860512508303,-0.085863743408114,-0.726247523837604,0.387933177420166,-2.88898285492427,0.797899794786812,1.12919717120622,2.81859552502316,0.890588310213254,0.810854563921125,0.417383686667931,-0.687058100965634,-2.07695179989813,0.209678200470062,-0.321798556140856,0.240885420272108,0.0002540096429491,-0.0311640370585248,-0.235185271182033,37.7,0,16.098782,0,"V4, V22, V14"
72436.0,-1.05555644798439,0.596360593405845,-0.0734971280639152,-2.54127162527786,2.12974306133756,3.3407867710413,0.520911020122427,0.697706209006936,0.375269497631668,0.114033921846236,-0.115128568867701,-0.329426218762453,-0.087504520940796,-0.26607145517043,0.781176753303119,0.84213191939469,-1.31115896157743,0.0498476933176631,-0.36582840967007,0.438033330207291,-0.274903786003143,-0.501920544129879,-0.0135713263201684,1.03154183400019,-0.0758773643053929,0.720384628065805,0.345690244964517,0.076541737791854,76.83,0,3.5877068,0,"V27, Amount, V17"
76744.0,1.2169186537421,0.178900007665765,0.52729333605839,0.507560328958879,-0.446786018439603,-0.673822979359965,-0.0596272482758521,-0.0427073810249047,-0.172568288855884,0.111208339315034,1.43414726470095,0.909940790103663,-0.0466453725631777,0.491041924469682,0.361959333823337,0.512701058080778,-0.658464563575149,-0.0123900530593828,0.17299938294196,-0.0995236552722776,-0.20891881391163,-0.655048542798703,0.127003724597073,0.31653210460616,0.178101817140781,0.0781443572180033,-0.0347255610767907,0.0082622783902837,1.98,0,0.9362711,0,"V11, V24, Amount"
77264.0,-0.521701735586727,1.31890775157481,-1.00683715477172,0.559761657538131,1.56146413486361,4.85455738662226,-2.97980175114484,-4.20799030946994,-0.780011029980943,-1.62578509654308,0.0975571214164821,0.0393285299743098,-0.331523563329277,-0.483929563036834,1.98325383013054,1.3725269445854,0.613014710708741,1.70290350234292,-0.0269724415392351,1.49310248570398,-2.44315893775141,0.907922683547559,-0.0772982044133889,0.871651238567113,0.738927320692597,-0.0716019630771314,0.16704400775451,0.315726431741118,59.0,0,4.446844,0,"V25, V18, V14"
40946.0,-0.551806988422268,0.0276832526384072,2.09080518327647,0.221951981414907,-1.43067470784506,0.363913165468723,0.894855849141278,-0.271260943704698,0.636052553168364,-0.464364422874896,-0.753708205021704,0.0909798394776072,0.0646834436009284,-0.84860002468158,0.0754638697637245,-0.62493464197076,0.369416116746591,-0.354442920944717,1.58632970478298,0.191822037438747,-0.17561293161621,-0.050680270047742,0.0657590393364719,0.471837904423367,-0.628438281768001,0.987728483935817,-0.0978567625588642,-0.137975720451908,216.2,0,3.689792,0,"V19, V5, V14"
47149.0,1.24052431114216,0.198105492375977,0.39661945028091,0.426002879073716,-0.250803454476726,-0.475056604247215,-0.0404233236999366,-0.0434961831325265,-0.208514014818473,0.100317510886603,1.20399176755131,1.00662590970819,0.398654013546001,0.39409884745151,0.343682518341794,0.591116045199376,-0.800989910567816,0.0481412696288052,0.295203067756161,-0.0639777509098576,-0.226239991261076,-0.684318353970907,0.0814166849541201,-0.004546817393963,0.2354034617351,0.0973833423874128,-0.0326277706050498,0.0057355701873032,1.98,0,0.87758386,0,"Amount, V13, V9"
132545.0,1.90995356744008,-0.42931712126276,-1.25046785236032,-0.0999219496044107,0.169438548572798,-0.0808816297405134,-0.101601003737634,0.009809744464786,0.339027390052186,0.21832681685358,0.561756772847919,0.653861513546316,-0.0695685398990555,0.544593862390278,0.275645854166553,0.860111255297212,-1.06180478303743,-0.0259353126405494,0.537687092244099,0.0058556686888975,-0.410368588893713,-1.45729485779619,0.432380704214626,0.0356460796393522,-0.685407536308949,-0.0010597425260122,-0.0936086156581188,-0.0445690799118665,82.12,0,3.6051095,0,"V22, Amount, V25"
72198.0,1.26964986130422,-0.683217792951945,-0.520661035477275,-0.895607017948297,-0.247878302615556,-0.19818025616984,-0.100335129876896,-0.189173976927366,-1.36136571693309,0.808152473637029,0.298015374747532,0.564727760506665,1.17771342742231,0.231503188099052,0.0148352312024152,-0.94788034893619,-0.664325070339961,1.51905958132328,0.0233717092564487,-0.186133842369019,-0.401689857337529,-0.885046287821351,-0.20111207088878,-0.772723539616255,0.432936450619296,1.05214290807458,-0.0945890790235147,-0.0022226655098843,104.95,0,1.9253124,0,"V25, V13, V9"
72688.0,0.0578163118200053,-0.0146577183361893,1.86661286273234,0.763715120355616,-0.849521987053097,0.459573850110155,-0.588148735704364,0.257297847122252,-0.724966609039797,0.619688644494195,-0.968533302391146,0.0066089208808411,0.423330356748372,-0.500952014402763,0.376084214900781,-2.16317209960547,0.559094821815836,1.12658929603226,-0.367145592773958,-0.417806151644037,-0.189704773835176,0.197566109930843,0.288079108853302,0.0463752272694719,-1.48570637975332,-0.454366799660285,0.375906430703489,0.272655502370639,14.95,0,3.6390934,0,"V25, V4, V27"
78033.0,1.22445575211853,-0.283322311363953,1.06342651930408,-0.656057244375074,-1.29945302124952,-0.993219778179493,-0.512680796931654,-0.0984591263468848,1.68093984149312,-1.10322251929172,-0.0137035672855384,1.26362464265358,0.681851628172214,-0.284437827134421,1.16272999892889,-0.574196237833246,-0.0708868009623496,-0.0143785466975627,0.427831199178406,-0.0863404145766972,0.0180646100105716,0.338231600950405,-0.0047244775375305,0.757006365498901,0.48306972198179,-0.709409622807615,0.0991747531915991,0.0402770439351519,1.0,0,6.0445957,0,"V4, V9, Amount"
147075.0,-0.737365242948958,0.811402235487868,0.396057071258384,-0.872570120945145,-0.157425371593094,-0.352864096349296,-0.150186881866963,0.788346670897643,0.466391819482089,-1.33552996041024,0.314501166407758,-0.470448975499804,-2.1484162543038,-0.536142161440691,-0.0033128592738926,1.10491067229354,0.31048526279483,1.22642183585375,0.0126006869646061,-0.138735724489822,-0.214876592985818,-0.750445554390394,0.0045015376184295,-0.663584696003252,-0.203169575944726,-0.235256477331481,0.143363824400616,0.0129217930974971,17.72,0,3.6791573,0,"V13, V22, V17"
125909.0,-0.337802808957993,0.839192856715652,-0.671690238589076,-1.15059026377948,1.08716954631997,-1.4630787015143,1.7235765860697,-0.472064545784006,-0.0816453588417993,0.245962059406861,0.759482530271519,-0.315726287858965,-2.01185331646824,0.974043382706304,-0.606100636787066,-0.572687034673111,-0.586340391028011,0.154176215676594,0.0345392924282037,0.0445888306660144,0.212761672609011,0.944076269896321,-0.211530718246048,0.0252631734713868,-0.383151715864818,0.0505997359348743,0.323829486305371,0.117548375669786,30.66,0,2.9311109,0,"V13, V7, V16"
136782.0,-1.14347844773845,-0.578344606713763,2.18340730541803,-1.11346827935275,-0.0524345224952965,-1.39407267024986,0.695952552334037,-0.686578227198985,-1.0116873795679,0.444912392807983,-0.204628794394884,-0.359191831791926,-0.0556991346844803,-0.523775567194145,-0.0334631316735503,-1.87548501819694,0.0027862774146276,0.704231667018766,-1.03576422654495,-0.388599751854059,-0.457978902004893,-0.506326961844575,-0.268719516680146,0.94477083411584,0.238328899099349,0.538911875424983,-0.389141068040341,-0.385168980269647,85.9,0,5.4636707,0,"V28, V27, V16"
153092.0,1.96723472294913,-0.40592339696308,-0.22317687910852,0.536015255891166,-0.821306133806165,-0.621909334550935,-0.581950658735076,-0.0755915818504614,1.44454846972826,-0.17170663193898,-0.952383245863416,0.57317613182084,0.271549995091529,-0.227946145194723,0.456218991537547,0.0629643007583313,-0.502733608281822,0.173995751939034,-0.239647895575518,-0.204747030711646,0.198605371738913,0.831585643153755,0.115286727386993,0.076172115242664,-0.0942723073134926,-0.216676658630114,0.0421323719164151,-0.0351926600944684,13.53,0,1.4326948,0,"V22, V9, V15"
125429.0,-0.309040436007176,0.238369341901341,1.80875337333846,-1.1805500706262,0.31860994420419,1.20520222903133,0.157273455958818,0.0404094830033698,-1.33465719065258,0.274970561082506,0.20206911631524,0.744773708751227,1.86075485648455,-0.582755284971039,0.218228604635262,-1.51765851781659,-0.59275310705547,1.97417741964021,0.861263944528169,-0.0856772337532414,-0.569705229175732,-0.929288066498906,-0.270908724065488,-0.240875969008656,0.229306360002132,-0.343901593430281,-0.0436336133707659,-0.146476121167859,19.36,0,5.47334,0,"V13, V19, V14"
139910.0,-1.35848397837778,-0.422883095210873,0.168874363382401,0.114618060496267,1.72033547498883,-0.353537685656179,0.151812846974283,-1.24828316488452,1.22932733640859,-0.34779010037328,-1.29062926554709,-0.152072374990878,-0.116512255335007,-2.27571452401822,-1.34863921614971,-0.271075853593783,0.688190082534921,0.292274361444703,0.0421863633202383,-0.532234238781765,0.616917586780583,0.592326674336701,-0.801451294346122,0.531629441141206,0.282362938514036,0.612765829376613,0.240351362452478,-0.484197542826752,109.0,0,10.823864,0,"V28, V23, V5"
75502.0,1.17183905467244,0.137611988567538,0.386447763176255,1.4007012243734,-0.24567098647661,-0.208905997263993,-0.0153118548925287,0.0512936152163629,0.465531567112398,-0.0890091522249076,-0.732677458356365,-0.0822886184973913,-1.2820861031377,0.293751423056274,0.0317289286804388,-0.66972427014481,0.329205603289646,-0.837920663107763,-0.358635047488767,-0.272274185311308,-0.117520055641551,-0.148434267097523,-0.0445413290812762,0.0631638352032346,0.625805558003012,-0.308518746994438,0.0331316320544662,0.0128580863350623,4.3,0,1.6805327,0,"V13, V17, V15"
161131.0,1.8545227811156,0.45681295693105,-0.218011905823593,3.61830042017765,0.346084834521895,0.608378241365446,-0.164915526715515,0.223470457364623,-0.941839162154709,1.52438733979847,0.495528655508539,0.555144733303418,-0.222520383960816,0.266440828215693,-1.5240531396528,1.20496785724338,-1.00770414763652,-0.357191900136002,-0.9713068193789,-0.265880251329077,-0.441243566180377,-1.35949452480797,0.574237064296624,0.634460156864148,-0.617619165788253,-0.656760787629632,-0.0216717854016885,-0.0332144197450533,5.29,0,3.4777355,0,"V22, V24, V25"
77219.0,0.820789592181449,-0.895376098895214,0.944445018707149,-0.010844940130787,-0.435846678329642,1.9930996368385,-0.994832523698123,0.79010024191697,0.952030728503929,-0.506627897694779,1.82585933661179,1.52528892638136,-0.390195849440715,-0.175623066893021,0.120033234031499,-1.16876776589085,1.11282647294195,-2.04428543443448,-0.820531801425039,-0.0483860991789421,-0.0146590244522809,0.134462909883073,0.123994480115535,-0.946159746622032,-0.246620261581606,1.045867590639,0.016798891877422,0.0033611562212746,91.76,0,1.7346232,0,"Amount, V26, V17"
32089.0,-1.41202842135384,1.84572092720627,0.60274158686797,-0.0455132935335248,-0.381453485426536,-1.08805220666079,0.353029071470451,0.361187014585001,-0.0385918612253951,0.179803730398388,-0.23372646697653,0.293908638909473,0.532592329635063,-0.394496838948501,0.868742784760352,0.433244694907652,0.126670001542603,-0.190296219076494,-0.185195411419061,0.400429519881652,-0.313573859474627,-0.741716562111558,0.0700858717332738,0.327292874754094,0.0333959783835625,0.0873731947882423,0.439101102220236,0.233549011541009,9.99,0,3.3084893,0,"V27, V22, V2"
43893.0,-0.849922942392711,-0.228950554835869,0.821403091383598,-1.38705003526663,0.241197198828826,-0.132833152445131,0.619049951400196,0.191795087489581,-0.0227790440286298,-0.572218694910957,0.10172973913625,0.0057971622335945,-0.373136659521851,0.183300529003721,-0.016408313571406,1.23375510234801,-1.34165924282396,0.639296978436019,-0.0624337036314339,0.454233886195928,-0.017105527552979,-0.438162777957144,0.252473444727527,-0.843893259116794,-0.0683878140223291,0.775405636747087,0.10111776427707,0.0625261005714916,153.67,0,2.1368775,0,"Amount, V26, V17"
107981.0,2.11439459753314,-0.0711103319696412,-3.40217802500364,-0.870367775142541,3.03148049160329,2.74564246840102,0.0742476677636442,0.415806516449576,1.3373060484231,-0.333219011628837,1.0847157878447,-2.25270874158283,1.34312665679637,2.45528292116614,0.0576505702232069,-0.745412817386989,0.397219365924543,-0.393080835429409,-0.224629306336517,-0.203926635022449,-0.0025114790556649,0.261014074118072,0.006107902229263,0.699104967660027,0.450132480793482,0.222292794672753,-0.0944979562701292,-0.0911615486315025,7.7,0,2.9763794,0,"V14, V11, V12"
30505.0,-1.59854972355163,-0.931686998405355,1.03880832999769,-1.22134215727602,-0.666444641087008,-0.932211779389259,-0.518359474151489,0.533614995784319,-0.788336008569856,-0.110109460490133,-1.64136277832319,-0.648058041698758,-0.530365658843737,0.0881552887394531,-0.202319220366341,-0.957719003272957,-0.0280880693322548,1.33193345262663,-1.08397370124924,-0.0271968883843952,-0.213222442957661,-0.643525393362383,0.224436724584488,0.0146269249920299,-0.418261062246193,0.845916609902938,0.174987120026649,-0.0154943187246714,107.04,0,2.4010797,0,"V1, V27, V7"
94292.0,-0.342490370910433,1.13433150775387,-0.108554719920598,-0.556708800559683,0.507434600100551,-0.538250536426359,0.475615280846897,0.293927715773839,0.782012138963404,-0.851344182250257,1.21742487977834,-1.45173951729323,2.13410655084623,1.95042504133077,-1.8893252711231,0.316288463883127,0.0447518995923406,0.165883265822902,0.172031714228143,-0.11083485525977,-0.33567974044644,-0.713935742792664,0.0755971531542693,-0.550385216041657,-0.438302667788346,0.112137247954929,0.0919325160548434,0.0077500721676076,10.27,0,2.4337065,0,"V15, V13, V14"
65207.0,1.14583754846902,-0.0420485585759016,1.28119310160984,1.34576739317096,-0.98478571431053,-0.198815899911099,-0.555218851241222,0.0900769603251591,0.890875305356845,-0.203517411744964,-0.789348958688771,0.483369257899965,0.0357070793672919,-0.359161423204392,0.178594991785244,0.0782088757860895,-0.247901617955794,-0.0621344031779613,-0.212745906727014,-0.12652795707621,-0.060178344539229,0.024956307759697,-0.0073685127807847,0.39624906381091,0.413656394725876,-0.409656803056209,0.0717996918620595,0.0389778237353516,12.99,0,1.3788012,0,"V3, V14, V15"
57102.0,-0.471596100564871,-0.203945713126216,-0.886950653961873,-0.878499641526895,1.243486116839,3.79334734985782,-0.271045811123583,1.34180685133409,-0.144472667430073,-0.645298016785238,-0.579949654712397,0.0161021495576333,0.115321588364909,0.272892875810324,0.681911181985513,0.301053379108579,-0.286376642874401,0.351013820514018,1.12436473035295,0.452675970421394,0.167187395813188,-0.0011120410548779,0.516408731193225,1.05741041851352,-0.659919255944497,0.962837140494688,-0.125940971394168,-0.0074540157501397,185.0,0,2.5328188,0,"V26, V5, V23"
67147.0,-0.639725340761219,0.658900466721878,0.0037197829018114,-1.23097537039457,3.01785490528336,3.32180240201954,0.668317937726856,0.119653193212202,0.231073546829669,0.647673986831732,0.298381967203634,-0.610616184632898,-0.145773055724392,-1.03791277013005,1.23768770058482,0.433447539253559,-0.829644006228036,0.209802221923331,0.331789031868709,0.270401760839615,-0.444590236350691,-0.90746101729543,0.0044267815938977,0.933897544017764,-0.0889426537002413,-0.0388050697519569,-0.746048273413824,-0.59078059788222,1.98,0,3.9778857,0,"V28, V14, V27"
83297.0,-2.17024611494472,-1.09478593067735,1.7874093756157,-0.233098004435782,-0.777549900958592,0.13511644284281,-0.186679663287104,0.771371484357325,-1.53824992127162,-0.338267637958873,0.727868658715478,0.482934294388318,-0.274097210496809,0.299421861262196,-0.684609238142164,-1.26088746182714,0.0100722469168558,1.69224891516598,-1.84083455287618,0.0491148217160618,0.149280175837399,0.0991161114765585,0.23061224370878,0.17640450163096,0.494904868139555,-0.323881586272895,-0.0770971832337426,-0.138824203762143,220.0,0,3.330461,0,"V19, V4, V1"
70796.0,-1.25674711735971,-0.0057677450473232,1.61281812469652,-2.19383968603366,-0.0985083538505729,1.11540570396218,-0.385937618836156,-1.61453443902786,-1.03538080052914,0.363783686622013,-0.434378705730572,-0.0643941287026411,1.06148876674459,-0.566194251143419,0.130867351255154,-0.0301116178163682,-1.3741146650038,2.47175311733284,-0.61953020357624,-0.796450587169652,1.17352410532708,-0.745430504183186,-0.405900340286366,-1.34635870303926,0.309806485455758,1.10580449134525,0.0548515340407032,-0.243666714824562,108.0,0,4.9235926,0,"V28, V21, V26"
38200.0,1.28773317350032,0.252110704205716,0.366506482827116,0.53491860977033,-0.29516223845886,-0.785737599012178,0.0601775238267739,-0.188537935077287,0.0533367049757052,-0.0678547275439554,-0.517954163677266,0.30855392683369,0.485931749913157,0.196007242445657,1.04603682782027,0.402095235623666,-0.559522732614317,-0.438915085115859,0.0157866950121323,-0.0769598933049705,-0.280430248879171,-0.800972521687006,0.0918407523846446,0.0228973029473256,0.269359638513569,0.116581147195186,-0.0286104110961406,0.0154246000353455,0.69,0,0.8491412,0,"Amount, V22, V17"
83360.0,-0.49880830775807,0.515271502059778,0.979261825875156,1.39720913517845,0.9069398654641,0.16194774387035,0.624571453844099,0.21552179856617,-0.886970391513731,0.263290832669933,-0.25423440016373,-0.0471420743491127,-0.761219402033976,0.249649084215877,-1.67287681164741,1.03400725782937,-1.22428241019881,0.378669446447336,-0.808175896848089,-0.0741450382268975,0.0061473833505243,-0.206726490293432,0.233949521414721,-0.568806445555412,-0.990769068311035,-0.475864937404654,0.174854202030841,0.229446290688634,56.71,0,2.9076676,0,"V25, V15, Amount"
156004.0,-1.26580567407649,0.473760235693198,-1.62149125309022,-0.0305662216160793,0.943604895215106,0.448140021465758,0.0048770134129926,1.09697296654995,-0.279070297265684,-1.54613298347794,0.0436012717092344,0.144735804211246,-0.411181633036964,-0.0979272992772376,1.82312651407464,-0.853865027672534,2.03822645562957,-1.03213000936662,-1.7078688071747,-0.528539535513013,0.486236355078177,1.42391547554288,0.367325655981558,-1.45474781133239,-0.577015705801779,-0.0212203982445826,-0.0458203096207399,-0.312983035513125,30.94,0,4.9424143,0,"V28, V17, V3"
140170.0,2.09427836456902,-0.178986305569695,-1.91532723918009,0.339291103119302,0.351206642676614,-0.992458579890588,0.396996100437693,-0.316644977192123,0.65627947895375,0.14113725025344,-1.66386982965837,-0.668547658063535,-1.57345138659441,0.693600317772812,-0.181175613494857,-0.369505355970741,-0.153796949417715,-0.537584723932612,0.369556119949839,-0.293909911223219,-0.0795369498749415,-0.1119057603254,0.0116790464085643,-0.62434472135303,0.189532090393613,0.606527240437144,-0.107365147338756,-0.0844312935817424,19.99,0,1.9328973,0,"V13, V24, V12"
151940.0,-2.34614620045424,4.22130964422356,-2.31116094973009,4.29908156345455,0.408876715462865,2.69135740126748,-3.54642659013259,-12.1454448896746,-1.4939202896311,2.21818061493368,-1.39488615941721,0.313630082825842,-0.42223715493342,1.29461359488488,-0.294338399458053,-0.486980762194244,1.24538791301659,-0.125775837842352,0.70257758820866,-1.26880660868943,8.09163869570312,-2.09949130929953,1.49737229596925,0.432179556236998,-0.13229969711299,0.531364864359189,0.31936305110772,-0.0016683378525778,15.13,0,12.289166,0,"V4, V3, V10"
55712.0,0.0271035851035511,0.301408050058416,0.413024888040994,-1.64513093498412,0.125532494588292,-1.53456602110405,0.756460726379432,-0.436335826189602,-1.63267946116488,0.177139658292367,-0.372022339514695,-0.209132211994358,1.16670902844358,-0.223381078306873,-0.52605108133962,0.824433810938665,0.0122972972920376,-1.6307276388415,-0.007915329131057,0.0718658343795417,0.399392506320886,1.09780767495103,-0.033277659465034,0.456150546729368,-0.660525324494114,-0.441036065565477,0.190984522607447,0.220790367352831,15.0,0,1.9003801,0,"V25, V7, V22"
79061.0,-1.43980135999103,0.791870146151084,2.31834999927872,-2.37265056303003,-0.0478525301473466,0.509119534651932,0.402538046541768,0.123549707261047,1.84418346928255,-0.25136606299584,1.76883292609808,1.16909658226048,-0.285335889050245,-0.723395728826066,0.584664384382394,-0.923140926486889,-0.295678546499338,-0.254201676433299,-0.510118126545893,0.508096990362192,-0.0926243787103733,0.570085507031396,-0.356284194213634,-0.28623640779785,0.498438772251057,-0.759051962704763,0.370392673624124,-0.144283767797185,1.0,0,11.288826,0,"V9, V16, V4"
157245.0,2.23232951705365,-1.80514628967085,0.0724062155213269,-1.38196751553712,-2.31336844397984,-0.520549612023151,-1.9784691085358,0.137448871676155,-0.159399236869525,1.55012997843888,-1.60561321221353,-2.06659010948811,-1.9808938711,-0.418509816995007,0.363525921462276,0.0333618824324257,0.451644842598279,0.605294723678884,-0.291644304775695,-0.589375015226318,-0.178223885243582,-0.0701642022829806,0.371774205699001,-0.125084389170968,-0.627520974695506,-0.235083737941718,0.0498975732796277,-0.0357582731210135,14.45,0,3.92865,0,"V13, V12, V25"
13389.0,-0.0756164451787655,2.41702596638516,-3.03811180295202,1.4158811157116,1.35304777443975,-0.363680011823417,-0.0176270824514282,0.823581542154229,0.484086213225722,-1.59723707210251,2.25252075083622,-2.01436974582925,2.6160882671182,-1.56727819584122,-0.167130160452533,1.28810463631632,3.3672563730274,2.22548382595138,-0.217677164784341,0.0424515824032718,-0.242818466305228,-0.345548890389061,0.0502557372492982,-1.73047890028467,-0.27529276489523,-0.336729839457939,0.102005008184357,-0.0817762293175625,0.89,0,7.0018206,0,"V17, V24, V13"
154020.0,-0.137172265151748,0.444337558483597,-0.50380467033181,-0.238774806287178,0.225153408400264,0.919616106541005,-0.180114487483472,0.78795342232697,0.616130450467673,-1.29130255715872,-0.530134186025207,0.525476616367489,-0.0960489130909028,-1.46646504232781,-1.9520452421971,0.665384493715866,0.371104087932759,1.32673818766996,0.111833628402551,-0.113682610675896,0.341968507782315,1.09514295540091,0.0036973484020122,-0.237420322038195,-0.606677012454425,0.428592427909701,0.0057564862455801,0.0582119095320435,69.24,0,5.7440624,0,"V15, V22, V6"
172224.0,1.93732420862786,-0.0824509160565745,-0.615295589502833,1.38169288669697,-0.297460170217308,-0.659692703430466,-0.11587384428832,-0.141455197350007,0.73738856705663,0.199466461163825,-0.948761325623302,0.261234673174863,-0.180246507004416,0.178846129026693,0.274863324252912,0.0133203696556924,-0.480208098030029,-0.162134982709326,-0.541914270855608,-0.25060629969099,0.0574248518838749,0.305913350182348,0.157747638941509,-0.0431130796350591,-0.0290946642559903,-0.654322742831786,0.0342595821876619,-0.0357744254010015,23.44,0,1.3633302,0,"V26, V22, V4"
159361.0,2.06515541402422,0.399542306913274,-2.38198374206422,0.635752698009661,0.732125906865301,-1.73376187632779,0.846335742530972,-0.576475855272444,-0.131898072563429,-0.276938130707684,-0.235429331850488,0.136660713249771,0.270485117770465,-0.560465254331338,0.391464407062931,-0.0187615047061145,0.63395984316587,-0.213639761070022,-0.330651925199421,-0.145104644368097,0.03427987500525,0.207287402260618,-0.0132314712091651,-0.12555237664832,0.277702305682092,0.438654675999028,-0.084680904767424,-0.0479184259896685,21.98,0,1.6858101,0,"V6, V3, V17"
76794.0,-0.742341946863921,1.13569735158277,0.833578866407683,0.708460848277643,0.691132479288762,1.20969725572685,0.131777563822266,0.832277793445678,-0.916340540082305,-0.645546376136777,0.361900718533401,0.650897033270603,0.468228298640418,0.691676583009354,2.01134865162225,-1.49273142059534,1.15928282061664,-1.8519365826426,-1.12724281183404,-0.217848287628038,0.326595152431276,1.03064016431596,0.0040029816050612,-0.932539984111438,-0.534453330116821,-0.20596200292744,0.124452260118249,0.0824479739549096,5.9,0,1.9168527,0,"V22, V9, V17"
165849.0,-1.15787166179673,-0.135647851758544,2.56124743613943,-1.9566613578084,-1.35201623257056,0.871146055154225,-1.29387754899423,0.910815332078645,0.449726922718909,-0.848385558316558,-2.53341357808037,-0.0951353983371456,0.824163465723348,-1.786684992395,-2.46279552622573,1.13678288928437,0.389909696081621,-0.866748428797671,0.565339605196747,0.128598886417847,0.245314520040319,1.05883663375535,-0.565828569621723,-0.560715583797977,0.836018398671236,0.119208220338836,0.227743247001341,0.0464575693648931,7.2,0,4.197242,0,"V11, V15, V25"
156319.0,2.18167642779383,-0.702249610066417,-1.3479567563963,-0.78048135499097,-0.0036644649961004,0.238787959390297,-0.567655087715543,-0.0597317112431094,-0.696077079390941,0.997901338953051,0.0581951256280406,1.03396604909508,1.63332726870601,-0.117422753458123,-0.655155336492747,-1.05806659644216,-0.759470274132994,1.51769363886013,-0.165089744989814,-0.45856459283365,-0.386315284101637,-0.499958363908522,0.187089309621536,-0.11709952031434,-0.167948991563854,0.553443938395573,-0.0443989035979383,-0.0645812922004399,9.95,0,2.2175212,0,"V13, Amount, V3"
63482.0,-0.687533998844883,1.05483155791597,1.00024232024925,0.536310958487516,-0.187334541440496,-0.127654505537162,-0.0259041739513636,0.67508160075646,-0.869340382291872,-0.51444319665743,1.33510765877349,-0.042158707128478,-1.39847744363021,0.55475264140582,1.08459961110297,0.0900988815212427,0.649466664919368,0.287063684470361,0.860780503225856,-0.0989845247196591,-0.059910705990135,-0.404237157162669,0.112485278806386,-0.057792987822473,-0.7366036275134,0.184564874548878,0.0011821740467782,0.0679422698943669,8.99,0,2.948915,0,"V17, V15, V25"
105723.0,-2.49474702669049,-1.63116798260298,2.47390066582381,-0.0723650236005746,2.19766040674025,-1.4754771644066,-0.798645442455613,-0.528161168231016,2.15903566081476,-0.405100732829705,-0.0449720416759115,-2.60598251802903,1.91179643822149,0.51776011275571,-0.420063023619415,0.156631677780381,-0.0380692006556501,0.336509348373143,-0.279280735471564,-0.490920462423328,-0.20518189022212,0.462826622412657,-0.975598276335849,-0.0101845165412183,0.425085081885604,0.774400889261272,-0.364444533766793,-0.27245522851489,24.0,0,10.123791,0,"V23, V5, V12"
60768.0,-1.21253846219978,-1.36967726853203,1.17438640340958,-1.41996124192789,-1.12364637307507,-0.581863066066222,-1.17300998975181,0.59109857980572,-2.64622204260529,1.07052933293573,0.493568032325599,-1.04178126833021,-0.571579794532936,0.368931106097659,0.350507125071613,-0.0725784830216653,0.559550827590476,1.03124387494129,0.974250651379347,0.13395863170584,-0.0650434939197675,-0.549253174413501,0.286852807377659,-0.0793220884315692,-0.559946382798779,-0.378556537101805,0.0218882201356938,-0.0751074739808442,102.41,0,2.932348,0,"V19, V7, V1"
42694.0,-2.82429751927465,0.685063844533722,-1.67128203632476,0.101576693127739,-0.749995097502159,2.96726136910887,1.36501539698623,1.3048454625329,-0.886659662397658,-1.07503107457048,0.462462832094357,1.43071952981854,0.720250210774214,0.986333939409597,-0.272112659494996,-0.372958648728926,0.462146956354787,-1.4202840110543,-1.51736007168708,-1.34120097544692,0.125932916364357,0.85609776768885,-0.210410238397543,-2.0908370410803,-0.40312999526856,-0.376604702756883,-0.173327700130784,-0.320475030518543,432.04,0,9.7448635,0,"V20, V5, V13"
109452.0,2.13599145385946,0.117009934964239,-1.33457990391311,0.365505025156359,0.54392315716998,-0.542437747252444,0.154629233036194,-0.418526698683439,1.71341083866363,-0.332302432079661,-0.515876053201314,-1.76460452023181,3.10214752192921,1.40614241216484,-0.754623472563857,0.111892363780108,-0.0030631847697497,-0.405934154098128,0.325887636129258,-0.152434245549297,-0.493044501418391,-0.978120632643078,0.207314978787261,-1.03131460272878,-0.142299605573423,0.217529606282662,-0.0912186459285877,-0.0739675764960555,3.59,0,2.673614,0,"V13, V24, V15"
117714.0,1.94331126616074,-0.122521985264074,-2.02971870632865,0.0235627443832565,1.23406077415182,1.17324761922265,-0.232461787746135,0.422524627008427,0.411297039823063,-0.312669049235005,1.11357045183379,0.380079368755448,-0.95875414317275,-0.402121336170957,0.416013243348598,-0.156038978154993,0.909185197686083,-0.85981997920223,-0.515267280730274,-0.286421288838483,-0.279300323175471,-0.673116543234355,0.357324553041192,-1.06599679123389,-0.463799742733052,0.283285135603174,-0.0237172435855954,-0.0590611451869104,0.99,0,3.3357654,0,"V17, V3, Amount"
148053.0,1.26132423719507,2.72680028914035,-5.43501891203698,5.34275900861121,1.44704301840055,-1.44258408548501,-0.898701853990691,0.123061977888509,-2.74849590498127,-3.20243612238872,1.99136063471588,-3.98641621648026,0.577206841836268,-8.48579450596077,-0.794782274727006,-0.66613426737281,-1.37262938444618,-0.10431295585569,-1.46691055321726,0.313331634515096,0.209086136071647,-0.425937610932652,-0.154439525696635,-0.0188195044268996,0.632233951218357,0.192921615175897,0.468180887290157,0.280486470872693,1.59,1,116.19502,1,"V14, V17, V12"
131722.0,-3.33826182790227,-0.153421588010112,-2.25781237413553,1.1414898844745,-2.77896106497097,3.42999259948547,0.67462476253694,1.79451145259832,-0.35513134387195,-0.557536962233409,0.15861299907894,0.373234194236273,-0.92281614784289,1.48949676750022,1.48180054579018,-0.551228853065932,1.60134332861309,-0.651383683096153,2.52024027805276,-1.33260427898724,-0.500730935437869,-0.493158933846224,0.711104444030816,-0.87282105951734,-1.37048948976076,0.620708017731334,0.409138329595539,-0.944531968162139,499.58,0,11.447019,0,"V28, V6, V17"
83361.0,1.20260357021209,-0.958265629180086,-0.758138596048979,-0.85629306389476,-0.0967967277038013,0.316657772395808,-0.131020667688615,-0.108058669475809,-1.04268577725296,0.71011356702654,-0.487654206186449,0.391121064440567,0.960901354209877,0.0333051206071466,-0.661132353847388,-1.10418825101058,-0.592893363377544,1.61457220021144,0.427223304571624,-0.0994193320403728,-0.416214542444556,-0.923229176666542,-0.366335464416191,-1.3165350225302,0.599762458325775,1.16375490885458,-0.0988057736767766,-0.0029828445240986,152.99,0,2.9190698,0,"V24, V25, V26"
34649.0,1.2506782828127,0.269672292481226,0.278981920600646,0.704618931081717,-0.465475502153197,-1.09419592455145,0.0190549775488271,-0.144590823940861,0.191422006354159,-0.253102353218313,-0.24980709212725,-0.324734063623056,-0.821956734623384,-0.0783920147871996,1.20980529652586,0.529668124262919,0.0528217201423884,-0.16815197891599,-0.190166063527846,-0.142304455209679,-0.298383704805128,-0.918268955819417,0.138901056624608,0.311224202553118,0.180315493530286,0.0979747577255206,-0.0304503126409368,0.028985767726209,4.49,0,1.1594398,0,"V22, V12, V15"
46192.0,-2.12141071707149,-2.071555315461,1.39125352960951,0.742342560498289,1.2764849196767,-0.969952990931075,-0.35969136724931,0.336593286422736,0.128129038317549,-0.482360053090868,0.281653019668604,0.431078631508209,-0.655283421119427,0.177406972305749,-0.792761597132046,0.506671572738405,-0.917104819737498,1.00735778082137,-0.526813675238914,0.786251914357254,0.586745115748372,0.780764629936452,0.713793772552139,-0.0247778922302656,-0.295761895958465,-0.499421557152835,0.0604886698916147,0.23973023839034,223.0,0,3.8408527,0,"V20, V6, V5"
43883.0,-0.343163086245759,1.16728480113836,1.30042897111183,0.0580781952606037,0.0605308178196291,-0.961061778883535,0.767344080411225,-0.10652232141991,-0.480824127460499,-0.531827745007306,-0.11666460462954,0.21334419133484,0.670639011643365,-0.539058760151355,0.833213247823232,0.357371070965831,-0.0232957371984643,-0.205257724537742,-0.0960551142431626,0.156165899114165,-0.255557100862336,-0.64376640601201,-0.013343709765923,0.348937114379571,-0.140639319634716,0.0698743876307746,0.248108446564551,0.0996500113126484,7.14,0,1.3557405,0,"V14, V27, V22"
129413.0,-0.415964190724565,1.34334712990023,-1.01320070261504,0.973742476398874,0.863506055694962,-1.38424616618941,1.27282682259709,-0.0157905678230212,-1.08401871183102,-0.0129651790785634,-1.15497770013995,-0.18686468719412,-0.224139362582263,1.18215126511669,0.241759441908207,-0.804415905586646,0.0309284569742095,-0.0192669033877719,0.54687981943736,0.0403956905269478,0.3517901025252,1.0058796906996,-0.120408474582569,-0.0088129085363442,-0.297517445806541,-0.383404175272404,0.346041644598481,0.197943746719141,36.0,0,1.9288598,0,"V27, V14, V22"
116233.0,-2.27045588224801,1.64249029120897,2.6772769880365,4.87383759610681,-1.40038442595992,1.84607676927369,-1.48632060449018,1.2938500917379,-0.3201351483802,1.33651532122928,-2.01337039345946,0.696458937739209,1.51429943339648,-1.1735837583788,-1.19177600779665,-0.280398424775431,0.926318389404832,0.305704226155232,1.54811340096114,0.0541684112808879,0.110037582412492,0.871491348876268,-0.0161059635144457,0.122772526162702,0.337157317489936,0.643449658848364,-0.170542594844061,0.12979866457179,10.86,0,5.352754,0,"V13, V5, V7"
162810.0,-0.803599082366847,0.92708044136613,-0.967498854311047,-0.532046296008068,0.384594867288819,-0.500337684157443,0.731949024786054,0.465234300119433,-0.230106088917387,-0.627189283242886,0.978092763408548,0.544635885143328,-0.456987287054958,-0.4806397351617,-0.843460624848679,0.601879189467846,0.382391563476854,0.24862215104228,-0.0797800953573978,0.0130059044877904,-0.28488202464041,-0.733629215869424,0.428215207239397,0.583586081215345,-0.359708957228052,0.109735039676331,0.26004078615926,0.0286676254155275,89.99,0,3.3416986,0,"V3, Amount, V24"
38111.0,1.47447076199311,-0.438698664031099,0.317685134155003,-0.860263607632631,-0.727687990572465,-0.481955631458019,-0.638946878503341,-0.159657450080697,-0.734443365704858,0.600103946501774,-0.858155462789921,-0.457673025808934,1.11901601556568,-0.43341278037264,0.851004978455868,1.47299530305668,-0.165231981283723,-1.14418968242737,0.78803278650744,0.13450367437772,0.0552453761392771,0.133020863867066,-0.0887801449148565,-0.429266427747406,0.502602716206359,-0.232255129421068,0.0211823424730509,0.0132226987911494,2.5,0,1.3134899,0,"Amount, V25, V13"
162013.0,-0.836757392009592,1.59075159126564,-0.875661423477964,-0.458923000385237,-0.101424973603925,-1.02019458875568,0.22548786794632,0.731244123659701,-0.416149377093375,-0.255397284143268,0.603527805462388,0.972066579038893,-0.0673516638815713,1.2101050545042,-0.258751378139911,-0.105347665675115,-0.303636717112945,0.608146838315015,0.185084039181613,-0.122164340658295,0.485098731362507,1.44365847317123,-0.0104470712966631,0.0500229511064486,-0.750779421313729,-0.229880105623791,0.364480894309023,0.24805347882173,1.79,0,2.9656835,0,"V22, V14, V5"
75994.0,-1.06307974274089,0.394042905523631,0.348015499665514,0.852454301032055,0.673427118624609,0.0216847959840496,0.268848195737829,0.498283155990885,-0.696265276139692,-0.513901056906595,-1.43089036454252,-0.412144361246542,-0.139243005440973,0.756034015235469,1.37466395859188,-0.167671018077174,-0.0762712672845774,0.124735187116484,0.424862822744109,0.191514700754622,0.253010334788436,0.332178143500542,-0.0431306868120035,-0.931820821733218,-0.165015146805068,-0.247804047262186,0.0478229070817031,-0.0037681670091313,78.0,0,2.290967,0,"V24, V14, Amount"
151407.0,-2.31947721276144,-7.96597573091208,-5.38470015434764,1.14681755126465,-1.21875615671936,1.04378443947587,3.31423549196795,-0.719133191421714,-1.28759137441558,-0.151250840146611,-0.840649920584556,-0.526561186835036,-0.459808411864702,1.44521808062944,0.838200930269755,-2.68218347735552,0.986188509766024,-0.0058511310018587,-2.32165760974103,3.971206846986,1.34253526971528,-0.734863333091581,-2.04970234200503,-0.395575793157823,-0.526846065336421,0.853753401215987,-0.521876082586679,0.302760758799156,2329.52,0,8.106054,0,"V23, V12, V5"
28852.0,-1.14118922832745,0.267667288942281,0.384023253676174,1.68334588694101,1.13228196064646,-0.898751396870955,0.527311484595354,-0.201985312843388,-0.0310221640416149,-0.150218560453622,0.325444290445036,-0.96335585876966,-0.886043610388743,-1.87630604911868,1.91950768013215,0.0451927311743608,1.57328745800314,0.69631134533532,-0.0166315625591406,-0.0942618315360426,-0.107768714901184,0.379428655111995,0.673929643186618,-0.11730880477585,0.0500744561391391,-0.177493440465141,0.0176373680576295,-0.0647516713967937,1.0,0,7.3315334,0,"V14, V23, V17"
134237.0,1.90951305484342,-0.199389044892569,-1.18120343334367,0.242445215391194,0.530463473582981,0.361541477623536,-0.0203967182557985,0.0855053105487882,0.451983317143202,-0.0895144463280219,0.0108366124874304,0.977827391788252,0.545421771296211,0.259495721236853,0.803609747927929,-1.05841332105886,0.561040703329542,-2.36743808434449,-0.998122988294699,-0.272414018527294,-0.192162687103441,-0.301128948166674,0.413637780979473,-1.01841023779963,-0.511374490990587,0.293278924269702,-0.0156556446152715,-0.0688794954248775,10.99,0,2.1428287,0,"V18, V24, V16"
150336.0,-0.172569790699467,1.23879230576348,-2.46748712140058,0.628913772621442,1.11599165007905,-2.20842884757937,0.564269538305537,0.0449230595615741,0.0885003064160781,-1.59776855322839,-0.0096330257027012,-0.447127648447826,-0.4863284809879,-2.54306129569225,0.774768908831375,0.370612861777631,2.59932379056017,1.40894732113823,0.0159370000986648,-0.105581704333415,-0.0015563601012261,0.106531637476059,-0.234375947915113,-0.222746192000793,-0.1834711719453,-0.511594089144042,0.12573082332098,-0.149864598209587,4.0,0,3.4236007,0,"V6, V28, V3"
121578.0,2.02684008624797,-0.536007240408009,-0.474166116392583,0.37164965499272,-0.656610817095701,-0.275163732637335,-0.725777799791262,0.0314093343893381,1.44932316609664,0.0357680729743724,-1.69568911781409,-0.340097050977803,-0.679967280161416,-0.11224578931571,0.494033895034097,0.540584206160529,-0.652974029873569,0.309465169589926,-0.0286264177087257,-0.228702878073903,0.111077146471434,0.500602546529052,0.0976084348601479,-0.551581012388039,-0.230946285355555,0.607899227321727,-0.0263149051345959,-0.0546413765426014,11.5,0,2.0124583,0,"V22, V24, V11"
127846.0,2.05226099169725,-0.0802140261422142,-2.44741187430832,0.258532866780701,0.877266727311184,-0.989439047556111,0.850925897154454,-0.529724468410897,0.395231009486252,-0.0378761769312403,-1.72821719492038,0.163500859410773,0.258235775879346,0.556260402764179,-0.154736442865444,-0.595140343466941,-0.492034388910637,-0.254728869985735,0.52905956736461,-0.0923437735994816,0.105795905461413,0.418407120313751,-0.265682481664402,-0.942347254564843,0.684419788810566,-0.0137619967613312,-0.0644706548933776,-0.0731317363273715,68.25,0,2.2097101,0,"V24, V3, Amount"
133161.0,-28.85980090612,-30.6038578939955,-6.20380469018211,12.1550161174889,2.66189212859295,0.0126512193283295,7.55165047767762,-4.27096077420886,0.766358510128539,4.64879284523851,1.77755171492027,-1.22671273747337,2.96956697854141,-3.217317665065,3.44959364029322,3.00123257381151,-2.14084260886418,0.75692475398123,5.57211332687969,-23.6468903321673,-9.71518121249366,2.12616663455219,17.7517305591435,0.86498819194725,5.85248357091456,1.60482855215622,8.93263874924168,-4.07377852191725,1860.0,0,101.70308,1,"V20, V28, V10"
151145.0,1.90472844726327,-0.569130512884673,-0.256311656167095,0.388253901812418,-0.842159689625149,-0.33114955058692,-0.733374774006906,0.101845800727765,0.986803497323937,0.213025924649208,0.80234576961806,0.743095510079666,-0.481451560068715,0.137834783955522,-0.0546121162481158,0.507055037875336,-0.677789262261683,0.545169761672225,-0.178098722066789,-0.18705902207674,0.315344233196838,1.02053591904377,0.113129875081993,0.0721692228113832,-0.298221775698388,0.622371360516733,-0.0315013854545616,-0.0566992587063937,27.0,0,1.8405472,0,"V22, V19, V25"
156948.0,0.0028551051513523,1.08666689863037,-1.26812835635038,-0.180815780470748,0.311954222109421,-0.858733457629491,0.642443222588231,0.214604989069804,-0.309263678951184,-0.910369788877539,0.764473710538441,0.362867600737337,-0.21436689392659,-0.444646613300457,0.0208927586140872,0.547686198332426,0.298588018450014,1.38159473734014,0.14685466135512,-0.258510616677256,0.358781301713377,0.972380787782887,-0.0784388435676605,-0.420051726066055,-0.261565579547711,-0.159137815015172,-0.181696418179967,-0.0777580469624402,53.58,0,2.92553,0,"V3, V22, Amount"
127943.0,-0.939449433024247,0.614162552397971,0.940888491963434,1.36544071395264,-0.0180697815529283,-0.184107125456687,0.0211949575768351,0.461757062379651,0.144357316435029,-0.566115115875703,-1.53816854283197,0.445985682558768,-0.243498522203026,0.0526078426112042,-0.961868215789724,-0.816114642204189,0.503478880347532,-0.627601505726922,1.15099411625157,-0.19890594722376,-0.346421211819192,-0.938299981237598,0.101031235094246,-0.0717316228150934,-0.847605609536183,-1.01866024770034,0.0635183156485762,0.0661862713406899,24.91,0,3.5515423,0,"V26, V25, V22"
143046.0,2.03436680397678,-0.796927922913542,-0.434461217727463,-0.43663866955251,-0.790074323069348,-0.0117139418906954,-0.868394491147727,0.0580116186495134,-0.244574782056825,0.780688412788581,0.842981369963505,1.35075688965607,1.16130900385446,-0.120417088532784,-0.271408984949853,-1.16928314325265,-0.581369313069808,1.48529095643541,-0.521456322291205,-0.506920074599951,-0.520707809025848,-0.960998156695193,0.478144746887195,0.692177050876545,-0.541497746315907,-0.722002447935662,0.050191161654985,-0.0248614836428588,23.77,0,2.4669442,0,"V24, V13, V26"
44018.0,1.01941254473936,-0.986523893264571,1.37326753776465,0.463997691619199,-1.57027055002072,0.587294245726292,-1.23667099608942,0.501777946946428,1.78671198732862,-0.308528185072465,-0.129328610608095,0.121768613663997,-2.25499703870173,-0.400720840118159,-1.4744656007297,0.135627417230663,0.0849933469250371,0.412657782107089,0.884321593692946,-0.0763956302619857,-0.056458268273483,-0.0216491141079797,-0.10192218795783,0.0696968702731669,0.149793242257158,1.10498035855902,-0.0317525690394548,0.0110706979272927,72.5,0,2.3136747,0,"V13, V15, V26"
38907.0,-10.8502434256757,-8.15840983263459,0.202379900695666,0.921675873054226,1.34157730304333,-0.553771828135569,2.86408572552498,-3.03769938624422,3.75032300033891,3.33513967075034,1.73335879002835,-0.462252044529223,-0.309013065349412,-3.06934006576241,0.515236545024117,1.77056526098313,-2.67066814820937,-0.196578400980177,-0.118462901386682,-7.48141531886402,-2.81079121587241,1.19304730623275,0.603522972889351,0.394308475437018,1.07806378926258,0.171255392368396,-2.6606065660123,-0.0887864911250375,266.0,0,11.338495,0,"V28, V14, V17"
59733.0,1.19239699794387,0.0656866695427884,-0.27056007769353,0.13894342888758,-0.176463987775655,-1.36910278141411,0.589048745113825,-0.467875393170805,-0.297929289141413,-0.140590051169135,-0.0772466580378458,0.662652894718888,0.970157211952542,0.306471522562107,0.664321548185617,-0.127842521183241,-0.210288096927218,-0.793543503371988,0.0911175303287035,0.121420208312349,0.0037250130983049,-0.0724811703992149,-0.156150409727193,0.509810019291911,0.557657613438236,1.05968459309791,-0.120304229353602,0.0048470307164332,75.0,0,2.3588917,0,"V26, Amount, V25"
158288.0,2.08473654081784,0.0676795318213896,-1.79337022262212,0.392630025512059,0.385427477560122,-0.819933113351326,0.102042447377598,-0.159231469432234,0.684313757287746,-0.343199234408582,-0.909923258056052,-0.535890469142862,-1.09460507373181,-0.617637984564462,0.346832558985667,0.417675568493285,0.484461976885816,-0.11110426528473,0.119731110911871,-0.226458807059805,-0.388407896835543,-1.07071436800979,0.334532610999878,0.346447527284245,-0.277469536022705,0.18529963759399,-0.0706983833221457,-0.0345469330514272,1.98,0,2.5264363,0,"V3, V12, V13"
41554.0,-0.494581390393771,0.315539472319563,2.00365406487058,-0.0276591887307298,-0.755467052364885,0.453116756341145,0.18871834916298,0.113297829866842,0.449158953711504,-0.697963900889963,-0.509336899481515,0.88652390467491,1.05704572544083,-0.824470373472116,-0.0550776013561159,-0.82156891171386,0.581939354397141,-0.954129212427073,0.903245728791251,0.0813218383613219,-0.0555550948980478,0.176969826555048,0.120522245882566,0.195698106767203,-0.836393547005173,0.951677375543467,0.0445780892067603,0.142651800527963,76.0,0,3.486258,0,"V26, V25, V14"
131011.0,2.14338121913167,-0.802259063648252,-1.45942595406244,-0.962648068335375,-0.380092431150754,-0.88681433630299,-0.268930782961748,-0.259288609109246,-0.709401005409987,0.951667499078003,0.701609687915308,0.122310831355294,-0.0135466467517208,0.16962826639276,-0.985136984346477,0.918370767030841,0.0313959677436904,-1.26155376872098,1.22679596891636,0.0218935265469265,0.0741371523555834,0.153577232349098,0.11564906877425,-0.325773191305943,-0.0127545319032173,-0.281605183615614,-0.0501380868381483,-0.0716334558707816,41.39,0,0.9838871,0,"V15, V3, V6"
111542.0,-1.43117587907525,2.29344655379374,-1.67701427659974,-1.43199041887343,1.34441473019834,-1.15575954058236,1.54521812269416,-0.414041570380576,2.29664196761429,1.21046585917525,-0.765759247018575,-3.18567341919245,1.03392128187567,1.67874745960991,-0.629485656986334,-0.598569881992499,-0.0538243778969777,0.0913778450132605,-0.189985206494874,0.676303449048535,-0.212849751293095,0.442906845133332,-0.292232569872963,-1.10967032863336,0.059545847283054,0.092581639761256,0.541122674309928,0.114183256989453,0.77,0,3.7125463,0,"V24, V12, V9"
53172.0,-2.87611456876462,1.5022659768221,0.95078382147428,-0.244832364720315,-0.016978920138961,1.01733032161878,-2.32011960579025,-6.44207274500076,-0.75464822737151,-0.407990765364791,1.64992574742451,1.4190427492069,0.22528482608534,0.814077897236398,0.956034833191145,-0.0879517805626494,0.531407144504412,-0.145984226113701,1.0518700966091,-0.603785302111988,2.38800120933289,-0.71042439341478,0.842854324913529,0.0356373931990864,0.100320560258033,1.2114479953822,0.434707397537156,-0.0342663499656015,1.54,0,7.2104087,0,"V26, Amount, V11"
90138.0,1.06816468452641,-2.78161769780219,-1.41502293112087,-1.70091963836995,-0.808282913539476,1.05733036741805,-0.448035134123151,0.0889478851685017,2.29398395606513,-0.986799224559125,0.673363572320359,-1.39759685232029,2.32972834654149,1.36093606545802,0.507054628544713,-3.10459837196421,1.78558582617204,-0.291380201782856,-1.14684249327713,0.330434047107602,-0.518366918671655,-1.56197537464333,0.167145474386109,-0.43983884415303,-0.903298691269908,-0.68563657596901,-0.0224351885731394,0.0414231640077138,515.67,0,9.853903,0,"V4, V9, V10"
79943.0,-1.44234280492508,1.79203863428157,-0.144483423126886,0.441425663172768,0.0747711986151977,-1.49840420321054,0.16626930385995,0.722989907936847,-0.638217600069292,-1.41295855439305,-0.434894283422186,-0.236335571903457,-0.425907983129522,-0.848817465413576,0.471880651724347,1.01554871228407,1.00514320151595,0.776518174396044,-1.19883135678923,-0.259197074163192,0.0480448452783034,-0.0965032534412437,-0.257125019023207,0.231643087427222,0.387060070435419,-0.468163424118939,-0.0562249442378148,-0.0725707527086565,1.0,0,4.171995,0,"V19, Amount, V17"
73860.0,1.18038316562081,-1.50537777927859,0.442704413319894,-1.40622048825318,-1.60732046816152,-0.341471946048651,-0.941577715689476,-0.0812041430887976,-2.0782558666946,1.49459941360678,1.07472698605959,0.0367413409102949,1.0792090534811,-0.27721545966109,0.0368459097979675,0.0977408756560956,0.0293664949564056,0.482240497681357,0.119558618195107,0.0513616656377932,-0.237486158506104,-0.695176989085014,-0.0182804398990316,-0.0320679031771726,0.105862039110695,-0.42545169363054,0.0128845139125589,0.0446989559321169,169.66,0,1.4912506,0,"V22, Amount, V13"
116356.0,-0.922575011785564,-0.595062803929798,2.89621569349376,-0.869707523463905,-0.885191530466148,1.82045132020115,-1.21471778357642,0.715425754559888,0.393553064757818,-0.277364838966611,-0.747077333210163,0.550805658342147,-0.0883954784115925,-1.3195964054339,-2.04908060451014,-1.86713285771103,0.166293756729649,2.27831647888597,0.371552257385581,-0.397186272143101,-0.205429265412164,0.231242395776546,-0.391478871694581,0.30659436044853,0.458202675202461,0.0147883863903448,0.023026488318344,0.11721193616917,23.67,0,3.2129517,0,"V14, V24, V18"
57027.0,-2.33565492855671,2.22537994112476,-3.37945038583039,2.17853822878821,-3.56826371512658,0.316813583664713,-1.73494800330036,1.4491394338594,-1.98003348126993,-5.71150474047788,1.83721490161197,-4.5403416445233,0.747845860345767,-6.28431406964108,-0.128887216546494,-3.5632394063049,-7.36832064555377,-2.69295315786876,-0.450550113544917,0.274027122680488,0.78554012192761,0.29741198434836,0.308536146370564,-0.598415746387816,-0.121850330815637,-0.491018310202025,0.701606041424924,0.206966343288918,444.17,1,254.72527,1,"V17, V14, V10"
153890.0,-0.142214865075348,0.756528876702169,0.230773647235508,-0.577620442720367,0.389941181169381,-1.10667150844875,0.872412966078555,-0.151469155907231,0.197021275673461,-0.269479366327432,-1.05717742949944,-0.42779856254387,-1.09651960473016,0.30417663915748,-0.22274060563892,-0.112379572522139,-0.295507785523531,-0.70763160321044,-0.142758354779033,-0.123979045872218,-0.24823853238462,-0.64127698111781,0.120141330836574,-0.0514484275481097,-0.546676445158257,0.134816296571872,0.102534663293765,0.104319732200761,2.99,0,1.4001125,0,"V13, V15, Amount"
153450.0,-1.40136969949967,-0.254789288583226,1.84872232027579,-1.16100326088997,0.50643007174779,-0.13071696924223,0.542026260946499,0.197793725017863,-0.289546875721042,-1.07472707672148,0.339834816999175,0.719873849846129,0.42014403672996,-0.131485480819592,-0.744799464849282,0.934175932882472,-1.17043101563809,0.328824849389308,-0.175860769639497,0.364294683699154,-0.0732407709845828,-0.657525334373283,0.0894864499858015,-0.505162107869114,0.358540118410736,0.317396625062612,-0.0907305330300192,0.0591427792896854,128.0,0,2.0690148,0,"Amount, V22, V13"
35973.0,-0.491756170572487,1.2491738684764,1.45446206035386,0.20171873279748,0.511612934609599,-0.492375495677927,0.924383532624009,-0.344954725774476,-0.488581879891019,-0.110572328037412,-0.376086265943309,0.0968729057523889,1.20320130048513,-0.830927846561289,1.25450293043001,0.108121136641122,-0.0856949095495481,-0.0192735009734462,0.830457635102174,0.361656097135664,-0.308232743520028,-0.619558778541697,-0.187709020951836,-0.164696229013718,-0.132396205260279,0.179538611563402,0.0224067173508883,-0.0411057179567518,2.67,0,2.27097,0,"V14, V13, V19"
129460.0,-10.2902186154204,-2.81584168080385,-3.01530847940719,0.670187478112489,-0.323125887778944,-0.0128617335413466,2.31514941844292,-1.9518537298006,2.914832021994,3.56014916049862,1.95770550521023,0.82282086624402,1.01306954981292,-2.9800781798944,0.238420397258457,1.03943218891385,-0.389423762099619,-0.408473550214958,0.710843512222387,-3.98493826485718,-1.72638833708108,-1.29360739914238,-1.58962178918055,0.994588265761011,-1.02471280810668,-0.792313739123527,-3.59674317444922,-2.94484003864607,160.02,0,19.293076,0,"V22, V1, V14"
67604.0,-1.53605880489296,0.0313974265682839,2.9246497255556,-1.66926129702326,-1.11494131114561,0.940579451761789,-0.751582118931203,0.393202670374706,0.622733227913108,0.865506993276426,0.63784420928526,0.0573212914944765,-0.662540006523705,-1.69860913611337,-2.26512505442851,0.482788605939666,0.584572891950263,-1.25831230899724,0.362951552506304,0.365265294075993,0.114428092154657,0.972006075658717,-0.308195322770148,0.0674252320508849,0.512533263574883,-0.138522824050368,0.155159743713864,0.0085675948325681,3.0,0,4.2167015,0,"V14, V9, V10"
131212.0,-0.321281730514918,0.345993806802756,0.575506751783214,-0.958669358385822,0.58964846048938,-0.719011452012916,0.999241207384033,-0.0779599026755681,0.88577980587528,-1.35391736093562,-1.7739254273312,0.575298354311481,-0.448639679716096,-0.393746211799998,-2.73337090479497,-0.637823598810839,-0.270910840212369,-0.986135361180203,-0.730479837493773,-0.330624015343662,-0.176550882809306,-0.250661715713942,0.0996678628758116,-0.104734399411525,-0.730183052892303,-0.860356726803124,0.22349099655457,0.237938417198981,25.69,0,6.0525155,0,"V15, V25, V19"
48399.0,-2.6014564277633,-4.21086754671511,-0.521525197670156,0.0046120889703305,-4.16197497912133,2.93733608598846,4.10475983083216,-0.929994640986013,0.584955285772012,-2.30244395656311,-1.74755853473505,-0.491074366871475,-0.614225067353618,-0.231462627041314,-0.345491315820322,0.547359796977817,-0.250359456521229,-0.169008937355711,-0.809495360024229,2.94055144697548,1.35215327620319,-1.19350737334327,2.55465205896786,-1.0398661625059,1.36849214051708,0.929407132789128,-0.432355468292901,0.284319782274765,1519.0,0,9.3781395,0,"V23, V25, V24"
40419.0,-0.0853112513771672,0.362863760528426,0.731939846565281,-1.11612022997232,-0.0655398298145416,-0.208379961855628,0.436858024857524,-0.14242268162199,-1.95486498475826,0.694005875172258,0.59834008412025,0.373644937298329,0.969502834664744,0.193649422012771,0.151628123334656,-1.31626036278455,-0.29490629741686,1.2630381034212,0.888351941958878,-0.286753945518241,-0.701470466228104,-1.6555583230712,0.0962472190354749,-0.515664641359276,-0.531493054099743,0.687602236789801,-0.14502816628307,0.0159473086091499,32.99,0,2.9409087,0,"V22, V19, V13"
149251.0,1.49942940328025,-0.227201185384311,-4.33305217140062,0.763112659484726,1.60159614786856,-1.54095420263662,1.76545294981386,-0.785451539863815,-0.0683670170636556,-1.42547489387757,-0.588261296090348,0.0570262637416386,0.979693540984808,-2.21871043244756,0.287786058373359,0.0152755805078653,1.78926128999004,1.02329517117624,-0.0926640459092344,0.613939804050428,0.308892966339955,0.434694632952628,-0.7321666649214,-1.19680282852569,0.941177434754887,-0.167481989522546,-0.073577637662691,0.0355620071137807,355.1,0,7.8837132,0,"V24, V3, Amount"
40544.0,-6.50884503966499,-2.82222327660113,0.0155513732304272,2.93095493233414,0.516967044494323,-1.68941875351932,-2.02029065553614,1.62944506543143,-1.60948990739957,-0.376805883169031,0.707693654911975,1.59417056431346,1.0970082035759,1.35775150071373,-0.273698753125504,1.97509265306995,-0.496163340104058,0.591482061319662,-1.45015624793871,-0.819114987421581,0.331073747709153,0.0189707749799148,-2.47914243135023,0.794595399882761,-0.0776391290965783,-0.112821936202101,-0.179885784158284,-1.29561697489978,10.65,0,18.680573,0,"V28, V4, V16"
138863.0,-0.547685016255615,1.36055774007792,1.39121512314801,3.11930093518637,0.241716815762001,0.377054620867244,0.366219529426853,0.0257349688177569,-0.788187975729003,1.38478244424188,-1.45717526064473,-0.0689341430274658,0.945832703027352,-0.637697046269379,-0.936388228291896,0.886465108509224,-0.962592909144672,0.177794584233381,-1.48833094792384,-0.118285350474342,0.389094662993987,1.34245910646969,0.105709286473888,0.060032665492971,-1.22634336970341,-0.0623702828338281,0.177155416194614,0.336673653026414,16.76,0,2.870727,0,"V22, V25, V28"
39886.0,-0.903528485093183,0.091354766552721,0.378423290632277,-1.42635187766358,0.0954247932848715,-0.922402583220345,0.81351771533306,-0.125815221003643,0.680523077134758,-0.668569279271099,1.67370677785478,0.607912166410468,-1.23311419684527,0.657731468266906,0.889713646943933,-0.976937347037943,-0.0558887321525203,0.0669962689809188,0.621893562633486,-0.426508009110031,0.0479756053306545,0.648271836624984,0.315472244861874,0.203785886656807,-0.0528874794159061,-0.789956151974924,-0.489123492077665,-0.572194840821618,49.95,0,10.040943,0,"V28, V4, V16"
7445.0,-1.27514795610648,0.143610718034813,2.5705080545086,1.7287385453732,1.05885848282363,0.224548340513813,-0.413234475260393,0.337820197674338,1.04680425719577,-0.547346019810803,-1.26620939329241,-3.29436936089615,0.991389954636424,0.997812344522062,-1.56712626177895,1.09107962782147,-0.266851265679071,0.58819383009331,-1.32558721303165,-0.0085741847190219,-0.155514646943166,-0.439693426367025,-0.114992958271602,-0.682340828243512,0.123821908819623,-0.181840339642822,0.0318026580760191,0.112495366823122,11.41,0,3.8416517,0,"V12, V15, V3"
139445.0,0.28158303802022,-3.58243206969767,-1.89015159318495,-0.344996919447101,-1.17445363865459,0.492741039401703,0.436674005953293,-0.10696096039717,1.17638452434073,-0.654113610633372,0.544892309482621,1.08134984630499,0.714377796815972,0.224183892767526,0.691382185046802,0.693246615920671,-0.95667689018013,0.874574735013228,0.247578491288417,1.77960891657841,0.746349246880822,0.200555117486441,-0.681068353468551,0.158839951318323,-0.604578759839502,0.597708218399293,-0.215195787068374,0.0981784439589611,924.0,0,2.9283743,0,"V13, V3, V4"
66296.0,-0.521675144961717,0.194369272191915,1.08959906430849,-1.15972171181843,0.15995735223557,-0.725444080104305,0.809514477281707,-0.178062852471223,-1.86139257451598,0.0277315384149104,-0.31080837541054,0.364189156705326,1.24644579252211,0.0117915732140167,0.112831922447303,-1.62612097773416,-0.0532820156893027,0.0147603531261031,-1.54946984842367,-0.336050408942708,-0.569284427500526,-1.34306060258109,0.364764437257327,0.0310411920396064,-0.700937872353344,-0.104812593816381,0.0876388134855187,0.158205332421903,64.02,0,3.0447125,0,"V18, V22, V19"
33948.0,-0.863852927508185,1.30013625054786,0.294444087350136,-0.268314322260734,0.0271112285771528,0.640054840873334,-0.479397097294202,-0.915158666855515,-0.482289026833957,-0.331803077531993,0.440798847030017,0.493126239327442,-0.353797782980044,0.766353273470112,0.311908769402156,0.476529322095812,-0.370574625370723,0.268662819784065,0.0816438264290061,-0.55404516466991,1.61848231380702,-0.389267509793006,0.178563412145948,-0.835256997744938,-0.349331633224609,0.278164983340117,-0.0154640514330013,-0.0376959187987361,16.0,0,3.755585,0,"V21, V24, V14"
139886.0,2.05802661733069,0.198991950468926,-1.71129328689637,0.534048334132674,0.144108511135377,-1.52184588158431,0.260194847790973,-0.38347605574766,0.623971975928618,-0.465681314846662,-0.399650569574909,-0.0530273999358574,-0.210137832306335,-0.68790225141695,0.921941948139235,0.217088297648455,0.402629285556087,0.530672416157332,-0.425019651974653,-0.219127796198139,0.192177734171973,0.721235442593414,-0.0200529768818216,-0.0484525550175996,0.248324148468897,-0.101756128915497,-0.0037739839700596,-0.0317073189333613,3.59,0,1.729804,0,"V22, V18, V6"
167460.0,2.00140622880724,-1.83262905105093,-0.873296806727849,-1.56672398110205,-1.36784509213032,-0.251217181476092,-1.1008425536384,-0.137974016553712,-1.42796322275095,1.63057499016976,0.424238605584248,0.309615652073846,1.48671911630874,-0.545720154163051,-0.831733670512536,-0.136870898841188,-0.0330721676409159,0.561861779355757,0.197161756350132,-0.0658501379967165,-0.0278726877788337,0.156942879309955,0.0547961922486362,-0.477829935154559,-0.267064876618407,-0.184306637826716,0.0027110650922533,-0.0331101158284942,154.0,0,1.2635953,0,"V13, V15, Amount"
95559.0,-16.308650062507,11.6148005425867,-19.7393862972953,10.4638662754002,-12.599145656022,-1.2023933184963,-23.3805078207357,-5.78113300512982,-7.81102238181602,-16.3035376590131,5.57362527301538,-13.6352161247268,-0.483236243869236,-7.35279224297253,-2.39268418895092,-8.72814239367754,-17.5988535455879,-7.45595632935304,0.169740705598221,2.10603387120175,-4.88498262418118,1.14091043558273,1.39295263139548,0.348996604820014,-2.16750975079914,-0.798753537981903,-2.94277507305079,-0.462679619023024,1.63,1,2133.11,1,"V17, V12, V14"
166327.0,0.264832692860236,1.41333686619784,-1.98428991485903,-0.430066972162753,2.10660292029505,-0.932942918524842,1.49500192357542,-0.219373225219638,-0.904167379659973,-1.54346723779256,1.29786165746472,0.0894529067024785,-0.0662852026185458,-2.42504081576539,-1.09803907509646,0.604908880049462,1.70706333384991,1.17083072568003,-0.170645309782053,-0.0601515831762401,0.0331472652699525,0.209729090995611,-0.360953172283014,0.122214061782415,0.194537018826606,0.615606248619385,-0.0393544626411916,0.0258769188066643,0.76,0,3.141673,0,"V26, V14, Amount"
166203.0,-0.612647862131275,-0.435112028816909,-0.62208509711377,-0.323013174506652,-0.516382670834303,-0.243565324356783,0.788911069306202,0.412335626863348,0.0130110767729724,-0.851618323434654,0.182144874248335,0.331817389677058,-0.901279240028009,0.820904473066027,-0.340452157592358,0.114639111390654,-0.402876687214411,0.64933788021063,0.553357131907999,0.353876251051611,0.351544526199706,0.39167518176965,0.570040582569275,-0.424871548113189,-0.307557350098307,0.0179091209536069,-0.193540698828363,-0.135869755931479,259.25,0,2.9762466,0,"V23, V3, V28"
167570.0,0.248136706143296,-0.308493224445988,-0.146326467151134,-1.49953145920786,0.487817781205983,-0.215426812311326,0.640904340633835,-0.397844087125898,-1.48287712504212,0.833978228949287,0.207833374321879,-0.533509119121124,0.677275617996869,-0.128559875009403,-0.160085707341442,0.837875367446624,-0.307965015748612,-0.190974156807265,1.98923109304277,0.489799847679657,0.600643304441728,1.75885787061435,-0.138365021071552,-0.889786409131613,-0.644835584286142,0.0962676011087798,0.0391062037889945,-0.0013752070974933,85.85,0,2.9562132,0,"V22, V24, V19"
32865.0,-0.586623215086864,-0.0103796669692862,2.79976984510242,0.189034723469002,-1.03745035973905,0.0493883714052416,-0.538862609270108,0.281209476238094,0.701028144398164,-0.671661370053499,-0.961329662754302,0.0055210886245528,-0.0028930201835764,-0.761841380866482,0.440634167006267,-0.0381932372265209,0.133104561730751,0.317493708939581,0.832492719056759,0.198076353145346,0.247161766850816,0.863642748616726,-0.10434930693311,0.49924207237548,-0.405396753508903,1.23396006540975,0.0912648324858334,0.130152800433544,33.98,0,2.9259372,0,"V26, V3, V14"
143636.0,-1.91595128839272,-0.935005606132985,0.852989186306291,-1.23065451986633,2.34945225906127,3.8946220322986,-1.79238719035461,1.84900708215468,0.128698619879699,-1.05862492899915,-0.426957855803212,0.0689905522043099,0.118281905773743,0.0357876856901052,1.3904229331078,0.62790678692414,-0.426121905766024,0.509830350699327,-0.106886625275602,0.399538524949571,0.368963746549874,0.436657988942392,-0.277267628622094,0.77190100177087,0.21197505553704,0.841857682393091,-0.0409363510281233,-0.196252374429913,16.0,0,4.288618,0,"V7, V2, V28"
82428.0,-0.63864306885992,-0.94913275764104,1.38588770167661,-2.73821945521689,-1.04945003191988,0.642684748686051,0.122373292586846,0.106727865559489,-2.49682070688772,0.674841722836271,-0.130811106222389,-0.705850138660075,1.13204739324019,-0.603302927213914,-0.412639424949169,0.683958858142782,-0.667499786309746,1.20072844004138,-0.159791675608122,0.194576184653038,-0.0626252503481952,-0.247392099416182,0.222048908204094,-1.0560555749335,0.0439159338803637,-0.392911998443846,0.047665110599262,0.108069443217494,209.0,0,2.6514354,0,"V13, Amount, V24"
34502.0,0.920182926838789,-1.15685330644108,0.724242655786229,0.572279570638258,-1.34912323202076,0.391930678573042,-0.87431943691211,0.339037223176347,-0.380083890686411,0.818584586464851,0.606493462333856,-0.409338860517042,-2.06869704712433,0.445505268679248,0.12976330367004,-1.41975385871239,0.098129652722625,1.77697886872342,-1.21434487296273,-0.405465609262371,-0.0993725603189865,-0.093805346846916,-0.139583739307188,-0.0444869907053171,0.291214199033272,-0.218650624089329,0.0476650849818997,0.0417806309201219,158.0,0,2.3384247,0,"V13, V19, V12"
57321.0,-8.60043141935644,-6.08926710510928,-0.37945302576691,-0.338149163368879,2.90593833750351,-2.26001980422848,1.61612370415391,-2.55482795418082,3.18152081485276,5.60298628280192,0.491593771097287,-2.15206535706952,-1.39596449867337,-2.99263276829178,0.774317863738097,0.685351019785362,-0.686227599379325,-2.58311307563311,0.896411263548471,-5.79507507463868,-2.8854318641183,1.95349591501109,4.02187534828479,0.27118467873522,1.39582633223987,-0.0175585259440129,2.3597852614603,-1.64508304700373,20.0,0,16.444149,0,"V14, V12, V13"
75966.0,1.2172921944711,0.614667517420866,-0.476507951505904,1.16524287687422,0.239201346547585,-0.748422548148296,0.154003009984543,-0.0370577319166281,-0.220713368156614,-0.491395474420558,1.40860523616898,0.087415381395891,-0.796177328412957,-1.01812897437395,0.490790112998591,0.921749960898074,0.564907322543157,1.2820054329305,-0.207464542382111,-0.121760582979367,-0.0457661991724984,-0.128089987484135,-0.16808211530812,-0.149583022703851,0.680813833692365,-0.322120563072582,0.0263616143436696,0.0424712090396943,1.0,0,2.1521575,0,"V18, V25, Amount"
141243.0,1.84857968422292,-0.873601112380118,0.294112222790166,-0.39177736393009,-1.75044809848834,-1.2666437780461,-0.83696566309286,-0.0926228541921155,1.82167631981427,-0.47248521381118,0.026296582737399,0.764669669905707,-0.054994055338543,-0.225813386327927,1.01709275435123,0.115180705428486,-0.172675857342208,-0.228229892240903,-0.215854968277105,-0.0890023760144076,0.122700535494062,0.424889951505342,0.374291918054456,0.97767151426026,-0.727843894603288,0.472281247245956,-0.0234083526221288,-0.0234615448957947,60.76,0,3.495535,0,"V24, V25, V9"
62361.0,-0.802460645631881,-0.0984931590467295,0.837020666268228,1.0286858037794,-0.296886273553771,0.71267106691475,2.24356480350002,-0.338599628990196,-0.786689829198952,-0.380416319760772,-0.533573868800776,-0.0073636780922155,0.85030531531128,0.0230856982037864,1.31253423601979,-0.345816362255573,-0.321193085552261,-0.299353751645308,0.205931704488361,0.961327658509972,0.132130636214727,-0.070329912628219,0.827093319492819,-0.514994298435544,-0.3370491806764,-0.534265516892938,-0.102861623904328,-0.0305786809583405,395.9,0,6.425347,0,"V7, V23, V20"
42439.0,-3.0819680967285,-1.55036247279674,-0.483151453911739,0.0902066445320382,0.858745165078532,-0.551849575376097,0.930075807145029,0.226373321922888,0.207312296823904,-0.476486555345494,-1.57772169715484,-0.507040676506605,-0.773978197136696,0.31497837382692,-0.0704363611534149,0.151394105024482,-0.256767885394465,-0.531712340397542,-0.286921044832409,-1.13318339175514,-0.303286161775619,0.452925507970876,1.85782739712081,-0.751548765196469,0.180533420444818,0.466146493497493,0.499756434830735,-0.0661885509490809,195.78,0,4.9913564,0,"V23, V24, V20"
2791.0,-0.519427052708751,0.375382653655995,1.23691886880424,-1.8595126278526,0.535196663799361,-1.50467024029839,1.08787205335018,-0.629134222396969,1.03826028840638,-0.754407017080517,0.529642367739059,0.723962469277576,0.199499446695145,-0.191234287799327,1.08827194357803,-1.17593364140241,-0.231883556311304,-0.673940308304038,-0.594809949821722,0.019105065077436,0.113015509279322,0.93173331175683,-0.190492621339053,0.63484566120317,-0.442871559772629,-0.929423530966865,0.0458069876659079,-0.211670344497325,1.0,0,9.244387,0,"V16, V4, V11"
114006.0,-0.728257777886225,0.870416637356987,0.979924120659483,-0.671253869268464,0.245477961575426,0.586255623083382,-0.0639331888856615,0.708914124951785,-0.198296972887681,-0.969956431114249,0.0444163850365758,0.808081903092943,0.38135941071579,0.316805561055233,-0.106606122976332,0.478646138191411,-0.760463582271423,0.77665420756031,0.903107637457638,-0.0717889955122838,-0.0644473300800969,-0.316759598641987,-0.0880174652547306,0.0603708843927967,-0.220732030567559,-0.543714875872933,0.0270691686356642,0.0675714277504788,8.74,0,2.5425582,0,"V19, V24, V18"
38304.0,1.18153568689414,0.164381116326624,0.481416096568057,1.19220306100661,-0.559485905758768,-0.719237251441364,-0.116991314245469,0.0570182372467064,0.036364421602131,0.29846984026717,1.09777752838331,-0.210717641026431,-2.21513800262929,0.960393280434335,0.455445359759171,0.38631852326773,-0.527767207582544,0.6205853392031,-0.246513882163082,-0.280409775674887,0.108797160091119,0.229777918736318,-0.0677170465116168,0.493451150722269,0.545596981688333,-0.303619307709795,0.0013409502993285,0.0088518840629321,1.0,0,2.7501025,0,"V13, Amount, V24"
150896.0,-0.295009459937106,0.359637982503211,1.0444287323009,0.964266575509698,0.534858851080388,0.906409685710479,0.240195947962138,0.437517148838451,0.201743195466012,-0.272961475419665,-0.33607190697326,-0.0448040711099293,-1.87248711853825,0.232741247828377,-1.41328363714916,-0.536233688008913,0.013395881151394,0.207730717170868,1.60289178463223,-0.0270175714270271,-0.372472010575406,-1.03790581111636,0.244902216425576,0.170550617100994,-0.827062451415575,-1.02850626700907,0.232646665566853,0.207970977845928,37.85,0,4.9229326,0,"V22, V19, V26"
71961.0,1.23345735985048,-0.792269125312658,0.169238598048286,-1.59290615267919,-0.561652578432609,0.359010535382393,-0.739237452623837,0.181953183339386,2.09361889664692,-1.21072222344329,-1.50640185816375,0.122951484961093,-0.145234542948867,-0.19205723787509,1.73950198040292,-0.279815099594637,-0.282203916974735,0.265140141887754,0.832050649119395,0.0025813659932064,0.0733189000202934,0.392579722306026,-0.285490417417968,-1.25008806234883,0.567659639660864,0.226712934579686,0.0481936965527373,0.0133332515231502,52.0,0,6.3308115,0,"V4, V24, V9"
67374.0,-0.228865800456347,0.0864308284037404,0.791165289798313,-1.4510210146435,1.14115377587494,0.0701102531248694,0.442419644401004,-0.128557154283601,0.305720293922152,-0.840506519539935,0.942924435770995,1.32576485142462,1.45000578075552,0.0106133650486147,1.33029172921218,-0.84772621573208,-0.529408685891426,0.5604781409476,1.62330822238663,0.301182523115037,0.162295217895146,0.732803228408968,-0.380588470955208,-1.0868260780798,0.376692123339538,-0.481769518674984,-0.0779368167625866,-0.220115259442584,9.06,0,8.101236,0,"V16, V15, V4"
147533.0,-1.25944892260775,1.45549315958101,0.688003134639461,-1.04514581011856,0.847396298696552,-1.06555942612889,1.2014543226521,-0.0874242478479369,-0.133550886005092,-0.90196201316215,-0.383794040386095,-0.47982028924429,-0.884169831529573,-0.962888569103752,-0.314940460338933,0.325625670715329,0.470286448708279,-0.336401561001669,-0.7356736391589,0.0981819606247976,-0.40846520182149,-1.12463981873955,-0.256377026184764,1.02739198244905,0.619520420294443,0.190646857460561,0.165122415935608,0.197445792349483,4.49,0,4.2709365,0,"V24, V25, V22"
70610.0,-0.35617584198504,0.779709827932826,-0.0308873751981656,-1.2122454194006,2.46345945266394,3.36274068859685,0.112723308224416,0.937524395548579,-0.52073772673942,-0.248691183876661,-0.180062580247427,-0.244419140874785,-0.054374925948507,0.290710348540373,1.04072305503981,0.52671043161066,-0.891031039311784,0.0974492020900571,0.387345350126007,0.215538988721686,-0.282659207880508,-0.903711624459328,-0.0605589797806217,0.983494212439949,-0.0362914751806196,0.0864639311735641,0.267866967744032,0.114103440809579,0.99,0,1.4906977,0,"Amount, V22, V17"
159983.0,0.118834605663786,0.92364338519133,-0.548671893069423,-0.743882188354802,1.12171314008758,-0.236205515690007,0.811058462253198,0.1187253353748,-0.193978339639337,-0.656175443627575,0.633086520979542,0.154057961845313,-0.615054194887966,-0.717910574026501,-0.800419633821512,0.603042950345297,0.0743076073540052,0.38190814335077,0.129153611837223,-0.0018337293013861,-0.314484407807485,-0.814222034537842,0.0532155833343223,0.100808789932856,-0.437843202032132,0.124281997052917,0.21718660867151,0.0687186686729866,3.56,0,1.6661389,0,"V3, V14, V22"
80018.0,1.00489022120849,-0.563440827675736,-0.10248929250561,-0.0951985285558254,-0.210319413281615,-0.0910229295396236,0.0736505695923466,-0.153703365897779,0.264197578429634,-0.271979931502745,-1.31383742520827,0.224332175399121,1.25857530280622,-0.0737988699498456,1.27616978173637,0.890037942057396,-0.948720639549708,-0.127080727952585,0.46818927942028,0.418595288031129,-0.214924781247744,-1.0215858981091,-0.170734890401175,-0.946710691224656,0.146616087772766,0.807563442172328,-0.0991968871528633,0.0341401777682159,192.5,0,3.542069,0,"Amount, V22, V24"
140434.0,2.26125311461286,-1.47628814843025,-0.609636705392529,-1.44205319018746,-1.64213742576302,-0.896858138657507,-1.26567876694659,-0.188980992576848,-0.943235264268656,1.56696544979549,-1.17401111762888,-1.08479247004979,-0.0983220394207412,-0.433119440176029,-0.0049619504226496,-0.397208600308851,0.454528145323136,0.0981740318202855,-0.197071055302564,-0.451895629040747,-0.147980524588046,0.05943333811234,0.250192337034084,-0.0590846286776439,-0.298540123225913,-0.173621720586281,0.0209661455266581,-0.0443970660045649,26.0,0,0.92597723,0,"V13, V15, V6"
167290.0,1.81062240360713,-0.634746001710936,-2.82097165747931,-0.544388251891901,2.23696187618467,3.3558083457721,-0.599849108917378,0.847683031702261,0.612409314369263,-0.485069006603327,0.310768980375188,0.121536755148884,-0.168309797947432,-0.921335373800239,0.821608062933048,0.431380189818152,0.4915437861576,-0.0322727285759874,-0.37781050398636,0.124971440483154,-0.0595116525549311,-0.36014397060683,0.167099560149872,0.637361288065243,-0.275776215907362,0.525021861640855,-0.0470911810245931,-0.0184795032761674,112.35,0,1.9686385,0,"Amount, V17, V25"
117110.0,-1.20852692551622,1.83963305548691,-0.394664683840856,0.68530786565344,1.69040619183655,0.0385207078631223,1.4303436520041,-0.0111203117446486,-0.798886644482132,-0.0412426990552328,0.738214556083357,-0.186891892793461,-0.689125290349789,-1.03230503816188,-0.493932004579247,-0.435148212079379,0.969217011198455,0.964972912694385,1.13130327001142,0.28694072371504,-0.162710972790165,0.0552744857228781,-0.582993950581393,0.0989535816564669,1.24728821445298,-0.245183256396816,-0.145467043342948,-0.341343987562093,15.03,0,5.732652,0,"V25, V28, V14"
153208.0,0.0631893595612462,-0.170636169743372,0.860827646968536,-0.557588973531761,0.949354525810194,0.323395356225151,0.11277671322017,-0.237561954015204,0.708238123617461,0.306227004004171,-0.168804209514997,0.0994416392875394,0.0741190332792407,-0.546107399265389,-0.145654061324501,0.481779197094471,-1.29818197094612,0.998377464387597,0.565733715753224,-0.0177945521366156,0.235076861019474,1.17636102418907,-0.341775383116558,-1.07921225239283,-0.838189034470102,0.575104089441966,-0.282973602589151,-0.38195424479057,5.99,0,7.2920485,0,"V28, V22, V25"
64545.0,1.15984188006039,0.278476905528266,-0.0491229622840456,1.29027948591017,-0.104882894891043,-0.91469892345206,0.391910136475648,-0.134945266001693,-0.0964848082196653,0.0993992165810611,-0.17223274057092,-0.579488794054949,-1.8901423445086,0.974791068426206,1.07312565395046,-0.474218696562345,0.173894725916339,-0.70593842833889,-0.78357563839394,-0.267173305544734,0.0445023487432617,0.0716907212971912,-0.0717692994459047,0.371350822704099,0.659592233254127,-0.267537473709624,-0.0088207129530147,0.0111899171786913,25.2,0,2.3688927,0,"V13, V19, V12"
131777.0,2.36290779830205,-1.41641586955002,-1.34404980105878,-1.68371508748572,-0.965547372700163,-0.532814915417354,-1.06301941867435,-0.19346793442549,-1.01334718058171,1.61078926738385,-2.09852051603487,-1.65285738061264,-0.421537951966551,-0.249828120296774,-0.0378373010660781,-0.282549935963281,0.206296188711131,0.305517105746295,0.263574216551217,-0.468046408208731,-0.245506158606549,-0.229071215373201,0.108858725693372,-1.04747609169611,-0.0650713601611972,-0.0956128863861919,0.0001087010349321,-0.0631239192045542,20.0,0,2.0163486,0,"V24, V11, V13"
134510.0,2.13729947071556,-0.912856694943391,-1.47203776285664,-0.417714528519052,-0.298451184585152,0.0239296218756228,-0.609975310556432,0.0544295234576444,-0.220296429178312,1.04458986103768,-0.225803846021919,-0.238495268029858,-1.47183234328735,0.396947355864256,-1.2185671174437,-1.67573320219091,-0.0441645049869675,1.56030237910311,-0.247956423040313,-0.688355434261193,-0.224326021530965,-0.0202358001672812,0.0797920607194757,0.293301083216438,0.06134092146228,0.707540267368121,-0.0603507840408553,-0.0769791691833543,11.5,0,2.5848703,0,"V15, Amount, V13"
60447.0,-1.03383438095127,0.374405723694742,1.99576019613742,-3.11653494390321,-0.473778404038384,-1.37530236932128,0.601349506409635,0.0226360258964895,1.14170885130911,-1.90352335054136,-0.543751139496238,-0.139368760052929,-0.994877114197794,0.0547868586313712,0.913451363400931,0.430613665319159,-0.838291365107589,0.0954302436812286,-0.945557862399636,-0.0405955373645049,-0.0677234990379487,-0.230342088915793,-0.216260612915247,0.37228869431404,0.466588033331841,-0.307164990003544,0.234992882653418,0.118494228083292,25.72,0,6.9902434,0,"V4, V10, V9"
127747.0,-0.416736814474437,1.51763270963707,0.621482975964229,2.25731230533294,1.94925153016399,0.576950537144917,1.63186634127808,-0.232823808905911,-2.29941916695625,1.18399633933698,0.270056291684517,0.121050837667415,0.613205136529539,0.226440069996637,-1.54249152287473,1.08668280139389,-1.56566374765559,0.0220726507261318,-1.16997335043157,-0.0530692647654939,-0.0601022726805826,-0.235311678323858,-0.104096997205996,0.227869869495376,-0.40495523984682,-0.398084479751506,-0.18346710995337,-0.0380926205120279,34.8,0,3.62494,0,"V5, V17, V7"
125962.0,-1.92178564595368,-2.23128632742109,0.308019894927446,1.60330475112647,4.45985878582977,3.32876020639047,-2.81284412469653,0.28394453286301,0.475963763113934,0.918784270790739,-0.0597886765591213,0.115529466845348,0.250027434599499,-0.065621938496706,2.42123207851047,-0.646773118179605,0.0562621977099873,0.558031108447239,2.0077712463529,-0.264920252295131,0.751913876443606,0.308604914599453,-0.197503841639368,0.766706246894643,-1.2539899121974,-0.394123386897144,0.669080892611261,-0.112521046920953,45.0,0,11.188871,0,"V7, V23, V27"
55883.0,0.453002957712241,-1.38372070137436,0.415621826613898,1.03391548411997,-1.33053715796564,-0.453484424297306,0.0866296021883419,-0.112693712600393,0.710381795002383,-0.331013762642771,-0.73036949683866,-0.0381211149929281,-0.541684638332158,0.0457426249276225,0.609491664869968,0.226914988168293,-0.186295435537115,0.0358997455121592,-0.269547732343574,0.668193157798852,0.318406437625259,0.149432708279795,-0.436267547014166,0.450344443384127,0.286509571592446,0.567633850937802,-0.0903382704293049,0.08433112296533,404.0,0,2.2813156,0,"V23, V20, Amount"
97478.0,1.96001769651706,-1.2603919799484,0.595010177902467,-1.24365142128859,-1.84033550148874,-0.131928097576498,-1.61594502661816,0.122713284165276,5.36242803004194,-2.04648157782777,-0.528763282529548,-0.972126017790352,1.71647845376557,0.213047780059819,-1.33045116569064,-1.33947181905635,1.08796629135269,0.581632798702891,1.12746106395884,-0.262362359111658,-0.0168109020723001,0.943720602259312,0.0702571200698112,0.0398849448324738,-0.0198966919371623,-0.696569469975268,0.130543423245554,-0.0305982293608239,7.96,0,11.345196,0,"V9, V4, V19"
163533.0,2.06462459578913,0.205539722419956,-1.67888236675242,0.408387700095213,0.504149344191642,-0.79140633702496,0.224241557619304,-0.256224521736777,0.37372624681761,-0.409512637443117,-0.364298369017449,0.585687835767373,0.829608440516441,-0.99116968814645,0.166047918447576,0.214684121438907,0.494281301625919,-0.499170723126003,-0.0332183569522432,-0.113004346993566,-0.348162259970033,-0.853455475501172,0.339980536593275,0.529734567279971,-0.25024379656471,0.172699220326737,-0.0544782046929541,-0.0290728378412306,1.98,0,1.7234039,0,"V3, V14, V17"
94674.0,-0.680552289805446,1.14020043128355,3.21937455573399,4.19854897724092,1.0329223859425,1.55128132259789,1.18051063709224,-1.07070570575707,-0.0271337053389258,2.50785344888601,2.02679875962091,-2.75717143695774,2.60153050100054,0.277312109735715,0.0341389301895173,0.137372661007579,-0.269372962908502,0.849065992222148,1.41661081725032,0.315402202469959,-0.522940329475986,-0.2992235993591,-0.264638632624626,-0.415120635147954,-0.280210192587117,-0.0113203164376966,-1.14171699117491,-1.06689838535968,56.13,0,7.011526,0,"V28, V13, V3"
166766.0,1.71353903962454,0.211587778325468,-0.616590809060998,3.67512822707834,0.421279750681435,0.460982347534918,0.118945122084185,0.0305222785485157,-1.13370376017411,1.54178600904302,0.261720793100259,0.727560441450476,0.682044337551022,0.199358108852845,-1.40913730829967,1.12036485683529,-1.17827398246054,0.0808492302919829,-1.22264560367529,-0.0470634548648418,0.120524319701548,0.204314851325251,0.0540537109530067,-0.480521676749001,-0.103266186425518,-0.0620182878986872,-0.0378817414889542,-0.0404498928241349,97.0,0,2.0136523,0,"Amount, V15, V3"
72904.0,-0.976172392902354,0.626353429027267,0.248522197308462,-1.78625508196538,2.99023993513577,3.15721317945374,0.678439126784009,0.531446890326984,-0.587584348619732,-0.344767228165276,-0.0547661082612921,-0.328270364196957,-0.213327953927972,0.139426995009681,0.635775922137329,0.594852061822171,-1.14901153117916,-0.39015909730262,0.0312504983647096,0.0212862333078822,-0.544331828617226,-1.76834071604804,-0.141207481399266,0.957675340034405,0.183251308530324,-0.139321311149065,-0.442605280335385,-0.148271356405887,29.95,0,5.0386477,0,"V22, V27, V17"
76775.0,-0.652457784914235,1.07973255182974,-0.494822305599294,0.201885385745891,2.16612560753313,3.82015467006681,-0.206678734033817,1.39334914389753,-0.591411867269634,-0.231118593339868,-0.771291429333625,0.0348952715886795,-0.155797084242946,0.452139711971482,0.117474250071745,-0.476353337347535,0.0216589426640915,0.258956858662157,1.44783979569502,0.191569850819852,-0.0704186196909204,-0.161967676012499,-0.144176029527636,1.01258176403336,0.167893376150586,-0.23533664888159,0.28745215917392,0.139191157209105,18.23,0,1.9793317,0,"V15, V19, V27"
111454.0,-1.8407336526591,-1.70865815987035,1.03571254703529,-1.47504597016534,-0.380524053434968,-0.268942580990396,1.13678725359949,-0.146811774131788,0.0546768878927179,-0.981015646188933,1.21983918584648,-2.67811036596692,1.25182719448734,1.01050200748658,-3.4562405497594,0.483673084036419,1.06806357104105,-0.494118323885718,0.314565893984161,1.02467851949121,0.654524106153158,1.34314821525538,0.283865294823911,0.0763999612316356,1.47488252706799,0.257269031800147,-0.201536884434553,0.0521309423357393,400.0,0,8.023866,0,"V15, V25, V20"
92548.0,-1.18895700947585,0.0782260924172651,1.8426362262236,0.952089840798821,0.862737642544395,0.241679826483056,0.11406821277717,-0.130796441207716,0.721658153000934,0.393012320704233,-0.642508091158977,-4.1854046057284,0.481334441831532,1.05191756735677,-0.695286402692884,1.59617388269909,-0.341518381684385,0.28286640974832,-1.2966720179327,-0.224171757838429,-0.0986683232629249,-0.0169173862134126,-0.100585050211558,0.483061967158471,-0.621241474238,2.14957161821031,-0.489550535607212,-0.008346981766186,58.25,0,8.800231,0,"V26, V12, V27"
70132.0,1.09937218501754,0.436963748099302,1.02412273153938,2.82713104473768,-0.430412449853531,-0.304258272466301,0.0544760100441143,-0.104177922573929,-0.399025541086927,0.475206715426741,-0.521873746449659,0.908885312717258,1.00725194680174,-0.398380650459484,-1.04880865233641,-0.0535735232764816,-0.0955753964803592,-0.769608163805666,-0.753614340433486,-0.0746775762733218,-0.0336528777522044,0.110407669442274,-0.0696159533486899,0.758293109503218,0.614632933760785,0.0517231869304514,0.0133478143630457,0.029322871853803,22.69,0,2.4409893,0,"V15, V26, V24"
29766.0,-0.729112569077139,0.770569798082894,1.41730621912939,-0.723006246774931,1.02123850079481,-0.122625538044141,1.45019453505854,-0.0886487917723959,-0.720710134585208,-0.614924470963831,1.09144629764672,0.674232631026724,-0.208019323443488,0.262240709512059,-0.81382939824476,0.637917553918258,-1.28062139318912,-0.58181590570169,-1.69170680139493,-0.118207993009805,-0.321464094971967,-1.0374848905171,0.143507025336815,-0.412302552112804,-0.355078122239181,-1.20362468332967,-0.0838986713812589,-0.0947409603962075,56.0,0,7.7512445,0,"V19, V26, V22"
142608.0,-2.6919828484374,-1.62509595215802,0.812208861146086,-1.05530161930095,3.21748063844564,-0.0551290595923184,-0.178078544138542,0.483518924784968,0.20497283541954,-1.1360045465054,-1.00055148011882,-0.244299864691204,-1.20012600577508,0.117860247596091,-0.519466236532951,-0.938936448141005,0.369033523147298,-1.73872336483398,-2.02750252197594,-0.186793580046171,0.230928819215883,0.61480116150787,0.0917553509182844,-0.384766961426597,1.10810068403637,0.746939783748684,-0.267124057138295,0.301057224535394,10.69,0,8.788031,0,"V5, V25, V2"
130151.0,-0.188582396793134,0.661006228716855,0.543362468376699,0.417498895985251,-0.966690805945232,-0.891222921863299,-0.0676590398291615,0.360230834650969,0.570790077041337,-1.39985721132662,-0.416356595581011,0.89025838829304,0.614637299529396,-1.72336185190034,-1.22864688919768,-0.235526930329109,1.4225127402077,0.170287657223984,-0.186905406207921,-0.102350797314828,0.374893221647551,1.34316587227188,0.092643277515135,0.95421765721706,-0.69213679815789,0.775327388922871,-0.0112702915655085,0.0534284177647137,47.35,0,6.0399814,0,"V22, V17, V15"
145664.0,-0.147082860929087,-0.0352388188232483,0.706498841506725,-1.80595255035593,0.634135177692509,0.471952573313145,0.654295190773123,-0.0718556442785166,-1.32889280388342,0.165891848058835,0.0161665430982514,-0.758838773659767,-0.108185096812048,-0.151008427200967,0.796942724655919,-0.366354920823539,1.15116738291142,-3.0672745194242,0.0034647721269108,0.149165899561413,0.0853472199207056,0.382720971707073,0.0693286141567643,-1.00472225996639,-0.630771196599844,-0.318625113880641,0.0035117759348701,-0.0783306368738163,44.55,0,3.945221,0,"V16, V18, V24"
163477.0,0.0213534719007333,0.851159638368571,-0.819470421102874,-0.651161360203411,1.55767670658995,-0.0346110188502911,0.850175260048947,0.0456000812486102,-0.281024109700726,-0.850589568134259,-0.0313372583276223,-0.57938181953898,-0.976528579362906,-0.439216553457311,0.210287598954889,0.565354433623056,-0.146649910470829,1.74560986809882,0.6279816998245,-0.0482899691143679,0.307843054678032,0.875292854813657,-0.324883527005052,-0.437917807199561,-0.380872745439063,-0.14499167841905,0.210872720165511,0.22966535838361,12.0,0,3.3138483,0,"V18, V12, V5"
51383.0,1.03634489332456,-0.161601933943312,1.02651840096846,1.56813127944498,-0.835584767134687,0.0207497326939813,-0.372663197746451,0.170547184982862,0.632051237506178,-0.0520035314373825,0.769028391753079,1.21635100826125,-0.540875925667461,-0.157075208767301,-1.64193583658908,-0.375491965388337,-0.0008676674072581,0.0238129385138129,0.305435725659024,-0.10727498397618,-0.028931113930565,0.12773694005913,-0.116132813987772,0.55420146660091,0.608444240696536,-0.320340082224639,0.0449989276001703,0.0234757823622234,43.4,0,1.6279008,0,"V15, V24, V4"
149915.0,1.81874659835564,-0.522036435289034,-1.08655551907119,0.341740986426021,-0.308930929896669,-0.928119297719191,0.225196130136418,-0.330801271642852,0.946354058823469,-0.29476547992557,-0.746513524717167,1.07465879840549,0.796921942044405,-0.0477131170028961,-0.320160919282753,-0.59942104100554,-0.0898398764893255,-0.831338931685276,0.240443559228247,0.0327328294198501,-0.0824824088301703,-0.177473050886469,0.113711854181293,0.0311731449913136,-0.0908257520393092,-0.100444802216345,-0.0364908279777882,-0.0350820242216621,116.24,0,1.8763692,0,"Amount, V15, V16"
143324.0,2.05331121352785,0.089734647817631,-1.68183566862495,0.454211960233033,0.298310371498215,-0.953526086363083,0.152002545314135,-0.207071379659966,0.587335266422761,-0.362047348389396,-0.589598040395407,-0.174712053081765,-0.621127061421005,-0.703512783983304,0.271956610213985,0.318688063430157,0.549365128729473,-0.257785857944933,0.0162561279842771,-0.187420788431655,-0.361158036599845,-0.984261949244254,0.354198094344309,0.6207093385008,-0.29713787612848,0.166735634335132,-0.0682990099344722,-0.0295847028396107,8.99,0,1.7581195,0,"V3, V24, V17"
90798.0,-0.242118041541503,1.0072421341988,-0.825319157676147,-0.053314980639654,1.25237108242356,-0.567140907278931,1.5608513740571,-0.330255454824157,1.17873228025445,-2.29287524832907,0.445216635585615,-2.21747923327274,2.47595554634648,-0.95910196781342,-1.50625682558796,-0.0142870551277013,2.16314147719797,0.777341821553512,-0.556642057712695,0.175778531496947,-0.0985396744868146,0.0126923572128133,0.184484185305506,0.379516865639123,-0.53438221698666,-0.533375209937495,0.190210154817192,0.290474747722038,129.13,0,4.889785,0,"Amount, V15, V13"
17230.0,-0.469326705102944,1.11145278248281,2.04100272504592,1.73159516277684,0.135146841769907,-0.0936251754891053,0.266155169970928,0.0829882363836626,0.58025540346041,-0.164562674892883,0.500376369958899,-3.0217601822032,0.924213260310925,1.50079377517002,-0.400282644242405,0.706047712602575,0.115114264650572,-0.0467958788933584,-2.54852159198286,-0.358708665630957,0.159387389394564,0.592669568808717,-0.0535961838321624,0.320747502076217,-0.36912075429213,-0.136604684929151,-0.100845186803931,0.03934714768212,3.93,1,3.4125798,0,"V19, V12, V22"
165578.0,1.92638102421108,-0.344775710702865,0.0525789559030274,0.557687436904854,-1.25028202618414,-1.30195856737731,-0.542576221283609,-0.0485834758488041,1.49681969354248,-0.18961255423271,-0.142765465480615,-0.0056336602601325,-1.61671875819912,0.439408823804964,1.21689522542534,-0.0228898374672067,-0.190840781681855,-0.176399428035522,-0.541308202830614,-0.380653120090673,-0.0724468671159513,-0.140503888648781,0.48824729999626,0.769956849260479,-0.552359048319792,-0.970592816446028,0.0536711289997741,-0.0218331219042568,1.0,0,4.9185624,0,"V26, V13, V25"
10983.0,1.28686031914116,-0.145930226985375,0.387678793116312,-0.0544006473626403,-0.292173260578259,0.128403748247102,-0.629140827546043,0.0719914535282714,1.70037876626081,-0.321213119230856,1.13559817361749,-2.56632300634658,0.96287040919675,1.78992729099398,0.0679950596020345,1.06780637698186,-0.326219871724851,1.14687911108474,0.332517436184687,-0.0950598534419647,-0.102942535627223,-0.10971527447347,-0.16009982607711,-0.846873857685213,0.300702456377422,1.0894944487204,-0.100731191136034,-0.0184196696429775,14.95,0,2.6072369,0,"V12, V26, V18"
153593.0,-0.720470518150102,-0.783012329321963,1.48517855529642,-2.75645569114315,-0.614549281696642,0.158706842355363,-0.119227419130081,0.14208177576656,-2.5034599856105,0.639500556771831,0.545516727314694,-0.697779828503515,0.0362164650248217,-0.359847522498498,-0.988102624775424,-0.358366591819635,0.257966796491945,0.60428458992731,0.000761122563982,-0.0371659957918587,-0.0413854032918072,0.0001593463884465,-0.0927376403980513,0.669605268701538,0.561647259268262,-0.107404193839223,0.0017578815129912,0.0590595602257517,99.4,0,2.0817554,0,"V24, V25, V19"
168049.0,-0.791770664021536,1.38606728249293,-0.694494534914555,-0.581926283135126,0.698329526132964,-0.948139872039923,0.689146019266297,0.234420647856688,-0.149989642928386,-0.876370032795179,-0.905610975205701,-0.13829375878279,-0.237105266038183,-0.646935679235344,-0.295332731165399,0.354034016777086,0.557977243394065,-0.125072385711817,-0.14989704479259,-0.134851794156764,-0.198350537268561,-0.644894984340166,0.176023301486688,0.630698300433383,-0.916555829344198,0.0202377063570918,0.0148733474793926,0.235160252022194,5.99,0,2.1946616,0,"V3, V17, V24"
12507.0,-0.298168929103412,0.159502936750387,1.53535134014725,-1.38659764637427,-0.326112730005838,-1.11210231637833,6.93023919194902e-05,-0.279183075850527,0.102606777408981,-0.214013278106018,0.67207211346477,-2.82735329988441,2.54219597716274,0.908582416962599,-0.67704215269898,1.33463681529521,0.636690083343046,-1.34166082211357,-0.173809311343186,0.0200114930002775,-0.133569654826621,-0.340851715559331,0.133028393780739,0.314916716438564,-0.339144062280297,-0.725859012887663,-0.141070587217684,0.048183439894899,13.82,0,1.9405531,0,"V13, V26, V22"
56422.0,-0.98146462373869,0.0693453824405704,0.671863916624836,-0.730579254640516,-0.781789580185575,0.522274201661099,0.845339628584515,0.581940121284395,-0.367161753621782,-1.18818219861473,0.748275026933453,1.23768780263299,0.380741685997855,0.134828994178612,-1.22435707494635,0.17544648128371,-0.142907336588008,-0.570989998257301,-0.172286997983025,0.289974086293169,0.0025427036663631,-0.426218584265791,0.572815323416749,-0.275417738973094,-0.120739551305778,0.701177464611379,-0.273711814229652,-0.0884358184962968,244.05,0,4.3220186,0,"Amount, V23, V12"
55325.0,-0.602629396129528,0.522411792660051,1.18686144372959,-2.92176575940838,0.157311122532718,-0.671983276944563,0.605586006223778,0.0433775572163825,0.973778271737638,-1.66958108289107,-0.596030783783307,0.351746373716479,0.142774662206386,0.0140581883031793,1.26419723552811,-0.21476849822061,-0.521311890465673,-0.345864717141269,-0.365221359294169,-0.0137924046091691,-0.0453153859499047,0.0552691567385382,-0.199225076057375,-0.448643447160821,-0.0365803060772947,-0.274850446409137,0.352148588340257,0.173639862238221,2.8,0,6.1377745,0,"V4, V15, V10"
42754.0,1.43276308987133,-0.677306026013601,0.264838571698933,-0.553174904693192,-1.01747743781729,-0.582522476783496,-0.680860561591338,-0.0400707856059367,-0.149412679243142,0.543537213145397,-1.33004574387444,-1.40776663939614,-1.5827989448263,-0.156945925008347,-0.265972384442949,0.801133237292198,0.597081739549793,-1.39810561824216,1.13915792081165,-0.0541638885400894,-0.0755173446926058,-0.198148457838714,-0.0717472188500421,-0.134794937209505,0.566882902458241,-0.20714061919484,0.0026427332084396,0.0039701493688442,7.0,0,2.3402998,0,"V13, V25, V19"
83173.0,-0.913387865905835,1.22505884715146,1.27721510514164,0.491215945028922,0.547743499720162,0.752434849682644,0.160506383554013,0.582927422679543,-0.895231356859701,-0.727788558728991,-1.39184213650736,0.281269126580142,1.52683436990286,0.206535298028025,1.58924133380394,0.176637694502525,-0.371957698632946,-0.0231713543591786,0.678177978449265,0.0854823076133233,-0.127853235464041,-0.490249121231271,-0.252657733912968,-1.32774041838843,0.304782832794634,-0.376611006866854,-0.0088586851988015,-0.0045779030890757,15.42,0,2.987813,0,"V24, V13, V15"
65401.0,-1.24659566060307,0.56314816381813,0.489051987461324,-0.152146443815922,0.235756781936022,-0.0459589899069925,0.977798735243211,-0.22306403596413,-0.576561477303537,0.407168218292191,1.32105888754479,0.152964705961092,-0.678863789389322,0.572510275250825,0.835367782522453,-0.409204066847691,0.0688117599972301,-0.508561780409604,1.5180208945082,-0.34593499207141,-0.255175963852505,-0.63778070260672,0.25284633869175,-0.273428024421453,-0.720196631793871,0.754983180706784,-0.564411662121436,0.268497072326,88.0,0,6.5226064,0,"V27, V26, V15"
12412.0,-0.553662602429694,0.605720007905094,0.726001068794981,-2.49450018992632,0.743361125342223,-0.7881700701912,0.97723153950262,-0.15933087327195,1.34327923174162,-1.88918986205544,2.21308076033937,-1.67548346260302,1.21999983108783,2.13010679020818,-0.426549028547405,-0.713791843036769,0.411811316909752,0.153802735163781,0.134976198083944,-0.141919066105543,-0.0013528962314782,0.248667060955992,-0.331246773949364,-0.307801936373252,0.297296254117567,-0.0381799182313754,0.0160229744318161,0.0686695105095947,14.95,0,6.158932,0,"V4, V10, V16"
169824.0,-1.39541888589339,2.17339733556848,-2.20950767691833,-1.21209640303427,0.870232407583425,-0.78864015683681,0.862707545778094,0.339257165616923,-0.0017220592928322,0.917735966561834,0.154851492394122,0.417661944838681,-0.454805163422017,1.09242150895464,-0.472181203564019,-0.420682662448597,-0.477610606118302,0.408961680263895,0.789298767017056,0.218712407141891,0.282297816789499,0.904207937030661,-0.0908460976538896,0.226402744804039,-0.435173621683313,0.0599894840668133,-0.084882465797367,0.122248533737535,1.46,0,3.0585055,0,"V3, V27, V10"
54524.0,1.22474846132528,0.0887528435587896,0.400491990457419,0.348852371730211,-0.367390637014776,-0.498902074521783,-0.105110486282209,0.0133122842104955,-0.0560366353251456,0.0971016556853049,1.08533815091332,0.557533197664249,-0.493189692061343,0.564722658281777,0.448335757324126,0.66512674536044,-0.734283790960749,0.0463488143054636,0.377101513543743,-0.0981767235785393,-0.326172653578723,-1.05303261801025,0.153124857300101,-0.0204073211586202,0.0898187633906326,0.106382732577201,-0.0468162568148118,0.0060649700223999,10.5,0,0.99283624,0,"V22, V15, V11"
67571.0,-0.758468652663917,-0.0454102784513458,-0.168438290153528,-1.31327481447103,-1.9017625315847,0.739433414882114,3.07189204639003,-0.483422244220096,0.61820276215476,-1.7690597207318,-0.651414013964987,-0.0054232908009888,-0.517194341398293,0.217469760178719,0.883558824493356,-1.17397764863161,0.24334710955825,-0.342300728238465,0.68705620239513,-0.0324998988871344,0.0426194565214976,0.397223782011498,0.0722288654476503,-0.242275996603303,0.560916469624214,-0.540954584325348,0.150606446374032,-0.117140114799884,549.06,1,9.295106,0,"V7, V5, V4"
80569.0,0.794631204439638,-0.701213885796074,1.66231734950786,1.50896043392516,-1.33475875997915,0.846306390820337,-1.02850850384616,0.503960729015674,1.00446745752008,-0.100271014529131,1.04824303581103,1.00642548831421,-0.58474417891409,-0.290618517894746,-0.239766479959513,0.136216781550699,-0.173193523929683,0.408357404345664,-0.617650251444172,0.0435065680658331,0.330972809842362,0.943062796422732,-0.163437640872496,0.248208913437728,0.273392940493816,-0.184705224391787,0.0849351527652032,0.0503206891604018,124.91,0,2.5844905,0,"V19, V22, V3"
141345.0,-0.172504589684047,-0.540625920171621,-0.976073507346154,-3.67886710628935,1.76747704344996,3.57512419538872,-0.693675229487506,0.747963699228613,-1.9683206489112,1.21687842598131,-0.474113269367942,-1.12588091262363,0.153252147159767,-0.375754150096095,-0.287867998694999,-0.776224244841058,0.298505502260368,-0.134856606881871,-0.378929267155415,-0.403249798338987,0.0035557908090923,0.256361960426113,0.0356467932288249,0.685991988213355,-0.835964301241882,-0.31311441201238,-0.156604496362802,0.228324906797469,20.0,0,2.41555,0,"V25, V27, V16"
73385.0,1.23487230577298,0.446563334248727,-0.14259197949956,1.05833860596015,0.21290206082237,-0.727082866091557,0.465489121594273,-0.210201951936844,-0.264493776714351,0.0051420135507146,-0.160410802501941,0.238315998616809,-0.142375316824732,0.615737230532201,0.946839898881698,-0.504097821468404,-0.0273144299910126,-0.80495469876614,-0.61052082889292,-0.195774308613734,0.0288700806184572,0.171664520617293,-0.113755778288119,0.0917877354247082,0.776004493351896,-0.266284190505751,0.007890592502933,0.0071908514162366,1.0,0,1.8626964,0,"Amount, V25, V19"
153591.0,0.298724011884946,0.619706565451713,-1.09541703503302,-0.110940197489874,2.7619487276424,3.77252526065581,0.0287469927194972,0.818390254006469,-0.656967662853322,0.0888727616005025,0.0946300220478577,-0.230548960204636,-0.0049820556656702,0.778879308033041,2.38307932078337,-1.37148166645455,0.357197824386048,0.373010606288702,2.33115900355701,0.263203409578143,0.387341207545022,1.23456800387746,-0.216408332577351,0.775341284155234,-0.506398423699165,0.271426754088281,0.275137427041515,0.204735770063888,1.41,0,4.2886515,0,"V22, V19, Amount"
76761.0,1.0119585907202,-0.1178858556284,0.490764548595077,1.1423977121067,-0.521621000804621,-0.387642925408171,-0.044997602384707,0.0760329369400244,0.360051393938949,-0.0641040461001434,-0.399746834152033,-0.587824707644899,-1.76925615725511,0.708607414305963,1.53688548452708,0.0967774186617099,-0.116252263857689,-0.556845879388396,-0.656152330563311,-0.113450621621624,-0.220058654389247,-0.896718138429885,0.123928658382994,-0.0321967122935387,0.12050642683952,-0.666141940350359,0.0183083703578553,0.0402977588511271,89.0,0,2.4300613,0,"V13, V15, V22"
53601.0,-2.40925846308529,-1.39651015949433,1.41173879708957,1.42050697070896,-0.849739894460784,0.0459818165799423,-0.639330984920946,0.483440610685335,1.45818406177564,-0.852618773758769,-1.8051303548389,0.998611292773955,0.237171772318675,-0.989219960098096,-2.26685165888728,-0.09319554117886,0.1088411971252,-0.189300048944429,-0.390722666668346,-0.851375705842769,0.012466872036521,0.673461592549586,-0.865276130699502,0.543106169228103,-1.14178360995482,-0.592890653560126,0.5530647193499,-0.489056116343845,204.42,0,15.688939,0,"V23, V28, V25"
66977.0,-0.912886241790476,1.19642084988953,0.839055298333247,0.588404818588513,0.659452080404691,-0.568150286757284,0.687010883484349,-0.257250813978581,0.30301194076355,1.0016203686691,-1.18198885631799,-0.9472701273105,-0.883099676281848,0.0813037262071834,1.2729629879333,-0.203591696877831,-0.523939428262559,0.376832887558709,0.646648877949801,0.275459635386201,-0.086314848751835,0.242657788706657,-0.36948188372557,-0.347453618117753,-0.087444117421168,-0.29639003010698,0.390466776369503,0.0921532652152249,2.2,0,2.7806473,0,"V10, V12, V13"
160842.0,0.383198021931086,0.23347265109892,-0.0374170812592437,-0.711341716272767,0.889093069154012,0.0653817150548298,0.714405424154997,-0.23108741321422,-1.54326313964326,0.863268383388798,0.0460573799482646,-0.100807805687333,0.162023609357126,0.176217163392568,-0.647326248950726,-1.19870678125394,-1.05639609537424,2.15533621036111,-1.09770042226257,-0.486165891474827,-0.0704908160705284,0.399137615782033,-0.226092104203932,0.146694611519294,0.0269957417758944,-0.547214446509584,-0.108615718936112,-0.224778516034713,15.0,0,4.2862706,0,"V28, V10, V18"
119496.0,-2.45411851419893,-7.75833385119405,-3.4693759977474,1.70473809968807,-1.65985160632293,2.60371290389513,2.21281131193094,0.0278003039243653,0.666088018561115,-1.07019937433703,0.738929962618141,1.06335920903607,-0.0380678192283421,0.690418636891726,0.319925651182804,-0.0606439866236773,0.152850577798069,-0.923702648550974,-0.964746941122946,4.31246593635768,1.00817947607298,-2.02799572788002,-1.47336976032629,-0.862350386420138,-1.60334695036985,-0.0120604903618625,-0.430690684952205,0.323281050351047,2257.14,0,4.093056,0,"V25, V22, V2"
72115.0,1.17823858827969,-0.112265705149116,-0.528712479868256,0.0556599433700404,-0.0679115467759642,-1.11065322113818,0.532842101554867,-0.37744249951395,-0.0885164059124784,-0.116822014077392,-0.72273547922259,-0.125093546306663,-0.113821456305009,0.516403446111079,0.832031480098644,0.0754088613045568,-0.323106504690995,-0.482311934137815,0.278694475960939,0.112506169944315,-0.0273289302970959,-0.272625865847263,-0.226305541933701,-0.0340264852989594,0.574889541914887,1.09250190920763,-0.1332625253447,0.0014822640471394,99.95,0,2.1822963,0,"V26, Amount, V25"
67462.0,0.15410939579092,2.24878747393343,-2.39829755128063,1.4534176909726,1.00851345247761,-1.63400761515697,0.813510237577513,-0.061752909268151,-0.0626057609287711,-0.604533220349222,0.383421740932919,-0.341681633250915,0.648694769892683,-3.73176180933735,1.06116340064922,0.945342969049784,2.65037332109287,1.56715362683399,-0.290039400256591,0.374652608851374,-0.241339464970079,-0.226482569208855,0.0574118939439828,-0.450796992615505,-0.267627140775454,-0.38907233907987,0.184543378477775,-0.155083966051042,0.89,0,3.3339925,0,"V28, V14, V3"
164292.0,0.0408967450305123,0.69774303384597,0.794478123048032,1.04597561008324,-0.383226013518025,0.862532499467517,-1.31952015440046,-2.32203782897158,-0.166828887689515,-0.525520970388908,0.119659549839957,-0.0292518665875327,-2.06670414794146,1.10212403117598,0.313770090789342,0.496834420981988,-0.42456903789723,0.72935291072097,0.597558470346062,0.528968984586404,-1.46883125078921,-0.288789810894857,0.0583720299201499,-0.58842537696517,0.330752535701603,-0.717075473007577,0.162993492555909,0.270804017197013,19.98,0,2.60259,0,"V13, V12, V22"
121959.0,-1.46321706311823,1.13358291257452,-1.5303631384973,0.184249272630056,0.0061248181911908,-1.86948518949649,0.0846327143573442,0.352705342964246,0.219969964639277,-0.527794791601791,-0.329705959267271,0.155110270573005,-0.117265147318542,-0.406648099831418,0.763913657213227,0.158715851152598,0.898439000899144,0.481840218427024,-0.396643252058184,-0.821257167533342,0.256349735623461,1.08932587628465,0.536291878481621,0.328277061014351,-0.164062955549979,-0.174623420296287,-0.407011164598693,-0.141854600893366,1.5,0,6.1014338,0,"V23, V22, V3"
150819.0,1.91043230009607,0.0935837862276999,-1.75308559728921,1.1959316257736,0.764726952792964,-0.383302263953754,0.599002716637522,-0.236663715249495,-0.20374470202295,0.374557844104493,0.874631006720218,1.42487012250049,0.510294606813443,0.561073420831299,-1.26265575938812,-0.556294876705838,-0.438689215560734,-0.230735128179316,0.0484785671168465,-0.118462427496123,0.133589223518615,0.479749166286669,-0.0237279706001918,0.733947183667543,0.45549093306517,-0.550205685417425,-0.0262297621654088,-0.0554903016828799,52.3,0,2.2771125,0,"V15, V24, Amount"
139483.0,-3.28356588168123,1.8560377764083,-0.0319189682843238,-1.76279409747647,-1.34639147308618,0.340058165284212,-1.05103768756395,1.63655984396591,-0.715830447579794,1.4129897387079,-0.088320337781833,0.651463019388465,0.64295562001053,0.356189693619105,-0.164416881683768,-0.37742646348819,-0.396380528774942,1.94053967798347,-0.737143828124922,0.138161476087205,-0.628637711102947,-1.29104835093866,-0.0589566206241786,0.204327352046089,0.574648010388034,0.152396759254723,0.519017931169794,0.375623976050991,33.0,0,9.393336,0,"V8, V25, V22"
160120.0,0.172290012210849,1.1207909856912,-1.14259142817637,-0.230611373532473,0.604536073174476,-0.79410162660896,0.510464526652715,0.267392552815416,-0.484261925429285,-0.981465767097082,0.83939406856404,0.827325172395583,0.611448646599086,-0.462119795249469,-0.0429163072091685,0.433418200761815,0.214179463920185,1.17562281151537,0.111806272077179,-0.181429840655315,0.367816005374275,1.05915207085795,-0.147023179053275,-0.519554084776427,-0.239727691289433,-0.141642639530521,-0.0667808427436905,-0.0599869384037744,12.74,0,2.5829997,0,"V22, V18, V3"
60195.0,1.088289769627,-1.5028149158699,0.274463036321314,-1.31349077515531,-1.45281729924605,-0.339254858728673,-0.718629430736947,-0.080127692314406,-2.31166559217777,1.46333062975282,1.76969424564891,0.316790337625475,0.958149966340403,-0.0875932142072723,0.0083604167371154,-0.594897458801831,0.611486203828752,-0.284292008604337,-0.354377173394927,0.0320966481430616,-0.146488791200697,-0.421881304424359,-0.0067070104549572,0.20461875291946,0.131391846064548,-0.35975393448477,0.0089581266060056,0.0414441951232998,187.09,0,2.0428085,0,"V11, Amount, V17"
112410.0,2.04476792906315,-0.100525031465828,-1.31252593053909,0.276633764256502,-0.049280695257658,-1.08254425621291,0.0888738871717077,-0.234637680813029,0.880432599124518,-0.0778595895890501,-0.526090289695335,-0.110325482941648,-1.04604049017739,0.708867504317681,1.03302169363065,-0.386704637629734,-0.296015702055723,0.0252578103771657,-0.392873561612124,-0.311508362141648,0.283604731549981,0.919643303806619,0.079988527343034,1.08249485444038,0.251388973310814,-0.469324790337473,0.0005307094888193,-0.0457963754600942,1.0,0,3.5977547,0,"V24, Amount, V22"
38275.0,0.642048994312883,0.19773227372758,1.02811938229081,0.609739824295811,-0.918675426544981,0.21232119297146,-0.400490942391323,0.263142264341036,0.311766105714917,0.261979364635117,1.64619789478828,0.957539332091569,0.240765670465882,-0.0590435504785836,0.944785153896942,0.345431884946593,-0.409177802716179,0.292116147054539,-0.154577845929576,-0.117729478629248,0.293403454262033,0.894449469006611,0.386424328743296,0.239777505525086,-1.32003649936182,0.213296496844198,-0.122694538361351,-0.138259277012434,42.9,0,5.1061897,0,"V25, V15, V22"
141870.0,0.335464942339322,0.211230714543402,0.927087354129597,-0.466657004709008,-0.0846179135005578,0.156932896051751,-0.315570606381655,0.296850272897391,0.935145121110542,-0.545015040690288,0.780053174160496,-1.0089512578335,-2.34326239223037,-1.1459631577127,0.739564271799649,1.63278499113796,-0.334809087579889,1.8827990336027,-0.938610094631403,-0.205309922969613,0.276847608754533,0.873539544628467,0.127743909268445,0.548554352280675,-1.47227956748649,0.0633516456745555,-0.0078444258632838,-0.0815533929086356,1.1,0,10.50648,0,"V25, V18, V16"
156596.0,-0.39684001152469,1.10238811908428,-0.642005349966356,-0.53767852126798,0.381987759288811,-0.74682963459901,0.503243526237772,0.339048515430713,-0.19167817025767,-0.199497411516425,0.200164253846804,0.144419290576291,-1.03246683485071,1.09874592063853,-0.0869758069814086,-0.0510391354124239,-0.564952076510855,0.835016614083142,0.388247811982458,-0.207622454505119,0.450501589905869,1.32235865616784,-0.0760190612634014,-0.386854694220249,-0.807935001933312,-0.21967812600604,0.244767284786942,0.237903467984822,0.89,0,2.364948,0,"V22, Amount, V25"
172221.0,-0.106926199852529,1.40453031208213,-0.797864334142347,-0.731889117049482,1.54623131342605,-1.73099209388862,1.88270245333731,-0.601059438172358,-1.11838591475159,-1.10215723565528,-0.439697307826414,0.13079658470008,1.0093762395493,-0.805930444456445,-0.256728372642527,-0.06146212358385,0.456725293681592,-0.103560582860765,-0.283526847018684,-0.0377224640278651,0.167477766617359,0.596678098378194,-0.402867542301961,-0.100140552480499,0.0305464697262875,0.718227343238908,0.0683829149650312,0.174324365021809,2.95,0,3.5116253,0,"V26, V7, V9"
50351.0,-0.925998908115364,1.11803706868953,0.984472370979465,-1.15380765572719,-0.0291581387583661,-0.96893482810842,0.694059357498146,-0.0363041503907433,0.333694543355253,0.0810434300616935,-0.894594145710281,-0.48926074322602,-0.554180661040016,0.0032931464301448,0.511390916192049,0.501333546738372,-0.686175414678255,-0.220602858892687,-0.467467024418248,0.258140824089641,-0.114220516276162,-0.139010631999948,-0.0807866026597271,0.0592850479889869,-0.313516966838921,0.785861956680054,0.488034826497556,0.327237799808551,10.0,0,2.9919498,0,"V27, V26, V28"
82130.0,1.33020925577387,0.588080317548295,-1.1105649699002,0.435785399187267,0.854389947391858,-0.349276823177553,0.296001913615055,-0.0984309393366861,-0.372193913350959,-0.549253511159946,0.719795552354791,0.232392263752399,0.31972576527448,-1.23278669890865,0.33922327003816,1.13178581703329,0.277187359571636,1.1737226828341,0.434129444168142,0.0012041618595577,-0.188712475360198,-0.502915422972998,-0.266992953411807,-1.1353910629203,0.730748330792621,0.434932641510685,-0.0346201054440039,0.0194528012102035,0.76,0,3.142477,0,"V25, V18, V24"
46731.0,-0.572830401552002,0.866137440774233,1.79152274965874,-0.525404053273408,0.781804097942274,-0.571837457816746,1.17077494543071,-0.465113532824473,-0.183371178314608,-0.482277293483741,0.101766198843514,-0.115009941782611,0.0956193762382338,-0.862068487795533,0.751152867414226,0.156966045297706,-0.196106874959836,-0.724371479212356,-1.08788642596976,-0.0022940793342216,-0.254129850938677,-0.482189325047008,-0.124562461410526,0.0257643782489917,-0.357375256168934,-0.110815273375209,-0.39236964444698,-0.320624900107871,1.98,0,5.4293957,0,"V27, V28, V19"
129404.0,0.112639165060077,1.12544518325192,0.166495428234966,2.76970560726484,0.464746277544514,0.830428563590505,-0.183105798426844,0.74183540847553,-0.825844986326976,0.716554391015624,-2.59599407382503,-1.3353264830427,-1.09346272719527,0.246932685786533,-0.798092239664287,1.62727393471795,-1.15331852414948,0.71692075213166,-1.87374999362229,-0.44170397482925,0.397554245652231,0.983186203574055,0.0204930244823149,0.0350227543748978,-0.68278719699624,0.0284362764640466,-0.0589770490210929,-0.0339554947696306,6.33,0,3.47184,0,"V3, V11, V18"
119208.0,1.90011505946043,-0.716810235494783,-0.844138167683513,-0.0884894575926045,0.424509290611855,2.01477966547585,-1.05961443301603,0.643152418570961,1.14143178654091,0.0464651720484186,0.149515790017238,0.685335069869121,-0.119623908435694,0.0158258051181247,0.600958100768762,-0.019867862030247,-0.306698754002438,-0.477117608167006,-0.621915756150932,-0.262300411886857,0.208855010295251,0.894186265485911,0.0827506599030933,-2.34641493010362,-0.377105774560775,0.731273522723345,0.026366174873892,-0.0824786281528547,9.99,0,2.7786357,0,"V24, V22, V26"
38160.0,-1.27531127901088,0.871031400314959,0.777375755521788,1.52246168614014,-1.19260610815432,0.392118616882929,1.31716361617082,0.285514881944215,-0.522940223815709,-0.414320799271874,-0.390230176381625,0.496388185844874,0.19753317395995,0.232448884765216,0.182683836695307,-1.10603761679871,0.846261556389993,-0.749880228446967,0.589462146478668,0.0208310787867238,0.0141508151886648,0.370504351146397,0.33493559378041,0.433363309422612,-0.0191242211216855,-0.24164466930902,0.307343399034206,0.0559711473656398,264.98,0,4.4635725,0,"V5, V17, Amount"
35390.0,1.20352886528317,0.164713476756134,0.608042395587733,0.558308030798884,-0.573444382758558,-0.799122927471234,-0.0766487120085191,-0.0385501451637354,-0.140840900339869,0.120104615234161,1.56677661066577,0.817144791933892,-0.385041556843219,0.563381414377806,0.379972443781276,0.466732047237927,-0.566356004351132,-0.0426373831579104,0.0976491524070292,-0.126964222807093,-0.19927260131018,-0.641512398156405,0.156694342997805,0.514459714057146,0.140648377590832,0.0664610519368315,-0.0363008968244915,0.0095813738618815,1.29,0,1.1650448,0,"V24, Amount, V11"
160537.0,0.567539266873172,3.30938527728796,-6.63126848884588,6.39457369583463,-0.0541723256891658,-2.39653528063935,-2.79248887303506,0.514811021472804,-3.54178025732386,-5.33475387061743,3.61873721262172,-7.10148829773798,-0.442125291870087,-11.0816168429851,-0.813721638541621,-3.30289861059986,-5.84890261106356,-1.85063546419134,-1.01863859540215,0.555411780502512,0.614220932245907,-0.365047253101859,-0.180408542452136,-0.52327142948781,0.645054313073713,0.246465837556682,0.902675054512292,0.47357149999817,4.69,1,366.9453,1,"V17, V14, V12"
144606.0,-1.3821267234246,-0.314227676003409,1.73148963296608,-0.206636995022375,1.58183413793167,-0.530619999578369,-0.147955534259662,0.19117544569374,0.10667337726476,-1.00005506807684,-1.24622193250619,0.387465247636697,0.511074830294071,-0.221317122297855,0.025529097010966,-0.357726826993499,-0.228009354588291,-0.298683315495141,0.908520218934518,0.333232060655796,-0.319234435472227,-1.16492552726625,-0.0007176986121005,0.434382164377937,0.438526432500201,-0.563561783552947,0.0264904258160395,0.0985678178076926,0.76,0,6.48448,0,"V22, Amount, V5"
133262.0,-0.449320774720379,0.471142886774842,0.347541088833884,-0.584311705951619,-0.356061945671033,0.0247233627087011,0.450977989479959,0.547256778402485,0.267810799873981,-1.15977573529359,0.162570285043344,1.09351414600243,-0.17023008015508,0.370373974605354,-1.07718179490434,0.0979583246550691,-0.531929239898045,0.199296278597418,0.419029619216145,-0.0963110853995615,-0.168611965863368,-0.67512598082951,0.39765891368715,-0.487734871413744,-0.532930341997921,-1.1381249424139,-0.036666902672267,-0.00410089764758,108.99,0,3.4862323,0,"V26, Amount, V22"
72021.0,1.13546105345172,-0.533162144756421,0.244805606696172,0.176846823801302,-0.215332697399204,0.838265308200289,-0.493414816283153,0.153213258403806,-1.29701845488297,0.877163992254182,0.498603026023287,0.966790023140497,1.66715691529387,0.0149731476165218,0.497470836463828,-0.88736445505459,-0.767990816380226,1.44508754849081,-0.849982659568288,-0.257888572926617,-0.482473347260516,-1.08100964562361,-0.0259595473868198,-1.2067138781065,0.239709107230757,-0.534576437399804,0.0628489255179229,0.0327747296269241,98.25,0,2.724187,0,"V24, V13, V22"
121355.0,2.32365645887217,-1.29510198668898,-1.41562114967204,-1.72841737130171,-0.998548990502895,-0.914419850496113,-0.905400353200363,-0.220653896620098,-1.65748662893417,1.89262231238602,0.374559195396108,-0.911007491900528,-0.623394430376589,0.268897493818336,-0.385414241038605,-0.284519616864276,0.100246920614126,0.771397885568008,0.080438812884678,-0.497191064072975,0.0864159588952018,0.667243582567921,0.033651773403941,-0.347759322161224,0.0709876778132585,0.0746923715529884,-0.0235384800764048,-0.0772925942649855,10.0,0,1.7518001,0,"Amount, V22, V18"
27398.0,-0.48923224598886,1.50017612562763,-0.14066392731987,0.273446659296576,0.0469795025583479,-1.30224000843937,0.447312905595625,0.418371082820505,-0.750553106235014,-0.867693573710167,1.58341050219593,-0.0414560794966313,-1.27135448484367,-0.710088378735786,0.0611169321521655,0.778599547887618,1.06401062357236,1.01332809294596,-0.108723456837454,-0.0870484541149503,-0.0074699777812538,-0.0869428444016583,-0.0363934968681498,0.381385091877856,-0.237139681156818,0.25364040002137,0.132099820515449,0.0536163524814514,0.76,0,2.5994077,0,"V17, Amount, V6"
135773.0,1.96722853006519,-0.496240492604586,-0.996697102768245,0.0237614128383374,0.011727060773478,0.210800169619305,-0.44332852189371,0.0551785848203529,1.40805099335358,-0.251780646437291,-1.76004957493783,-0.0346328236015847,0.0457272310349663,0.0678758632244917,1.216371081176,0.580202606490438,-1.05830640526492,0.432296958065336,0.270505328278503,-0.0714929739508106,-0.172298862245219,-0.544867484996781,0.206575937212077,-0.382900274920539,-0.235067804727977,-0.90647214881534,0.0386584382844176,-0.020962418335562,63.0,0,3.04666,0,"V26, V11, V17"
111111.0,2.10252139026194,-0.0842959899060152,-1.47162994669824,0.343624178720387,0.209110756863137,-0.76955061904689,-0.0854236028252009,-0.22992276282986,2.39531999219533,-0.403484184043037,-0.428254477076827,-3.49867019007808,-0.494354446344891,2.33851581493896,0.429239315744443,-0.107273259984893,0.207851370979312,0.752186017627382,-0.266076137929686,-0.40442427408577,0.0697220555735881,0.488688101814706,0.0175498405364423,0.374738285076128,0.290965237572911,-0.467872408609433,-0.0381432678259177,-0.0609708288677257,1.0,0,3.9292984,0,"V12, Amount, V18"
75283.0,1.50170589371082,-0.556370743907937,-1.79286138600525,-1.83462959048534,1.89286824964838,2.85919349151052,-0.606560895811491,0.588719030396452,-1.28523049088783,0.746149981299737,-0.0019668118859009,-0.789181038186696,0.0754812037751501,0.255610013646924,0.610556492147078,1.05321905214818,-0.0923049093604236,-1.15610350857859,1.00740509982468,0.191941274081633,0.137892080888081,0.178721477022998,-0.201041603729686,1.04640611425423,0.952139888579355,-0.0698649001999791,-0.0267627646250038,-0.0045918771298064,15.0,0,1.1125438,0,"V25, V19, V24"
74292.0,1.13872721103768,-1.11656561747519,1.04006364691391,-0.567776650286781,-1.65567351494899,-0.152759903463656,-1.0856679024335,0.0024704129919329,-0.286549102320033,0.54866744757988,-0.924853246088437,0.026591084189565,1.30801576534571,-0.544351256243974,1.4670661380902,-0.494974491416333,-0.566680224473358,1.7245094372353,-1.02637188350821,-0.147708013213567,-0.118640137740258,-0.0555324137233205,-0.0967559527624583,-0.0517382907805107,0.0055390841878551,1.13151009398763,-0.0200564635115954,0.0441816489168087,125.9,0,2.0677357,0,"V18, V15, V13"
152585.0,-0.430839938929701,0.531522582946282,-1.8597739660031,-1.35888072551251,3.61279539396282,3.0540445854723,0.663305034067035,0.327510675084545,0.528750442228482,0.236578112390182,0.459095557588814,-0.466580906771228,-0.325682117275427,-1.20291122575206,1.24240801320118,-0.225248557068556,0.109648992866149,0.490856974918791,-0.291392276650776,0.136506071377275,0.0835878822052569,0.946189475349545,0.0314988593119277,0.631815751824984,-0.241391881794628,-0.177365778607328,0.0069584763449555,-0.237201492799374,3.94,0,4.848326,0,"V28, V22, V14"
171452.0,2.06289295599187,0.0143443067925688,-1.04239673285928,0.409825790969789,-0.0700424304749181,-1.1984142370032,0.243785730957815,-0.38515322913738,0.408666076591796,0.0477631938190864,-0.584154549268873,0.906209539451373,0.936125992301324,0.102010754003732,-0.0565393927947329,-0.148821429632174,-0.334763882165921,-0.979797626625453,0.136961204461124,-0.169321648886738,-0.278814646029478,-0.625739551658187,0.331090766225019,0.0702159809061632,-0.269903539008839,0.192486337574086,-0.0649540982625618,-0.0580215017802679,1.5,0,1.4380443,0,"V15, Amount, V13"
38617.0,1.27045075135563,-0.022679847278734,0.615707984675357,0.102705920114806,-0.795355009211393,-0.991289325840745,-0.217339866881168,-0.141530311240794,0.370098141612291,-0.142816269235236,-0.296410649844905,0.039511311177095,-0.172101191342965,0.190248003600375,1.24224427727547,0.459767380983574,-0.367053980759003,-0.37794034452699,-0.0399543986094635,-0.0818895798116145,-0.13449685290222,-0.40183285815799,0.0985557512873443,0.436048622953585,0.109787101598521,0.87305552418931,-0.0711707652840523,0.0102536973757652,5.49,0,1.0584321,0,"V26, V15, V24"
73994.0,-0.328059134396296,1.1163180806949,-0.012905991677056,0.540313164567307,1.12956939846072,1.19873512101544,0.586008568369715,0.0821123531229233,0.466282764151521,1.14001419397867,-0.376094356356589,0.431261653257955,0.248995146657614,-0.340689475688518,-0.63878398642966,-0.508192941546426,-0.591358593052384,0.235948207893171,1.15839227767105,0.381722324245694,-0.132196833264649,0.286755773430276,-0.110787820497478,-1.69820733314399,-0.619269975669322,-0.373256648172683,0.398146980756489,0.106618247028266,6.22,0,5.3208942,0,"V24, V10, V6"
47918.0,-1.12966428153802,0.438984550206451,2.21540319596765,0.177357170830271,-1.11541547513698,-0.0842449617421367,-0.494377654654179,-0.0926052543251605,-0.70243028185987,1.23771382606534,-0.552442526895013,0.253423187039124,1.8549380513225,-0.850557974336303,1.46408068975575,-1.2214047115121,-0.391795983193497,1.99530593554705,-0.741720552851221,-0.359484960164475,0.0145509457929652,0.681265502470429,0.0479478241163756,0.401078760800598,-0.538649842686401,-0.293388901797579,-0.185622252903679,0.375909358553547,20.0,0,5.7958736,0,"V18, V10, V27"
68953.0,1.10986731399904,-0.744370042541912,0.833733376320936,0.676504559622087,-1.36572927294376,-0.376757797975389,-0.628841309708748,-0.0461572127506122,-0.411846872478956,0.66010264117975,-0.97207851513588,-0.126379188944032,0.0149615054718264,-0.18709892762555,0.35314255524249,-1.42495143442207,-0.0435724232014149,1.4745777030174,-1.14319534279317,-0.365377808282248,-0.187732024310064,-0.129196959114606,-0.133427851454509,0.374877233978518,0.480492778946248,-0.232097789904329,0.0580220865949809,0.0504459209260929,105.0,0,1.1470444,0,"V25, V18, V4"
11780.0,-1.35280569057667,0.450696823673946,1.00091982991737,-2.17666795003728,-1.80899275244163,-0.482753279177051,0.0199091111991783,0.469746589068771,2.52919938632365,-2.11416347016416,1.97657479696096,-0.999107955965736,1.66452057910865,1.61700851469375,-0.866139586801786,0.0056413794220518,0.359825147239485,1.05171282463925,0.078285066635752,-0.444198985977819,0.207283003734558,0.972637525448322,-0.041608472441753,0.549207214073176,-0.660901782729986,-0.38832311905627,-0.390024136153571,-0.233421949574328,160.12,0,9.3697405,0,"V4, V5, V9"
167964.0,2.04177096568973,-0.0881470887043918,-1.17168788309947,0.222629692811347,0.0965048323723069,-0.69895701493918,0.0955838974209816,-0.184586381679071,0.258140347624124,0.233697918226303,0.723045887189843,1.1819305480962,0.336458868537809,0.392960423453921,-0.670087206203941,0.170328335063636,-0.672202395868868,-0.306889586526555,0.554010523343228,-0.183305733214086,-0.255006087676779,-0.620919068661674,0.28448899944128,-0.327737005751554,-0.275723198289757,0.197264104778017,-0.0730368642855325,-0.0726769430685317,1.98,0,1.2422328,0,"V15, Amount, V3"
169347.0,1.37855899734127,1.28938093711056,-5.00424678441137,1.4118498419441,0.442580635567782,-1.3265359338336,-1.41316995590712,0.248525467627175,-1.12739593417081,-3.23215317539514,2.8584658156696,-3.09691489835154,-0.792532436177748,-5.21014084572584,-0.613803263850514,-2.15529688535221,-3.26711568106648,-0.68850546268346,0.737657217477667,0.226137945500703,0.370611857232494,0.0282344454140697,-0.145640429197154,-0.0810494069107769,0.521874501959455,0.739467256056059,0.389151843520624,0.186636547522687,0.76,1,99.54063,1,"V17, V14, V12"
59710.0,-1.07872056435912,0.58499503162978,0.563401697905186,-2.2798212216328,-0.0233193945559546,-0.592403408892666,0.291172436308495,0.542662240135526,0.540544899162825,-1.61357584628598,0.747415526305717,0.298758235657892,-1.72397644965871,1.04997326406927,0.525640028558809,-0.162273843251395,-0.414817779346939,0.531922018049434,-0.26242420792795,-0.422385567105497,0.292354169452219,0.658202053189109,-0.185898501868703,-0.329806355415424,0.101873175236236,-0.806631531851748,-0.104217220843081,0.0391329332832059,17.89,0,5.8116703,0,"V4, V10, V26"
61255.0,1.44234201277567,-0.47300601903668,-2.12318408416064,-1.67413163758721,2.0121952406966,2.76089847074946,-0.580267947273887,0.594512499739349,-1.27008318917152,0.344108985496652,0.25534302276782,-0.970976078955442,0.037176622190755,-0.733320849650814,0.71113101999886,1.37603533676555,0.633410368676428,-0.664617093465547,0.826651294065068,0.27163824150995,0.148436261297955,0.175574143465728,-0.262527405544374,0.97417218341226,0.964257926583301,-0.0265162494255292,-0.0163673780485789,0.0209356182926547,39.9,0,1.7690861,0,"V25, V18, V17"
10978.0,1.20316861650134,-0.11412349220256,0.872415900989926,0.217274212793261,-0.850822497826141,-0.528506258903422,-0.600233136152634,-0.0042326582586836,1.61178462483033,-0.325159891914989,2.18616133749726,-2.15314757269585,0.815298078379566,1.84862137606252,-0.022313044609054,0.726279280993805,0.0934383732272332,0.761048971868461,-0.10678209749211,-0.126609102003087,-0.0252518567932073,0.107684999578377,-0.0170577866771925,0.33461096197154,0.147187364599743,1.01636437635938,-0.0991219473207095,-0.0061874842650188,15.95,0,2.1199937,0,"V26, V12, V11"
127067.0,1.86391806299802,-0.459851875922376,-0.876854259811761,0.689209718409603,-0.0335611302912487,0.213871198243242,-0.16421268248334,0.0565124625701659,0.851011289930733,-0.0186761257831573,0.522395027875024,1.81392844222238,0.444160122958117,-0.257043809879574,-2.37042279327361,-0.66253390924408,0.028090055471419,-0.769206037799731,0.786848389739939,-0.0833405650481054,-0.2838651436132,-0.561632874274475,0.259650879794937,0.745864662834633,-0.160538010834427,0.0412187458571002,-0.0400702315872242,-0.0512249141588215,53.57,0,3.394497,0,"V15, V24, Amount"
58435.0,1.30187835585944,-0.696178885785239,1.10396387692598,-0.692569629863447,-1.52762055261555,-0.516588402370642,-1.08322374853868,0.04181856847201,-0.736772086523393,0.760730244411804,1.63609561777031,0.349245288911219,0.6198913445807,-0.322591846661038,0.352462671540618,1.59621462452917,-0.143994478303407,-0.476509336789165,0.429671123357073,0.13822822054064,0.456436131799817,1.23885646162365,-0.102034912564134,0.590869256029821,0.381002213605975,-0.0814990964703639,0.0353313212029397,0.0200209773918751,19.95,0,1.6800771,0,"V22, V24, V18"
134773.0,0.0851052764800387,0.512985863262589,0.888607911887617,0.475366691998099,0.311426725434539,0.449607822438557,0.838176042195129,-0.0699831997070472,0.832639112196909,-0.371282382971267,-1.61018917662204,-0.156480070064268,-1.03236983223492,-0.515816085867682,-1.43278124605961,-0.419177300464822,-0.261210304207016,-0.70895559511493,-0.0192270720248552,-0.227535850880696,-0.514393844781823,-1.18083558438871,0.221428947215219,0.489526195740409,-0.573428456915306,-1.2393676109899,-0.189055183046423,-0.213138032000744,54.95,0,6.6436024,0,"V26, V22, V15"
30119.0,-1.12616092532705,1.40507054972996,0.924894492200152,-0.0762928726879596,-0.479501400530391,-0.873369547346321,0.318076890823333,0.401869934133654,0.0087639575962713,0.319386348446624,1.30315133508356,-0.346068324649871,-2.05380145662404,0.162123346300609,0.433205636925141,0.620455654914884,-0.0031262668106042,0.52472769836314,0.0742902653328969,0.195780611046204,-0.295676645729778,-0.742354778160359,0.0496315229160411,0.420623920173907,-0.189986542044278,0.0319042684929914,0.159276693335858,-0.0831632113997202,13.48,0,3.1780767,0,"V13, V10, V22"
158249.0,-0.794126513393066,-1.15133150467734,-2.60845619870242,0.315455230469116,-1.21751446802548,-0.291114062860711,2.21293454481249,-0.128181976230585,-2.5278024341785,0.0582545967349657,0.904503064653367,-1.1191845650791,-0.46976056394666,-0.0132947597547733,0.541294591197324,0.28300071902255,2.01927233465105,0.31762057556133,3.3635650983763,1.6305269686339,0.912802574010925,1.40259936275221,1.27613983110173,-0.432939488486151,-0.719214588563943,0.301387121403864,-0.0446429918723982,0.19962835888195,610.98,0,14.45354,0,"V23, V17, V20"
103675.0,-0.328777396267452,1.44148280425865,-0.858047111098553,-0.560802025081643,1.04776601698677,-0.179110954683585,0.481027306179708,0.326751078759929,0.77959910958622,-1.17762716660254,1.48348060685028,-1.48370056050001,2.61157243978929,0.683754681814898,-1.76505436254742,0.727215700670366,0.760293083552701,0.651955231177887,0.0552040330475595,-0.066625427691031,-0.407890406853665,-0.945137287692336,0.100101362839506,-0.0509192795425147,-0.354008884104388,0.0771774679090476,-0.0596793095625189,-0.0041279393426466,8.99,0,3.5307913,0,"V13, V3, V15"
155297.0,2.03952667114419,-1.08299825500077,-0.514668753784365,-0.969634934914115,-0.945926830412239,-0.216221589928665,-0.960856469437234,0.0047797705622555,-0.258666663171682,0.830128728571786,0.796400127763207,0.563581582179792,0.897340140475488,-0.393613630246054,-0.478776029685678,1.48325089748077,-0.252550312465822,-1.05645633111202,0.967440304224119,0.126223408165827,0.0251011997502209,-0.0140329557962048,0.280758743229348,-0.472175757211938,-0.485575729328973,-0.482225547427367,0.0067679567743742,-0.0447094936877667,59.98,0,1.144628,0,"V25, V13, Amount"
36589.0,-0.264747487562572,0.661627419473776,1.93250617876003,0.277400064222895,0.673165602356527,1.26161820216626,0.364366498924557,0.0631036181808408,0.264566843732471,-0.520883779113638,-1.62122684748201,0.662319010957251,1.97559750928758,-1.06719380548392,0.0966908943019337,-0.103125171735457,-0.680069006995302,-0.115423877805338,0.121863226643591,0.120780191331258,-0.0404180929655555,0.373533596983883,-0.304674963561217,-1.27205824023577,-0.219809105296954,-0.420300747812023,0.0663605115629079,-0.0705355998752649,9.99,0,4.718584,0,"V24, V6, V14"
60447.0,-0.49185938035762,0.539536526665807,2.55382203593494,0.933202794466786,-0.697801097558649,0.660349832751644,-0.183265951067176,0.440304010452077,-0.286344539070487,-0.165873380739907,1.43776696071615,0.524097772943151,-0.142166714068083,0.0774072739772935,1.21917660947145,0.292457147763309,-0.419782546028452,0.881699180870212,-0.180191355370073,0.0755270565972205,0.482385957453351,1.37616221643009,-0.0266948185655499,0.224427436516784,-0.585723262881704,-0.224004570484522,0.217980945402679,0.163747681277519,47.46,0,3.3921854,0,"V22, V15, V3"
120922.0,2.04197043992881,-1.79983200776363,-1.19561439299283,-1.72468322082653,-0.955801190021699,0.202776756047915,-1.0943296355526,-0.0536980976965376,-1.47921652942077,1.63525717264057,0.256567241381616,0.174581338617104,1.44297699043989,-0.51027807060316,-0.823235008298182,-0.120630597026269,-0.0836825661903542,0.599160666990181,0.305286924144698,-0.050391892023079,-0.0636277355137769,0.0241335444309681,0.0717389962299465,0.102212646417383,-0.196068362242853,-0.209339314794583,-0.0071700319791276,-0.0309934996051533,147.5,0,1.3430693,0,"V13, V3, Amount"
160848.0,1.83705723979642,0.472132041766352,-0.609397443822826,3.77412466553081,0.334858440873845,-0.0949793529100096,0.239860245328666,-0.0074100571282754,-1.12021708913843,1.59540687597949,0.437626747957903,0.304681612960656,-0.752765201448737,0.560261672442002,-1.79469484546347,0.816161063430306,-0.803282515582879,-0.309144963966073,-1.0180179228142,-0.295098164045963,-0.170891319373307,-0.550434302822895,0.289415997778673,-0.0043830451341362,-0.221673560355409,-0.289911576293006,-0.0501973750953423,-0.0532809744477859,25.79,0,1.7121022,0,"V15, V6, V25"
81629.0,-1.02354450760889,1.11424834711415,1.97550515280619,0.301609895761801,0.273702341732652,-0.435335699832857,0.673535145282826,-0.0252425910944749,-0.865855948603254,-0.190744339779434,1.30485568996811,0.745970575699862,0.1701668034616,0.309655842105253,0.189263518192035,0.258138367597131,-0.698573224701758,0.286611435102209,0.266798484688376,-0.0793444289056909,-0.100707217027487,-0.451664253299436,-0.243928890769818,0.290663686560915,0.227611964286171,-0.640318159877944,-0.187973860316526,0.0713610179082331,9.99,0,1.7584056,0,"V27, V24, V3"
165455.0,1.93174239728481,-0.410224893122858,-0.347502970197803,0.156016020988068,-0.754461386921602,-0.833867986956087,-0.370011471601731,-0.140647932924446,1.47181338293746,-0.411604166822483,-0.696225560903362,0.856542390109297,0.47611314473373,-0.0738345282033645,0.768887339030236,-0.033243605931333,-0.523568776016893,-0.145353267888163,0.0756256611187714,-0.147023260032184,-0.142097536084167,-0.277566253651133,0.318086502177048,0.0059319663389226,-0.3423807618116,-0.955163325841638,0.0580398201991457,-0.0210009784649313,37.89,0,1.9825257,0,"V26, V9, V25"
155244.0,2.03940659670673,-0.157903217016518,-0.981455093132083,0.714038396651647,-0.222531889129202,-0.939667861617067,0.0371163366365513,-0.289854100138374,0.819262958821657,0.0365114858508714,-1.04089457251635,0.599370884148423,0.226135391953226,-0.0460240514975025,-0.649204790710247,-0.461234852090192,-0.10826833914538,-0.569301857025263,0.068657462945864,-0.227158894057114,0.0710739993327625,0.531478892942315,0.0549154884431396,0.12194158625096,0.138797087530249,0.453234128011701,-0.044885324980993,-0.0641709170319756,3.0,0,1.7947291,0,"V15, V22, Amount"
145719.0,-0.880866429049592,0.846637729101942,-0.637771162105463,-1.09542161119933,2.58931316250108,3.77685598524067,0.121003619456031,1.33429527864491,-0.994669852004359,-0.848657910421791,-0.274749064051505,-0.0021371182212562,-0.292078868637525,0.763011935651102,0.569898348401678,-0.679666871734264,0.324456219644254,-0.651659343939741,1.21412313992606,0.0997709272734995,-0.182684235930472,-0.754537596094092,-0.187656564492076,0.727605223563331,0.518263957179315,0.602215159369094,-0.128051977130619,-0.0284418982837906,30.49,0,2.8385367,0,"V17, V19, V16"
122074.0,0.170424807747031,0.768586906257978,0.0193707453570603,-0.815282107366633,0.620066694618077,-1.23152156437397,1.18394770434549,-0.312790971380751,-0.0272526842263548,-0.796754702192447,-0.907864465061537,0.13834270508465,-0.200077095134248,0.326054673467412,-0.302002556813021,-0.53321025980771,-0.257145667688975,-0.659055410197061,0.0083385372419811,-0.217741257206363,-0.0623114067869858,-0.0617338727559525,-0.0843903948098804,-0.006940643250789,-0.242851525027764,-0.150134611650101,0.0279839633677505,0.0317447272311461,1.0,0,1.7778597,0,"Amount, V16, V7"
42185.0,1.2119077830097,0.219638605691979,0.253054148768606,0.655247992662696,-0.290763531040992,-0.631076440656037,-0.0711355498437426,0.0020183528210573,0.208087617146917,-0.292095311567277,-0.0469590431510029,-0.309752726780741,-0.978180045699165,-0.0234350715383143,1.47585146674241,0.241691075878725,0.340738842610234,-0.60273249563821,-0.548804033030319,-0.187994860865354,-0.273487521203682,-0.812645528364554,0.172901429108593,0.0015047460852028,0.103139792670336,0.128067627658328,-0.0143687125197269,0.0249005246823845,1.98,0,1.7071505,0,"V15, V17, V19"
159895.0,-1.0750819085779,1.81051021083052,2.20399811786215,4.23611705994589,-0.641083688107922,1.698006200767,-0.306866890896468,0.782444467674484,-1.5352110013867,1.31986450961964,-1.3977242376331,-0.785249006754566,0.315435223445393,-0.0551109253007641,1.29939361958694,0.596244202331282,0.0444649079457498,0.708990047856809,1.03856833768694,0.23656621863215,0.07076879100411,0.173082162546741,-0.125653466049881,0.637913496542259,-0.0023378792724153,0.372557406772299,0.0257043818658295,0.0885230968884264,68.08,0,4.0096602,0,"V24, V6, V19"
157144.0,2.04088668910556,0.0285406685379503,-1.15126586016539,0.443009964387803,-0.153864263953326,-1.48580289714293,0.273295241946027,-0.422705129431738,0.520669401444238,-0.0029903403841752,-0.263254833109847,0.612404903174313,0.326364601680383,0.449651425455786,0.725195436907342,-0.396742691367803,-0.333176629405069,-0.312956925159706,-0.442656040919288,-0.244004919412742,0.27828475447574,0.993628569710438,0.0481157211131099,0.397122461814647,0.216004154108856,-0.129092410931584,-0.0136853373780802,-0.0549074663732632,1.0,0,1.742397,0,"V22, Amount, V6"
73672.0,-0.849810986484076,1.85404457332038,-0.268830433931835,0.915303308684968,-0.317256890864032,-1.42331309217489,0.56702391607069,0.138321892875891,-0.0682192052579493,0.843230962605336,-0.481743880841983,-0.225816298446544,-0.909699745470041,0.79521309074665,0.742901506514375,-0.557828230802572,0.160815587864108,-0.128428911491082,0.206217026339755,0.098315576881645,0.164730569252842,0.54210897599629,0.162285088494477,0.692337446091494,-0.680453424097558,-0.446950077246447,0.24636582731397,0.284619002341528,1.79,0,2.869523,0,"V10, V24, V13"
159157.0,1.77837354143757,0.197749539669304,0.491943416597682,3.62910636294931,-0.164510590070463,1.07175111068362,-0.77342067780457,0.35962750479548,-0.620603806946311,1.48457477431215,0.598306577547567,1.02633536125665,1.11714452585982,-0.328630867310441,-0.970367591919935,1.67754414792432,-1.39191001705125,0.442375890584094,-1.52309859162087,-0.129223414071902,0.0962810050232845,0.259646124180297,0.347019109704122,0.72857800117473,-0.519977432755942,-0.254678344039858,0.0247491314569224,-0.0179526057997564,23.42,0,2.7098458,0,"V13, V24, V25"
150173.0,1.99499419645802,-1.12756441178969,-0.244564248128871,-0.0065895921566818,-1.3870102415635,-0.389647872387844,-0.941396224501703,0.0299756662083586,0.964497474449142,0.38151647039781,-1.71912602934071,-0.0332048096481171,-0.972650155122794,-0.318097842773933,-0.793113802966841,-2.01507673486583,0.294023140002833,0.942171286653101,-0.253038132534353,-0.669268817488933,-0.716729441404313,-1.36543828031352,0.412740089901555,-0.143658159776597,-0.423148176866898,-0.967919665191664,0.0829027133560527,-0.0214633636672293,46.0,0,3.3179383,0,"V26, V22, V9"
44321.0,1.24002076868408,-1.77280549914967,-1.05808843234541,-2.3827508445538,0.655955136912432,3.40452129537495,-1.43489771351637,0.776598177777846,-1.90227730672651,1.39572008011551,-0.186096439299456,-0.970630019419005,0.587168548684833,-0.217046475637538,0.954896591032309,0.156100499787625,-0.0738251866723314,0.385675840614687,0.0800715223105215,0.140061917203875,-0.321622690866838,-1.0962842226917,-0.0020273680271817,0.955708461053743,0.233006900456054,-0.412515627095983,0.0147877129032998,0.0518489484075686,177.7,0,1.5463508,0,"V22, Amount, V9"
146179.0,-0.0676716213886392,4.25118050159519,-6.54038835224963,7.28365703710757,0.513540870943284,-2.63506638788364,-1.86591081008961,0.780271626602801,-3.86824834701295,-4.85148719411703,3.87116530391397,-6.88763735718558,-1.7905001483675,-11.2723158701978,1.30136314876439,-1.68983647758912,-0.0529325394075147,0.778734824784494,0.242162496030838,0.519403972453402,0.415436545379518,-0.469937601482284,0.0071280404084919,-0.388147290740708,-0.493397940502339,0.466467724945289,0.566369687106408,0.262990466192685,0.77,1,195.20952,1,"V14, V12, V17"
138278.0,-0.997449676938183,1.06129701921585,-2.09788705680625,-2.50396666521157,4.1025150905563,2.69433445799396,1.75688213973319,-0.23082574988009,1.02498301432673,1.96398422650003,0.338887784891759,-0.430900791227989,-0.572453626257585,-0.271504067027451,0.467150541106155,-1.15242587587646,-0.952470285015595,-0.701729567999489,-0.36735489798563,0.775755052407303,-0.167663508355027,0.803835567313679,-0.259536995026393,0.743270100160491,-0.0960273071234566,0.0268868250562868,0.327605305818303,-0.283181333031149,7.7,0,4.6811914,0,"V28, V16, V22"
153898.0,-1.8252933608157,2.60009250145567,-1.72829288937495,-0.619930439203068,1.03466872761263,0.805969838673027,-1.2775566185798,-6.48631410998222,0.450561263327203,-0.349469212437254,-1.10437666342357,0.265553128387093,0.539888743911437,-0.905959534608327,0.649089891079132,0.265314519657642,0.741485033289001,0.961594934596252,-0.0735800545389584,-1.41515967864687,6.36547557574523,-1.19384270109824,0.616300270481598,-0.194008468732141,-0.12546257452389,-0.102890289735777,0.320281660778824,0.187874324016344,6.29,0,4.022355,0,"V22, V3, V14"
102143.0,-3.7381757861407,1.88906141551215,-0.975885947359461,-0.761875415403799,1.11634398196459,-1.07666984818222,0.941142206715907,-0.423509857526791,3.56760817078693,2.39267476123247,0.514198162801837,-3.33821084052229,0.479754201918081,-0.446936727953305,-0.421536709201829,-0.0489418547458489,0.961292106980426,-0.131583063492656,-0.502415992170915,0.494798104536167,-1.14389473271467,-1.1244088734986,-0.16240060847119,0.482692148064473,-0.0869906578655876,0.015785388238725,0.207445876658921,-0.525539231533346,8.99,0,7.2780714,0,"V12, V20, V28"
70736.0,-1.59702362132883,1.85251324133655,0.28625612195573,0.818032898815559,-0.344553057606704,-0.441814511382204,0.0355294228074126,0.767223807634648,-0.629785272294934,-0.0010483448843383,-0.450322167539297,0.589289211318508,0.688411331099071,0.717941421564227,1.17375954059903,-0.44066466854882,0.367751223898022,-0.371783803030331,0.0115522601532228,-0.0308769838561868,0.214209242483979,0.605543562372072,0.015505031398434,0.100994873419687,-0.164498651104825,-0.303238676553633,0.0631493930453846,0.0927380693205151,4.74,0,2.6494756,0,"V8, V17, V14"
155317.0,-1.5122914499725,2.01503736088661,-1.52577475918984,-1.29028781986782,0.68455799640186,-1.52388474828946,1.5782180865867,-0.19473723981531,0.489092546270699,1.02209676360407,-0.481920519407374,0.120067260653429,-0.227448534431662,0.477111937461452,-0.0344754141020154,-0.840773742580555,-0.227900066187107,-0.63880875068462,-0.477898168131015,0.449371897190779,0.0766282803654951,0.857755387703652,-0.200555292005829,1.13500629961895,-0.116755272189306,0.033266860019749,0.706704698783527,0.238417890782601,39.99,0,3.8373961,0,"V24, Amount, V27"
169313.0,-2.30854766059212,1.73663878745267,-0.295528826789768,-0.57349670870124,-1.40172096592042,0.0511660978907958,-1.52286895177011,2.13554780133005,0.0851090813281089,-1.47937313866124,0.0577545891206865,-0.227348842519504,-2.18456707260003,0.21111949285969,-0.0121364550280577,1.69091326901579,0.792804049820379,1.5382753687781,-0.36831423192879,-0.526698187721262,0.217822723962171,-0.0330227952338844,0.174770239294434,0.551805383381084,-0.591347153934542,0.274049192687075,-0.529987868245243,-0.044111484920542,17.54,0,7.7992754,0,"V7, V18, V16"
143145.0,-0.0436439476799563,0.118427880015271,0.50883877942748,-1.8252689209325,0.637811163931645,-0.631210997272304,0.764728387741337,-0.49398942874367,-1.51262509554999,0.353844908137363,-0.754504421904614,-0.794840342606413,1.02997791409718,-0.428027341331848,0.211985432544509,0.61245345625018,0.0164326497332547,-1.09967462331075,0.934204808825136,0.347400485971706,0.46621355748573,1.42970571735158,-0.391557451156228,0.666171111509256,0.198100279915699,0.0745121716096594,-0.0644321807991125,-0.0811367754356942,25.0,0,2.7501245,0,"V24, V22, V5"
104668.0,0.364974741551332,0.801320294005359,-1.55782448861629,-0.625229151875054,0.813001543875915,-0.676543531326454,-0.112648158507997,-3.02425764508205,1.1651251580559,-1.37335542924887,-0.685557027970865,-3.7874701789767,-1.50331952805984,3.24336302634271,-0.485709105403703,-0.151963666719575,0.457141830314461,0.255760202792711,-0.575432231406572,0.300641532511102,-1.24703399997281,0.506365616000048,-0.130837158660953,0.387510338455634,0.525788050004133,0.116337236019277,0.0498496012673465,0.308839869584305,37.83,0,6.667887,0,"V12, V13, V14"
166981.0,2.10763405066964,-0.838904554812533,-0.754371717519106,-0.342203436509256,-0.947238806026599,-0.830406425589882,-0.603523710260113,-0.231737236601786,-0.169862576049262,0.843411604145638,-1.19120759005098,0.0117424290921963,0.432790191811266,-0.116114338612407,0.160664742418439,-1.32810980000997,-0.198121086539853,1.00390566332099,-0.795277235623024,-0.551124402908142,-0.360639929503383,-0.452442952404869,0.2608852623051,-0.108393183251402,-0.361618198524869,0.563287099296035,-0.0354409375276475,-0.0489328490479427,31.35,0,0.8914783,0,"V15, V3, V16"
153633.0,2.19992867463413,-0.949755373847544,-1.14035068077902,-1.0076337593055,-0.492659301244995,-0.325330357238597,-0.730968965084484,-0.167976929771415,-0.0281573665438749,0.7261870861956,-1.61118343758804,-0.599404843133034,0.691756132163134,-0.469787157587886,0.111098229035309,1.23325385019835,-0.128480288113524,-1.18390545174484,0.887697863148145,0.0557264372639484,0.156878033513109,0.502932019562947,0.0278670132445229,-1.02857397990209,-0.0126753799866749,-0.114827147373836,-0.0042560663271006,-0.0581200095618094,35.0,0,1.4091113,0,"V24, V3, V11"
55954.0,-2.16159951524807,-0.890353892790072,2.46060494640659,1.28812429210808,0.46987075480659,-0.449443827303551,-0.710725292545299,0.322198494639795,0.096885934941612,0.0973474886987053,0.907025382774451,0.537083627494773,-0.325389623944102,-0.0888210974623684,0.325865195452977,0.110537268087431,-0.345575761022379,0.997714502308468,0.776292443503308,0.111217828112063,0.159019407274711,0.654000091665332,-0.349706819768106,0.374340352231166,0.367522873935697,-0.122530865783686,0.373153260718858,0.172737573402832,118.29,0,4.9746003,0,"V27, V7, V4"
127468.0,-1.68765394580475,1.7135161517825,0.388508770010295,-0.648485891964276,0.995308445428201,-0.113024198283878,0.704309414489732,-0.82054852091015,-0.434728348219401,-0.164387770928213,1.3717275428491,0.706719238643343,0.257699853891939,-0.982565415011929,-0.432287255465042,0.0983026160279971,0.531512240778699,0.168274869089269,0.670700458739544,0.0280723882116031,0.409111949730837,-1.13258231857829,-0.0874396097431113,0.614792659855813,0.537243163077307,0.34991141040042,0.0030791406210339,0.191233943566882,4.45,0,6.0962234,0,"V22, V25, V21"
97476.0,-1.30492528788373,-0.169528589345572,2.54054852360952,-0.966405732252996,0.503570464339389,0.0340651528748254,-0.509096692805527,0.428736801522273,1.53837772134094,-1.31241412796812,1.36219581936524,-2.5547688767665,0.400767970557519,1.41722651097627,-1.06789683067861,1.05485196493787,-0.295144099939338,1.07879963163243,-0.757367703623155,0.0102688641383573,-0.0265854821696588,-0.173959603057591,-0.133737725818573,0.690051502730696,0.226985677478386,0.43005353546935,-0.0728795346407225,0.0591387404766664,15.95,0,4.0166316,0,"V24, V12, V18"
145471.0,2.04676467848186,0.302345851408004,-1.91918975805536,1.05422341280932,0.782079260874027,-0.914982277790862,0.678595062450703,-0.326796131088354,-0.343515415957561,0.547150438478629,0.645885778285541,0.60160972426956,-0.457003173593071,1.05458121130808,-0.415376072877985,-0.165955113504163,-0.734386391938089,0.127291177924724,-0.0398368121442762,-0.296394793841955,0.152173320624896,0.519656133333803,-0.0538932965422229,-0.404143078683963,0.462810408013105,-0.477037945991439,-0.034607599619572,-0.0785438209597973,1.99,0,1.7010193,0,"Amount, V3, V9"
84934.0,-2.31793141475043,1.93877296186251,0.370892984821244,-1.62754779708913,-0.963766286738573,-0.761229789397185,-0.333665346002492,1.112510173616,0.563511308425667,0.47971131089491,0.440727976929342,-0.0668824673313627,-1.66683160643188,0.726221273402205,0.0245569217699718,1.08811601401976,-0.681788975699389,0.468047017772244,-0.386748585757166,0.270362298290893,-0.16725756417823,-0.348370835277348,0.0245890097949368,-0.0232408856196829,-0.163833354228849,0.696167101858284,-0.0420681603661543,-0.234081195977221,0.84,0,5.3023434,0,"V5, V28, V8"
133916.0,-1.63120073298394,1.21187225401554,-0.531598739700589,-2.29116315008256,2.12852152696497,4.00735542021417,-0.547322208332462,0.253528502411203,1.29918563698979,0.524610040324994,-0.0783920786359385,0.188227663757261,-0.234773913659542,-0.375374407895363,0.78923226675768,0.032853358928654,-0.696246957203356,-0.335915918421017,-0.354693376430123,0.106817519736501,0.487864525250195,-0.825910154834228,0.192161312181749,0.64126928526408,-0.074807001752064,-0.320950626560011,-0.445505737679665,-0.326855573438152,0.92,0,4.163992,0,"V21, V28, V9"
27597.0,1.14421414766628,-0.224514566166706,0.674670976200389,-0.0616119593583266,-0.685484306110915,-0.325786492623947,-0.361648568044299,0.0200177196642404,0.100870120513018,-0.0398832300810252,1.26846848905141,1.13574109446632,0.803637582527984,0.0994173209400511,0.599903480311603,0.859367263478761,-0.857191704082045,0.205935875425902,0.300588697585633,0.105403742113667,-0.0731055403593699,-0.33064062740247,0.0298526800432883,0.0693219664195323,0.0357021989979431,0.827873960786567,-0.0670288886436426,0.012252784532014,54.0,0,1.6260878,0,"V13, Amount, V26"
94733.0,-0.263723092161139,0.410514119695616,1.41585371214867,-0.48184107612333,0.760175262403363,0.48737917887168,-0.0851994425143651,0.0975200937628005,1.58435602226097,-1.31977164494616,1.84442181886238,-2.02089557488172,2.21667731727528,-0.446930445943711,-0.794731958506424,1.22482909947082,0.50289600806258,1.5232241341552,-0.507804012944568,0.115741550517511,-0.131129813629262,0.0052268523106712,-0.0947143693688132,0.150694667648162,-0.389788327661224,0.284327926219322,-0.156800114040557,-0.170250172721649,14.7,0,5.189004,0,"V14, V13, V18"
153077.0,2.0842396364987,-0.0440993314020658,-1.34998700322412,0.256299410153147,0.264906718428724,-0.790406089182293,0.254218288841587,-0.34921942496119,0.441228675324462,0.0393757074032969,-1.19457172958245,0.723928465214942,1.15179575679807,0.0452955543716736,-0.0134600412233215,0.052982869550682,-0.593968980546546,-0.759558369760074,0.395535854227039,-0.111312890015733,-0.315010123240759,-0.754887032162975,0.230696973396382,-0.62760785971377,-0.178750401324393,0.234043357972094,-0.0680197092792877,-0.0624009774035471,16.0,0,1.4646208,0,"V24, V3, V13"
162199.0,2.0666308608432,-0.0183590358830176,-1.08085454083477,0.397593514078651,-0.0722534983968626,-1.16753292840881,0.21549018781,-0.357797224829624,0.474651094922732,0.0595165027016486,-0.716107830230256,0.667969789587304,0.544279823019048,0.178347995450948,-0.0069714734984362,-0.109246751793003,-0.337261406191283,-0.907112876315354,0.166092416688559,-0.1919629086482,-0.287804376308663,-0.672077081988732,0.326810553237957,-0.011393231544959,-0.27435560949468,0.198159084201407,-0.0677799624137034,-0.059520688361706,1.98,0,1.1883218,0,"V15, Amount, V3"
154069.0,-1.78409383981999,-1.51435026838882,1.30238658082289,-2.7435562292872,-0.152029628323839,-0.626860904621027,-1.09114943396889,0.561427223367495,-2.19040211273371,0.115444788922482,-1.57624578670963,-0.953572258575817,0.69730610747022,-0.415403847391638,-0.464210864102079,0.161740691137446,0.212184178876195,0.126226352965047,-0.590256919163906,0.0490370143890772,-0.250449874031129,-1.07964934355922,-0.0260838083892741,0.407679414166423,0.360122654078761,-0.473905220371803,-0.0760018372183978,-0.191332181508166,57.89,0,4.2116313,0,"V22, V16, V7"
121053.0,-0.675008798113871,-0.618616199015884,1.42213529068307,-2.07912993709948,-0.247293342967252,-0.863113052497205,-0.148707522750255,0.0519861977120328,-0.567952313264038,-0.253761418471412,-1.31052785856972,-1.47584728211981,-1.08653367317257,-0.358601405261517,-0.355150977393301,1.336899038687,-0.035679869741021,-0.951514738557525,-0.229558891753544,0.1103845947963,0.434008333539718,0.981532192200832,-0.11725156010582,-0.0890470824851564,-0.0309249291591505,-0.173135662816253,0.0844733760851483,0.140432219164599,49.9,0,1.5730231,0,"V22, V13, V12"
161628.0,2.08826580603399,0.230560187025425,-1.74642010928655,0.370402217731451,0.583161999475423,-0.767835365179915,0.25030654372227,-0.284226615597628,0.350606445070458,-0.407491942661789,-0.533956671260377,0.636610147200623,1.10991301391297,-1.05662367975216,0.104815223977851,0.314127248583715,0.358446694696226,-0.381796638246875,0.105162115330871,-0.0872189836830065,-0.363659127595961,-0.889632408384419,0.308942349374281,0.406759355316763,-0.202508996153158,0.178017135392432,-0.0560986994968086,-0.0299843349760508,0.99,0,2.0926013,0,"V3, V14, Amount"
64606.0,-3.60525018010912,-2.29692429405397,1.22164333507073,0.484604172059565,2.38760953008725,-2.84819116555588,-1.12821041119621,0.50968060576539,-0.67177065841903,-1.21093079300262,-0.40213462396828,0.556218966748383,0.718084704062087,-0.0012893920207261,0.510306991391913,0.784816260811045,-0.0520290033559929,-0.136521800457122,-0.872900394449324,0.863291447523301,0.126049348636817,-1.10655266382948,-0.182575097838846,0.377317720908033,0.235800694995527,-0.0457895915199135,-0.0682530401692775,-0.542530971167138,1.98,0,15.029251,0,"V28, V6, V2"
79215.0,-0.819532364982328,0.853152059884025,2.43287017611891,-0.135843795349228,-0.495343993702345,-0.36670604984888,0.268427376190169,0.251971961293588,-0.420000254476694,-0.271403716520783,1.30545850745612,0.201200129415599,-0.804775552128274,0.287217959646645,0.54265630219944,0.603640365596312,-0.612626151939369,0.571181259254978,0.111939613445166,0.131008391230976,-0.0197282654177198,-0.0860274651967496,-0.157324274438992,0.515502434326845,0.0545277510812787,0.236458447473881,0.264622578672111,0.127038849045675,12.81,0,2.073491,0,"V3, V24, V27"
90088.0,0.0537746833645141,0.962057936379732,0.159183944342523,-0.536546489984834,0.928201587089469,-0.682574513743208,0.954787077113981,-0.294158144061226,1.14944105096307,-0.808487620215658,-0.439936845719207,-2.10303695236857,2.69889127445394,1.32405470804983,-1.18957039411014,0.0357143273748126,0.0200531329362691,-0.359415848677148,-0.0339738327516995,0.0249339165982201,-0.438481640323711,-0.81236804386756,0.0078155296665423,-0.698222524603462,-0.384357216950073,0.139273866065223,0.221840185064411,0.0873635559204098,8.99,0,2.5029006,0,"V13, V15, V24"
77967.0,1.17961068149886,-0.501185314711013,0.986535482848128,-0.683275685956459,-1.32120691002059,-0.578458987859769,-0.749188217217059,0.173065270700854,2.03140531861664,-1.07864367907931,-0.191639447783975,0.104718684127711,-1.67693010818113,0.20937345767018,1.67131166167804,-0.756840370902331,0.341033095167565,-0.176233439191127,0.0853626225287192,-0.267949523172609,0.0187765671500043,0.261008003015282,0.0528321041907487,0.3815170200566,0.331139943148206,-0.671854772911519,0.100366887566246,0.0318391470593793,1.0,0,6.8443403,0,"V9, V4, Amount"
42356.0,1.14087116089202,-0.614368158094156,1.31532261822867,0.626389143196382,-1.17668224706549,0.695416786260584,-1.09100364307202,0.331055262341175,-0.575453721512344,0.763318107815953,0.980711946661975,1.23605269787496,0.79182561665953,-0.400192887828485,-0.521234997835398,-1.50413499309671,-0.0119258894978318,1.25473458806888,-1.10382273998918,-0.490382443527758,-0.329275143291966,-0.291899208714007,0.0752648696412967,-5.30049176601943e-05,0.208092284322216,-0.383085185795876,0.110073082171882,0.0338498312075881,27.0,0,2.1578026,0,"V19, V3, V14"
146057.0,0.0634804662931804,1.10673450550011,-1.13836501361659,-1.2714032108241,1.57257233851879,-1.17354117508247,1.73039765411341,-0.454835090112882,-0.352480567777156,-0.480109557655788,-1.81437666497329,-0.390780878363273,0.0313823906525853,0.634360875187793,-0.119452435064314,-0.370361457233363,-0.784637997963357,-0.0620120592459696,0.255002645797521,-0.0395603971177733,0.178693732459843,0.747384012166401,-0.381497918775803,-0.945621306469389,-0.166407966385287,0.150088639521918,0.395361161610236,0.258383108636457,3.47,0,2.4875662,0,"V24, V27, V7"
77777.0,0.386602951966022,-0.87378247499472,1.26160487254935,2.41267943103224,-0.378478453523459,2.47333239273067,-0.847001050642543,0.870167973102883,-0.310291560892321,0.501173771907587,1.93157087492923,0.688197509440497,-0.355328807202239,0.253853134445127,1.57373376786108,0.293894494921542,0.0543197085931616,-0.871575717752784,-2.76370563114604,0.255801192450284,0.557411520544119,1.10126318530103,-0.136735903766556,-1.01853141690316,-0.207764631666239,0.195641383670558,0.0609907852984787,0.0617938115744259,267.85,0,3.2343793,0,"V19, V15, Amount"
140448.0,0.26205880774651,1.09688134805449,-1.29873221207558,-0.168547998421458,0.55803343639244,-1.08980606364553,0.48331353743021,0.200151085840902,0.0237131648112721,-1.0882551186675,-1.42130033887112,-0.755567013272352,-0.718881501992869,-0.390870320177253,0.791832322074115,0.447256488500736,0.387150844086656,1.04010031840191,0.0169565861950765,-0.295430331662016,0.267532233035142,0.749816376228503,-0.186224987893033,-0.747042914781006,-0.209864577549047,-0.105916701903491,-0.0722020457434965,-0.0561820555278133,1.5,0,3.6056187,0,"V18, V22, V24"
89663.0,0.351848628910986,0.957609259028289,-0.401357163746951,0.732849993538087,0.881800111256265,-0.991746281877022,1.28537093358389,-0.281990202532163,-0.307179061155631,-0.184875612004645,-1.39682229610162,-0.585907708790346,-1.34887595602535,0.655227794139252,-0.616793696420557,-0.8287080537596,-0.0534824991031532,-0.317128088168778,0.0593358765083087,-0.305579267601708,0.134175628589453,0.551463039910793,-0.17867752039166,-0.106952707379222,-0.187692869133345,-0.535176415173081,0.107083295625459,0.0655132805447216,1.0,0,2.7483335,0,"Amount, V15, V13"
163598.0,1.75205582450249,-0.690011898381095,-1.23948942202151,0.172408863718065,-0.15340115257049,-0.416876445864636,0.117712737432936,-0.144198534382592,0.772179870243219,-0.123888528350019,0.584524403643271,1.4246373454733,0.339262925939995,0.2211659565502,-0.945853133151785,-0.283616898429993,-0.434451653564524,-0.170492952479718,0.649012168379564,0.0757191608920849,-0.0427653553376539,-0.173844512152768,0.0446198752373976,-0.361794150488821,-0.100663124830656,-0.0986500505798749,-0.048139510758656,-0.0453253863223662,140.36,0,1.9228269,0,"Amount, V15, V16"
122779.0,2.09244601417782,0.217585655805845,-1.86351818315479,0.361102663750719,0.490592854737821,-1.0084172589403,0.204179783861306,-0.32624870729541,0.280554809088244,-0.324560897679068,-0.352666962544703,0.217326567683058,0.744920909495458,-0.949072820985025,0.748635931909072,0.476051056259782,0.306339606125352,0.288056303226734,-0.413742795704642,-0.102853674097349,0.156131750657766,0.592180197276301,0.0395157251331402,0.648983081395765,0.127171912033701,0.649348004609529,-0.0635745254095313,-0.0345349986526437,1.5,0,3.0696158,0,"V26, V22, V18"
80812.0,1.29567492111783,0.17617215295985,-0.347506857312823,0.754494196187251,0.475482944905427,0.27194210948722,0.0205580717941195,0.0718249717054118,0.280648767633497,0.0121498050853791,-1.65602424027417,-0.911836620458611,-1.13729945699654,0.604664634649549,1.42333248932555,0.228633715780871,-0.578733435020021,0.0231612671335244,-0.192844539655395,-0.214277175852372,-0.0515961528774261,-0.128954468097629,-0.227569747919487,-1.35303695191362,0.755001541260028,-0.207504433098476,0.0191942307655451,0.0001128223076486,5.96,0,2.7960658,0,"V24, V12, V13"
68307.0,-4.20265244019852,-3.14979931343394,2.57422780476748,2.14351535509796,1.47719583449077,-1.78006200385937,-0.706509740582404,-0.0824624813870479,0.294832840842623,-0.0299687425622817,-0.0170410555760283,0.608639093162933,0.957064477543219,-0.659772499456193,1.07683084331833,-0.0616817913920494,-0.109263252626346,0.0682532309213305,0.760924304089726,-1.44434229520086,-0.460164277069418,0.795723678745502,2.57884618033993,0.940043826770332,0.932595269389133,-0.150322346126005,0.719780177549699,-0.374475960081218,1.18,0,10.353763,0,"Amount, V13, V20"
61606.0,-0.40512364148557,1.01147879848303,1.38319354478241,0.0054172013125273,-0.0821570498704448,-0.805965977929912,0.540713830846213,0.11401710180413,-0.528850810220288,-0.314284460372868,1.51309419199566,0.190794768843637,-0.917997815352939,-0.0378775665668067,0.279284819040044,0.562015045760411,-0.115641850972043,0.402541438276549,0.128194904134257,0.0603609515148402,-0.208871335574226,-0.614811582801139,0.0087330430691838,0.459328657053919,-0.248781759314499,0.044901643676343,0.236049057633653,0.0883607743217324,2.28,0,1.5894256,0,"V11, V24, V22"
110766.0,-0.613416746532715,0.603192087532581,0.875483007987242,-1.27597377179788,2.59058805450984,4.21614268929785,-0.0813556297845029,0.798486806332968,1.42705571842992,-1.01657564367684,1.03144742479546,-2.60388723707675,1.48978587035598,1.41215820388959,1.03008386074144,-0.354651634949169,0.203147069663474,0.392318710749903,0.419921658491637,0.109180204301981,-0.299532954882615,-0.561819244295132,-0.269389961601638,0.598228729168146,0.287257453864811,-0.719691604892438,-0.188868883999087,-0.157034022227516,11.27,0,3.0242825,0,"V15, V12, V27"
159045.0,1.94829174081737,0.018544197021362,-1.68894366517141,0.473285562876254,0.0748486140729976,-1.26043514411972,0.1665712755627,-0.223351426727087,0.427607912455378,-0.296711397684031,1.31365149794837,0.411668931456957,-0.80003945730737,-0.380048018870177,0.271220434953072,0.408615037979887,0.220702669990272,1.05682458521871,-0.183193575027891,-0.181157062972029,0.263858810129682,0.797584428421442,-0.039853981710121,-0.0038819040948627,0.17579472033266,-0.127609549608754,-0.0164071832294717,-0.0365343347145806,34.0,0,1.8661397,0,"V22, V18, V6"
58187.0,1.17175928058184,0.24694904019646,0.569173011545872,1.05374745562685,-0.473210323317743,-0.704331653028394,-0.0231564903615706,-0.0244886968114028,-0.136945920055976,0.180608110715884,1.42299906986952,0.691986294248557,-0.619849335872903,0.647720901449585,0.364804788680633,0.335434357290922,-0.620742279993206,0.328094429316516,-0.157155983382061,-0.166509314495338,0.0060803607736932,-0.0221805395901612,-0.0021566101346096,0.502137445386739,0.465557473621271,-0.466881870986546,0.0150907598737949,0.0165965407055221,5.95,0,1.0249078,0,"V24, V11, V25"
58486.0,1.20312469120417,0.124783413606022,0.59658239132573,0.563663936610529,-0.622633917209017,-0.812236431574441,-0.114043163861095,-0.00723711903768,-0.057384920213475,0.136293068871365,1.47278141799818,0.52400944363973,-0.936215204692863,0.673071805160975,0.440445642167901,0.492586483316942,-0.534859521460005,0.0249850004837795,0.101370450386285,-0.162278202568917,-0.205609761503331,-0.686652260516699,0.163310054780815,0.499369057210858,0.121999118553934,0.0683080739283049,-0.0399040534106335,0.0083976302034411,1.29,0,1.2483989,0,"Amount, V24, V11"
166733.0,-0.0388198880651357,0.882885966039737,0.524715839052242,-0.697480789225531,0.767694903052338,-1.08266269185013,1.45862148149181,-0.69644658938483,0.288148494251615,0.294357466495978,-0.537220957061169,0.522398348456323,0.993183665060291,-0.579807764961597,-0.437569597401509,-0.328565183977465,-0.681038412012866,-0.949229713232577,-0.115041733834961,0.295264957282012,-0.383199778173794,-0.457366099634407,-0.008032509865898,0.0655266882658099,-0.456076712550678,0.0824995099973511,0.0385715709017541,-0.284267399476525,9.99,0,4.2092247,0,"V28, V10, V7"
66495.0,1.15586433883584,-0.0854241931129824,0.791632234041128,1.25495501969473,-0.616589503308598,-0.0243188746018979,-0.38260302195119,0.0454003665956928,0.816598061589829,-0.181499421151406,-1.27278037759656,0.262980569566581,0.0761481243641744,-0.299845722558339,0.0939245796984969,0.0506676542003438,-0.366122306818722,0.165442538338038,-0.0550820348992518,-0.0722479576468794,0.0726541627461793,0.394054142074233,-0.224520701124901,-0.0834305798056888,0.708059266476519,-0.187143351361971,0.0545788893383348,0.0293916351481074,34.95,0,1.541817,0,"V25, V15, V22"
143816.0,-2.38121194236578,-1.54831703904728,-0.75530874344944,-0.0567998326703162,1.67725992506279,-1.46888374416096,-0.277059093554114,0.666741910837476,0.0807859809825203,-1.49460610568236,0.790217347387211,0.553400396804349,-0.809715772185266,-0.838487742667663,-1.03239412802866,0.411507782715974,0.961175627895204,0.877820123854009,0.112434692567052,0.844428761947879,0.0926007008212532,-0.708564508229553,0.169565825443677,0.625191230045763,0.27165468888899,-0.143210424987123,0.0929290467831159,-0.34878379524413,133.25,0,8.71456,0,"V20, V28, V2"
78342.0,1.28431827603891,-1.48589839826457,0.326592085770975,-1.23443909310852,-1.56695843911009,-0.217402560653874,-1.01333301057028,0.0087865857069242,-1.62141632243953,1.43727283572213,0.471199865078034,-0.405422664782515,-0.357056727734208,-0.29769095817058,-1.20840266915428,-0.561946011640636,0.598109518076715,0.278499744694851,0.563976952636469,-0.173835473093034,-0.31904091003309,-0.661707794214255,-0.0663994377896941,-0.0186483189444923,0.365769641254494,-0.274769021469483,0.0138871906911295,0.0221378313668428,112.23,0,1.4735394,0,"V15, V19, V25"
87960.0,0.101804742628651,0.504822312478239,-0.58014561962038,-0.435621392427258,1.26377743803066,-1.04131765767912,0.699763319809792,-0.0919492091544487,0.0675436901019571,-0.910869177853805,-1.03322761528436,-0.628437192171562,-0.91566919349469,-0.750887391240228,-0.219140726594948,0.382730289318891,0.356268272604066,-0.024293126916116,-0.159390613197918,-0.119221295297461,-0.220629658124548,-0.718551572593099,0.263880001582559,0.450713668306295,-1.07989317153893,0.0051907550267008,0.0840257976642141,0.156129627038471,1.98,0,2.810007,0,"V25, V5, V3"
159543.0,1.91853651843689,-0.489679376100481,-0.455350486776381,0.510415073113315,-0.561649506194559,-0.263164084952872,-0.537871022604846,0.0490994999235971,1.14610446703696,0.0294323903788135,-1.00805124564754,-0.0363080283577193,-0.572847620007547,0.0493405603121577,0.641343672996017,0.505571996561615,-0.547306103510556,-0.206365338475188,-0.145831958598216,-0.134783501618102,-0.196783894010675,-0.616813545390235,0.41050686675064,0.692207135383202,-0.588824594647797,-0.057072323103947,-0.0297560038486401,-0.0257504034595962,49.99,0,1.919054,0,"V24, V25, Amount"
38940.0,0.456480758375146,-2.32581102947682,0.560285983277245,-0.16987409116699,-1.87245744098433,0.329824019290679,-0.662988118385057,0.128497627479854,-0.0890484936545866,0.35533816795253,0.529339263048938,0.127445430243008,-0.337342359453056,-0.549881490115514,-1.25163065351858,1.11058727309753,0.359866433690947,-0.794891555851018,1.18760897707446,0.95344760459507,0.298395916316424,-0.0368335997923967,-0.435132447876849,0.0563494161212949,0.217961324257581,-0.288008601991582,-0.0376971869761562,0.0888249345888732,457.4,0,2.0903232,0,"V20, Amount, V15"
70945.0,-0.346195016952065,2.21701574390976,-0.891502766730229,1.82582722568163,0.675938548898412,-1.99032386285219,0.902891900377525,0.0347347862478874,-1.32638666100623,-1.87197995735275,1.19085656446957,-0.0485923481657438,0.616222500497034,-3.22139164868508,1.18245085097006,0.518034451180632,3.36262831583294,1.38488012802261,-0.0111271565511742,0.0445770728509932,-0.0068523735507781,-0.0071892143489046,-0.128803857273163,0.6177088867187,-0.117180345138512,-0.290201968343096,0.0291599431749459,0.0953105259181878,0.89,0,4.0012455,0,"V17, V24, V11"
142457.0,-1.01040801556562,0.38201817180604,0.694854384647491,-0.18631963174436,-0.083393219686495,-0.913021533679484,-0.326764120790782,0.530754735330055,0.53914125132906,-1.48157112827026,-0.664228046031207,0.693697561218011,1.18492177532116,-1.48977473685847,0.412465823086522,0.881222468026224,0.2973394697216,0.800823818410305,-0.749778164736239,0.216633949762474,0.122749360578285,0.247323562643058,0.06061790443072,-0.0512264553774175,-0.357940375325901,-0.480969854562452,0.262651893938005,0.0058357993689669,38.8,0,3.5234509,0,"V14, V7, V18"
73040.0,1.09282848499793,0.331930862559241,0.445915980377702,1.10703212092707,-0.0546391432055588,-0.294034128700985,0.197443424596958,0.0312915622956872,-0.499429645725606,0.134218843333924,1.87481556632181,1.2991582669518,0.132079726973655,0.642077279304684,0.33540945573368,-0.0112532190704207,-0.325084187159783,-0.755785147038108,-0.298229980160809,-0.114058928959672,-0.365059083898443,-1.14091721355077,0.248124805804262,0.158712747579192,0.122563731691175,-0.840333285118496,0.0218317472609751,0.0221864317854917,25.4,0,2.8868299,0,"V22, V11, V18"
138297.0,1.62461546170231,-0.688860664295587,-0.0745302379444283,0.916005884265678,-1.20705924566759,-1.20286426886569,-0.135448999531594,-0.241722645070221,0.800924859324128,-0.0541472926097911,0.118590303875241,1.07644402523139,0.661211031239654,-0.0829126092993173,0.368057663739061,0.120204917588259,-0.242641778308354,-0.78057955579516,-0.521042013088986,0.12844129285082,-0.0890943777793196,-0.477979618410361,0.392290873944274,0.929460921545481,-0.737588398126093,-0.139310268628446,-0.040921260859589,-0.0009522378428877,165.7,0,3.4169223,0,"V25, Amount, V24"
71301.0,1.43110432864177,-0.439030054942051,0.296154806142784,-0.780461672367264,-0.831696731866788,-0.806453919356164,-0.481372689553026,-0.187188972657179,-0.795557691388396,0.608963098802338,-0.606662550548639,-0.682422555167286,0.281656571644556,-0.148343585820357,0.809611018761416,1.34358745311634,0.0566570341275735,-1.49601791512493,0.833779969405525,0.0990781184915319,-0.165700090291323,-0.61965719955238,0.0837037114374372,-0.145826224150855,0.287304186135563,-0.486397099374089,0.0044151401513122,0.0181387741661279,16.4,0,1.1712452,0,"V22, V26, V15"
151298.0,0.0253792283945029,0.890701918963804,0.29510645349605,-0.58319266268695,0.430984371648699,-1.08980051384671,1.11123368469105,-0.256091165863729,-0.166255485978681,-0.445157220991883,-0.788170002007977,0.544204420176076,0.776501485320127,-0.0383915937203229,-0.487228186384078,-0.128979091085319,-0.45018980981991,-0.840280211030192,-0.0956454279986319,0.0372476977364097,-0.243864076943183,-0.507700685499498,0.0911241364448404,0.0588311757529874,-0.459413578767749,0.134761472233601,0.247844107664444,0.100017936092797,16.0,0,1.3397963,0,"V15, V27, V7"
106716.0,2.01093195810967,-0.223560151430279,-0.552993841324466,0.196095099610148,-0.0667591271115558,0.121969520026329,-0.625161966106406,0.0062150438067243,2.3726099830392,-0.439190682214119,1.06671368984092,-1.48718881316398,2.12817294522092,1.58484114957689,-0.331013581915624,0.672381401523894,-0.562907078459139,1.07719180644197,0.318331990267731,-0.205413932993975,-0.274746790822922,-0.442201671489888,0.21434678451514,-1.14844900575996,-0.277713250215066,-0.921069084289099,0.0276104845955097,-0.051399961914598,11.27,0,2.029288,0,"V26, V24, V13"
1624.0,1.03424095774021,-0.164854711212944,0.563307458661609,0.764566480574036,-0.451844100223027,-0.0197821014742866,-0.121921308279193,0.115096704645888,0.162878204991862,-0.0959641979681349,1.46124336965732,1.3819983287041,-0.0496341963951698,0.155676980611174,-0.681778637224883,-0.437719009813362,0.129084101627998,-0.738936825064433,0.0555504025963386,-0.0375160322777882,-0.107333487650058,-0.236790983618692,0.0090567221537354,0.261884080114359,0.309152871762959,0.263200970796515,-0.0180691020976027,0.0103471225890689,57.19,0,1.8417748,0,"Amount, V18, V16"
125677.0,0.0165288134950774,0.631239870829456,0.0975970801875378,-0.779673110352916,0.48842868281565,-0.538620893183208,0.739833041029305,0.11685975785646,0.057912830206983,-0.185801777040456,0.0864433673504825,-0.468193907403999,-2.23160924805511,0.733246947276858,-0.783168020754234,0.265499530193893,-0.621047874070326,0.0614755562140054,0.298771614240444,-0.160464862305389,-0.253942985355159,-0.690933859141252,0.0444920204635477,-0.534027315151277,-0.55585825356753,0.158103813024752,0.231002456161896,0.0779605773912897,4.49,0,2.174079,0,"V13, V12, V15"
121702.0,-1.87773458478366,-2.43743090580088,0.321996957578093,-1.61116910774356,-2.04315092099602,1.1940806270044,3.19229161088167,-0.819673509325731,-0.355806874163935,-0.236290893910179,-1.0934317740213,-1.70296424150302,-0.96152052325608,-0.964760849310493,-0.564225030627568,1.21894503548992,-0.117253839238353,-1.52643899068591,0.578163830413033,0.0390239288575703,-0.383454117834243,-0.3868592638214,1.6739136424447,0.527327238309347,-0.111506482319992,-0.663911200249893,0.122471696228649,-0.603641104085483,735.03,0,6.862773,0,"V28, V14, V22"
116795.0,0.598813499862497,0.577108209263743,-1.94634151844856,-0.599694850137395,2.03201165731723,-0.63912657186072,1.87258044563768,-0.558253436754727,-0.447970168996248,0.10968617108266,0.0326937153246041,0.0004398235098221,-0.863430479822188,0.958908264240868,-1.0270665085266,-0.94758486149709,-0.659634005989254,0.428473842102725,0.76928074336942,-0.0635307490974388,0.523483865751585,1.75974325633362,-0.0979635254059213,0.0922168126723511,-1.11322806457214,-0.196787166981799,0.132347924173736,0.101994925716279,41.52,0,3.5098758,0,"V25, V22, V5"
62996.0,1.16150251623143,0.141033383562259,-0.0930375842098248,0.414126991381749,0.198585292426866,-0.162707717766606,0.218000472762347,-0.0461149286112436,-0.446522038659345,0.0735460380475156,1.42407275439435,1.20690047996782,0.641992861582241,0.498112853707348,0.300230554878704,-0.0258435640027133,-0.415814679191631,-0.405327879168595,-0.0709768753483792,-0.0164416581290917,0.0259854479551249,0.0702352897989626,-0.117707011894415,-0.240390897785263,0.521273397478331,0.394179767699912,-0.041266525964751,-0.004095591796899,35.28,0,1.7164757,0,"V26, Amount, V11"
73388.0,1.19977558028942,0.0158870784480531,0.41937503032618,0.563613795632136,-0.406189068631993,-0.519219048316721,-0.088326458824094,-0.171108166307799,0.17372790728427,-0.0911743998919301,-0.661720403834269,0.477001223449466,1.15058710894869,-0.0744300000972218,1.1252253404865,0.488614235023748,-0.714212953449037,0.0646580557342916,-0.218127687362844,0.0659980085147468,0.144274594387242,0.423598022678191,-0.202936711494326,-0.0349695638700951,0.54913396716828,0.511588353370395,-0.0214043427031025,0.0207484139344917,47.03,0,1.7241707,0,"V25, V13, V22"
83636.0,-0.19473661129883,1.16340996238768,1.33131697487401,1.03459439140704,0.887435618587168,0.372323002216833,0.824857895772691,-0.35497957887073,-0.733619719392354,0.23243760974521,-1.25118997382927,0.0970479587710941,1.91718473933979,-0.298262883468118,1.72767893554709,-0.337006881529386,-0.544703818998055,0.438336697763487,1.97395331347308,0.349250664827074,-0.0718845584729495,0.0685655287900717,-0.412177413298766,-0.962016876889875,0.146085501498448,-0.168148399197272,-0.141545137148958,-0.108133889016082,2.5,0,3.30191,0,"V13, V19, V27"
159372.0,2.07033786242052,-1.13050959427193,-0.559073988091571,-0.976422564450169,-1.03334468322722,-0.287516480271919,-1.03758539025936,0.0512989019286035,-0.0772428792105123,0.876582182267128,0.481396115652699,-0.0917819961722127,-0.233035567269709,-0.177831354491904,-0.395895043189881,1.61689385413489,-0.271716426419207,-0.803599968853674,1.07898690178263,0.043266170720663,-0.0044680560675464,-0.140983836907775,0.286180667636562,-0.530603976105432,-0.495711681569155,-0.47777377567335,-0.0023028416986612,-0.0489566936762,51.0,0,0.955932,0,"V25, V22, V24"
155832.0,-1.80286481675548,1.77262144858464,-0.158001793086414,-0.855981993354047,1.0170096725472,0.501923776304068,-0.502243636122587,-3.93469870665435,-0.0602973195524723,-0.0010061878952944,-0.0413371525966782,0.713941084555781,-0.0848707349836939,0.629464847780769,-0.283231636140399,0.0874892325285065,-0.588827285435154,0.484310587958849,1.11507064730953,-0.915633444656656,3.51192836138307,-1.88111190397165,0.135609800144662,-1.12321425053022,0.117945394076706,-0.426152175693848,0.643597148560396,0.174566691230913,13.0,0,2.5936131,0,"V27, V19, V24"
131968.0,-0.671317312220971,1.13019336839038,-1.0804323297835,-1.69557754762312,1.40576087297117,-0.803041316249243,1.34851877603073,0.0734728396281853,-0.366134956248484,-0.398124311686642,0.040705252636139,-0.485570763006512,-2.06685777994252,1.26850237980877,-0.795377402683125,-0.0607410022402813,-0.786156857117768,0.362090475868238,-0.195851355932243,-0.236944985925709,0.216119041121766,0.623716320161177,-0.378560611170675,0.220625413161172,0.10805029304996,0.0235452160015103,-0.106439234641269,-0.0954708235756211,3.78,0,2.400895,0,"V13, V4, V27"
108494.0,1.93659448724854,-0.120799972595316,0.229270688235124,0.757542493583465,-1.0824154183595,-1.30977453717957,-0.519956691060386,-0.238843854343825,2.56138693425412,-0.595132106935554,1.01141646576264,-1.75264613979625,1.48642017817482,1.57847191761869,0.27127228502059,-0.0645295459647811,0.404892221123735,0.0040138189734254,-0.686219021090277,-0.32206637041262,-0.210771526391517,-0.229685452851279,0.475873969169933,0.808512578157593,-0.512590180568704,-1.01988521822288,0.0331142413439986,-0.0242640863796309,2.12,0,3.5912693,0,"V26, V24, V25"
44808.0,-1.02423515939979,1.40446975872068,1.27175062403492,-0.395171925736303,-0.233675314059942,-1.23563376403577,0.581932347118776,0.113555517251389,-0.700883500989386,-0.746885241688543,-0.108505916998074,1.08679938360852,1.55042977748555,0.100942209128147,0.107486064268844,0.405898177794658,-0.515182066068655,-0.696179952037859,-0.850819416980023,-0.209901246880834,-0.0241005697228989,-0.29875351830763,0.14617878516381,0.727607099545825,-0.534678761036989,-0.180396528909785,-0.300783001333439,0.0949739696072922,0.89,0,3.3858438,0,"V27, V13, Amount"
63971.0,-0.976937364146445,0.243007588644536,1.66280038203166,1.61201147161102,-0.851800400428812,1.38175749413824,-0.309328426260957,1.05617275621797,0.439565040892783,-0.66767574673034,-0.33180354579353,0.138750072845098,-2.45623266373006,0.193892213785765,-1.86122004510629,-1.09675324967774,1.06287928895173,-0.0923329021732716,1.69672335665614,-0.0142080203484795,-0.187182177063986,-0.528577919211096,0.247704132129783,-0.366399264155856,-0.389242642433077,-0.429560002335293,0.0621060728793423,0.0633811858645235,108.64,0,3.5624962,0,"V13, V17, V15"
42747.0,1.01485649758525,-0.373343351512605,0.876699800785838,0.681038701763998,-1.02948959110077,-0.441310581325403,-0.437102691164593,0.0889370716952822,0.593640107774008,-0.129880961271699,-0.0720319622882858,-0.260734113527549,-1.06126771709551,0.30334806363838,1.63622745691802,0.188585369086801,-0.0495831398519135,-0.317700193497674,-0.897206420089251,-0.0416833945127028,0.223171816817635,0.50054202390243,-0.0448070537120085,0.426499788005381,0.169345304916201,0.576404968148099,-0.0195655013529199,0.0309421410716344,83.71,0,2.2764673,0,"V19, V15, V22"
53433.0,-0.80603495079778,0.63672974909038,1.01707954611087,-0.0320449940520121,0.339583619810596,-0.326000162357501,0.845213372419286,-0.095166179798846,0.181539181978744,-0.0126658942122725,-0.41058812149752,-0.898025674687272,-1.16351665953746,-0.439291813479267,1.3982310713794,0.192539302944592,0.108010787663861,-0.34730622474601,-0.32397208968108,0.171292102308831,-0.379799495520958,-0.760335147871098,-0.0290758105493625,-0.365085426940792,-0.20075948764112,0.109629834007759,0.279677373591694,-0.113882590466452,89.99,0,4.1527066,0,"Amount, V15, V14"
55335.0,1.22255909092315,0.262689971327188,0.11583133408827,0.566754442376883,-0.0269373868210728,-0.396593618004831,0.0050809835386301,-0.0383702992296363,0.0682773828142576,-0.327019172919242,-0.184431714430257,0.146216342506027,0.166212665146583,-0.258126842164701,1.38467486120447,0.297004148301254,0.148481973461023,-0.616219032885652,-0.423066132298606,-0.0908318678712124,-0.279869901969581,-0.794677544641227,0.108408325664423,-0.328815629549123,0.184750168194443,0.145903049760725,-0.009293743933575,0.0249663479318316,9.99,0,1.4328903,0,"V15, V19, V24"
151364.0,-3.08172714525028,3.27738388080256,-3.2008062264995,-0.566274989550307,-1.20479786799479,-1.18945490666399,-1.22162007567453,2.52465716923091,-0.0415259027729671,-0.631677575499378,-1.61717617401634,0.678037719305444,0.0643712272633461,0.591384458094122,-0.343839817101039,1.01925483864105,1.3107755862463,0.0085861865465998,-0.367378041623069,-0.0191021628623912,-0.253142978522634,-1.07224740877424,0.420889808508966,0.443946001015112,-0.0267176505554905,0.154925670604497,0.0063756326920082,-0.0145863229682293,9.99,0,2.5711827,0,"V3, V22, V17"
153875.0,-0.613695895305449,3.69877241384725,-5.53494116176501,5.62048638535855,1.64926285038792,-2.33514498091385,-0.907188472777421,0.706362095310651,-3.74764612466131,-4.23098383571181,4.43631907416962,-4.50380121641622,-0.954361345864011,-9.86137210765166,-0.505329037399437,0.269281953090911,0.591319064375358,1.79599192045908,-1.08520791024384,0.354772932978025,0.319260753518317,-0.471378905146116,-0.075890410682347,-0.667909264857987,-0.642848415713801,0.0706001067101182,0.488409527815439,0.292344974289491,0.0,1,103.27838,1,"V14, V17, V12"
147448.0,2.16330175725883,-0.766804672308826,-0.926405710782182,-0.789437276611369,-0.758304320356068,-1.08283188189682,-0.458923329486598,-0.373136063687078,-0.374478335877871,0.728374058629817,-0.605612741946425,0.1795795149398,1.39708542931293,-0.489382534392586,-0.20581969351117,0.83142751427882,0.1756674432997,-1.63461277273411,0.637261248890614,0.0747774809583999,0.213776555110877,0.705770406131596,0.110524199867489,0.038401944726586,-0.0120608662350178,-0.166730258376284,-0.0117849483140798,-0.05115236874348,30.76,0,0.951931,0,"V13, V12, V22"
119904.0,-0.699580156794902,0.190814926979468,0.960459051188797,-1.30303476969437,0.410388623884901,0.312372703947725,-0.337828865607058,0.198060064522776,-1.39386461270498,-0.311383048565351,1.01281972669167,-0.605238251327396,0.460345093615087,-2.07227637152931,0.140564994898056,1.46171821192388,1.38860628195765,0.384790068932009,1.76128547837577,0.337669071800198,0.273555647945101,0.744090791934809,-0.538030769134987,0.153824046244763,0.536908673618485,0.18554709492465,-0.0228896644176494,0.0955557269075752,21.58,0,3.878907,0,"V14, V19, V25"
113237.0,2.01302516731193,-1.29658876450518,-0.241965206638352,-0.662552376050254,-1.158355264034,0.189257421469333,-1.21413726106387,0.0831807196850928,0.55661962374165,0.481485904305708,-1.11337863764785,0.183955708109894,0.880461020673839,-1.0994315071698,-0.929689555699694,0.805647973086858,0.455199614783523,-1.70273553782751,0.876910300960032,0.141750696690309,-0.0047861271705756,0.0844398166947681,0.286064702132759,0.629799698124619,-0.372066320378127,-0.398530613884539,0.0306710353155954,-0.0223472956021182,70.4,0,2.0054162,0,"V24, V15, V14"
163181.0,-5.23880773573245,0.623013013517624,-5.78450659224569,1.67888930740175,-0.364431871608896,-0.477294697773818,-4.27613150437269,-0.695172912010584,-2.97164438627248,-5.52913123107677,1.77950450310136,-4.83615901427864,-1.20899187512247,-2.90118981074214,0.281878305641659,-5.53954431982868,-7.2909602133188,-4.89776603568321,-0.30860899195249,-0.203269802188999,-0.326139919163346,1.50923868732044,-0.215966267193936,-0.245726907285863,0.893041276540073,0.865758089249014,0.854657016693772,-0.964482422283343,39.98,1,298.05115,1,"V17, V18, V16"
1356.0,-0.703267986331445,0.868362215187728,0.704652550199587,-1.17906131062836,0.670280829562394,0.376444069795711,0.531071565576914,0.296675881188154,0.271494621325864,-0.14287362530086,-0.797831562540526,-0.544736821095179,-1.39657319969716,0.20690604970058,-0.6950427311212,0.741500147841931,-1.0954261249762,0.639985613802722,0.698222125284873,0.113304429985713,-0.303108098199719,-0.725670753382011,-0.27757645779095,-1.41239378577082,-0.0133026572390001,0.392035029898461,0.393446609305707,0.210144327994034,5.0,0,3.204062,0,"V24, V27, V11"
93605.0,-0.685022837868229,1.44833687225909,0.167864066110418,4.62249613126733,1.38352640587587,0.18790549355526,1.84773670898554,-1.22242482219209,0.231181888702338,2.97744079323808,-0.0120142752594845,-3.19312205394434,2.17421083929597,0.879203257424312,-0.871080364942754,-1.07548978766066,0.648985961898881,-0.194896021323018,1.2346484778823,0.112828125276244,-0.279235770857173,0.609252377389149,0.265804658034406,-0.142987662967242,-1.09404668417056,0.119107256534745,-0.527682533391626,-0.0368310362485452,60.09,0,4.4973164,0,"V10, Amount, V13"
117474.0,1.72250659055448,-0.788652734421978,-1.4466280105678,-0.0720661655512023,0.503136159612688,1.08322485132772,-0.217949585380008,0.331119355327705,0.925989745357487,-0.205453616268622,0.740241073895955,1.07007164900122,-0.55843935458515,0.450707661002249,-0.112687300826888,-0.970766345281141,0.275003657868212,-1.22293545330029,-0.214629042033111,-0.132205621275538,-0.0196060999536672,0.0299013105260084,0.126309506618249,-1.62408202358686,-0.276920087272943,0.0141877057419428,-0.0011235953659385,-0.0666621859656352,105.0,0,2.010914,0,"V24, Amount, V16"
31415.0,-0.926779479118365,0.282846352296676,2.29892993608689,-1.86051174364071,-0.586039135879848,-0.782722906854581,0.211378659571827,-0.299115878177015,-0.856180284229986,0.460006388344913,-0.329387832739841,-0.873884791846925,0.426022788752793,-0.872286875064203,0.440245686780433,1.38142731121287,-0.238286107835408,-1.03113368612061,-0.18669043132876,0.253423245221372,0.272565961638248,0.892919415417592,-0.356413347993705,0.427000120947433,0.504642087926039,-0.223384286421965,-0.137458378776206,-0.0882278672041522,12.6,0,2.0412912,0,"V14, V22, V25"
31737.0,1.13231148451986,-0.594510669990831,0.824189481462426,0.109427628313375,-0.8486238881321,0.394708446936344,-0.74199988470423,0.260891596180719,1.34892157970238,-0.491103345478412,-1.19205179897937,0.0809230845921857,-0.694883960361016,-0.401611259634525,0.076688245140003,-0.212094795297801,0.26740233086432,-0.808704526109835,0.307244881976776,-0.061642152988502,-0.227815608230257,-0.481405982383686,0.0172944531445418,-0.408312369802697,0.0973406862397778,1.00436077935034,-0.030137729979098,0.0105003540279061,46.9,0,2.1142254,0,"V26, V24, V6"
28439.0,-1.07097964767831,0.70694437640053,1.0046619811644,0.181040949006565,-0.365535360715178,0.209705274286751,0.688426745377385,-0.250309018397163,0.960850236257848,0.870296867283851,-1.35856100758311,-0.464398074063719,0.0549184768057389,-0.719371260371728,0.747587318442612,-0.0642321560291885,-0.481780073981113,0.343802471644401,0.890689506733075,0.245172660933375,-0.0407006060163826,0.701028047660373,-0.0151526571180999,-0.38972631338375,-0.449937538989457,0.59696856202116,0.282590215600161,0.189817419924271,96.0,0,4.107663,0,"V10, V9, Amount"
118432.0,-0.579682681140157,0.256959360206755,1.19825214547176,-0.0768615498979529,0.400523628409665,-0.193250210081289,0.387741265012026,0.204753576308477,0.357760448533228,-0.684899377844494,-1.57493856643382,-1.00968953709045,-1.59000820715542,0.202765338420173,0.207259527823883,0.76012437506856,-1.05295416733797,0.71999561661661,-1.41487807622172,-0.151562178659094,0.356553452730759,0.806085698979383,0.0252343055827183,0.659902577397657,-0.430037152335389,-0.771876404513548,0.185110071084654,0.217748260732281,54.5,0,4.654388,0,"V24, V12, V13"
114123.0,-6.48279768992987,-9.47878523108201,1.43123501538262,2.23395649928473,8.1821774419749,-5.62559659113973,-6.13824524029708,0.901045073055241,-0.316385685423391,1.19068889412641,-1.41982951310561,0.237416022306508,0.529373748008361,0.290621119714798,0.850876517536061,-1.41900622171151,-0.275551641603973,1.83718901149668,-0.973598371911203,2.05033084680172,0.454844781179946,-1.06940286257794,2.20790566579381,0.511724631244754,-0.796513802342363,-1.00905728665105,-0.042970340349087,0.451909003620261,84.0,0,8.999276,0,"V28, V26, V20"
162431.0,1.53654944477612,-0.844698263108914,-1.74362337094607,0.675866506513542,-0.183692191783086,-1.28722405237055,0.80750114431542,-0.49347430485223,0.585941797675443,-0.18711710522516,-0.799171437258205,0.432536904218587,-0.139161389490465,0.550595875696099,0.0548812483338342,-0.530749318378404,-0.201119123866696,-0.562096041633504,0.0842839683520399,0.292113832060595,0.0646674623523597,-0.249273915367264,-0.0951756410879738,0.0576361206506326,0.049597464938836,-0.408796535877008,-0.0798550709078218,-0.0115609024189123,278.97,0,1.9865754,0,"Amount, V3, V6"
61882.0,-2.84882814370757,-0.991276302564778,3.0120665339227,3.59111243234857,-0.122399863285553,1.87121487650864,-1.83666572114905,1.53707448337623,0.365837904186645,0.605625269255911,0.262008562177078,0.598807541042873,-0.964178986013371,-0.662466962521735,-1.10226059355348,-0.819034349763072,1.22781887212917,0.0695070749127387,0.962250502274267,-0.0609167042097444,0.0662136783152084,1.22014012525917,1.23585501818632,-0.26133360638909,0.475132963155574,0.668607098866996,0.656513308398574,-0.0324076538643096,11.41,0,11.446259,0,"V23, V27, V26"
151061.0,2.3109294203694,-1.29024597005101,-1.09180468298727,-1.60820526149926,-0.983444223781292,-0.515946028608279,-1.02526778256308,-0.209629222363132,-1.30599446455215,1.55374734060998,-1.00744726456907,-0.613592285717131,0.8659016822742,-0.490232268555051,-0.17027507231759,-0.646842621165214,0.487427226257396,-0.220755062710895,-0.147611627649923,-0.391646780861952,-0.172161166403022,0.025051037770543,0.251248052382534,0.596712037169028,-0.132588112025061,-0.18542614333006,0.0097899151947667,-0.0452008219043492,15.0,0,1.1305287,0,"V24, Amount, V3"
114810.0,2.09346775669452,-0.712716264266124,-3.42527615490533,-2.51537956289977,2.45653358343969,2.65144240171533,-0.128233435022474,0.55334264935034,1.34312619479216,-0.8600880773198,0.0885630811092181,0.780860622709439,-0.372285002759563,0.716343386322092,0.665209713946501,-1.43294890080119,0.0689742322668511,-0.720577575799482,0.933646273702249,-0.116067660289508,0.0074103567993314,0.175016548758924,0.0312596576810549,0.765160773437334,0.415806196748089,-0.111927754826116,-0.0240693149873696,-0.0759949774405446,25.46,0,6.89354,0,"V4, V16, V9"
59608.0,-2.37285531028916,-1.32885848207717,0.773397117121324,-1.46574548024843,0.126640903042129,-0.924434791155877,0.574956041572334,-0.199230986653373,-1.26083723420019,0.801203252788486,0.778992011096527,0.157305772894155,0.371739336904221,-0.0811759089871329,-0.30649881891535,-0.820315043701115,-0.76160935169855,1.54292455571462,-0.807846697361495,-0.661442615336392,-0.504529799379469,-0.308793514305356,0.613267056294252,0.0251098385313054,0.111315896296305,0.859140319992156,-0.272052370839348,-0.368433745764149,132.98,0,4.7020245,0,"V28, V23, V27"
71198.0,-0.314676941106032,0.88786232876008,1.47042062524143,0.795993801721566,0.297248903438478,-0.0831083609597163,0.66670737848807,0.0769101574881207,-0.242114441138434,-0.543000688574515,-0.713518521094696,0.153982650684091,-0.337552548167177,-0.0225404410170827,-0.291702353439725,-0.808241749610885,0.285654301285144,-0.799165497702016,-0.224388609764221,-0.15836179323451,-0.0348429710170945,0.0999778734328991,-0.209273341061026,0.084156371734144,0.221193044964951,-0.351977314823311,0.066200878330637,0.0205794329549006,1.0,0,2.2378755,0,"Amount, V16, V15"
121775.0,-0.808498661125655,0.97808706790477,-0.583869590029234,-1.0126727555305,1.91596384443849,-0.969394295693066,1.6265381246706,-0.272332429563865,-1.05746271605532,-1.08090112615821,1.10991076515899,0.598452318319931,0.103652838387759,-0.67834009718127,-1.57761780366727,0.0325793001065487,0.309617513146254,0.205100750264099,-0.450299988591337,-0.0913704882264889,0.179622500342891,0.494994958588668,-0.38065424627201,0.695965803091562,0.542906137580642,0.561587200324172,-0.142182130095183,0.157837570851353,24.65,0,4.0825133,0,"V15, V25, V14"
40585.0,-0.449497314556292,0.304735359419182,-1.35862664393513,-2.81868783750679,2.02645425696597,2.76891019586216,-0.282316767288958,1.14682792525315,-1.65122077314386,0.140772456136483,-0.430065711597192,-0.875975915312512,-0.0059386885132098,0.346551766961296,-0.132079804513655,1.38560084461902,-0.23126729196373,-0.96641831163014,0.286428152002447,0.190718084323726,0.293839979632096,0.537075924981701,-0.162220303315007,1.02925966574877,0.328019516949035,-0.234161731419016,0.149163871633052,0.0327030722705172,24.99,0,0.81994843,0,"V3, V24, V27"
66883.0,1.37319961528225,-1.20325783897972,0.64415857263237,-1.28243327774119,-1.78507765396729,-0.8924618052111,-0.992287192533673,-0.1902130144237,-1.74000467928346,1.38447131116587,-0.434832957738687,-0.866835065873144,0.492061021453948,-0.355553333220451,0.768610795470942,-0.177389907832541,0.430258979355204,-0.0641836033939855,-0.260467324188697,-0.19071932493891,-0.328980413242342,-0.75012984114283,0.121517638037193,0.341955115182747,0.10528229455325,-0.417360159486673,0.0300653031916461,0.0414303625063402,80.0,0,0.96281266,0,"V22, V3, V15"
25231.0,-16.5986647432584,10.5417508026636,-19.8189818085279,6.0172946473619,-13.0259010501237,-4.12877900260013,-14.1188648469369,11.1611439952369,-4.09955143059712,-9.22282550730978,6.32936467621872,-8.95219071159749,-0.138363691274054,-9.82505442102721,0.0572235922374037,-7.54168742379503,-14.2595985921417,-5.03505152375192,1.43226792970939,1.53491982113512,1.72585282658181,-1.15160577552799,-0.680051901875725,0.108175914514646,1.06687834149611,-0.233720431391328,1.70752055210726,0.51142316911239,99.99,1,1309.1311,1,"V17, V10, V14"
112417.0,2.03257908565856,-0.216274333456084,-1.44277634313726,0.101826816710005,0.0523481319496433,-0.681131477885651,-0.0676037967922889,-0.0416038644123095,0.780935718359154,0.12648762381374,0.682229786905149,-0.0274501793024018,-1.97398269793548,1.06035836848358,0.407646574057623,0.0038728482042062,-0.667719527986562,0.824640959426099,0.0950934251910964,-0.341667291701165,0.298025704718609,0.875660875097111,0.0321556519465893,0.734997772434689,0.248435014881212,-0.469067154245334,-0.0127841381212523,-0.0605952916213319,1.0,0,3.4076598,0,"V24, Amount, V13"
63977.0,0.930795212063334,-0.614465548940154,0.0048950395531745,0.834364523068048,0.0955856180476038,1.35432354716491,-0.406230677631102,0.387998036625306,0.590759251639566,-0.0265520400045409,-0.481304054262774,0.021325806559862,-0.738278177513912,0.232566370218372,0.262477097967429,0.525488129783056,-0.860071177085681,0.83342971190079,0.18766683645735,0.140996335492558,0.164772424794922,0.271490647249797,-0.451680567293141,-1.70606600067853,0.676059361389777,-0.117171508195246,0.0280837917264714,0.022279327685235,158.0,0,3.0323048,0,"V24, V6, Amount"
92806.0,-5.16998577807411,2.71435407147629,-2.4116074608999,-0.63377312325922,-0.363243943350276,-1.38138586669049,0.859644220034576,-0.228249311304453,4.28929089289922,4.09008646926792,0.206145809667415,-2.41709433800305,1.82487239168521,0.771864298402042,0.136359669034547,-0.577431859066108,0.0560217288521611,0.190483113202278,-0.346076228782708,0.638425267776418,-0.467353426659618,0.99731526617438,0.0847689832074142,-0.126729530248896,-0.239506392532118,-0.40247419377913,-0.108450959150979,-1.0110628352843,1.99,0,6.820185,0,"V28, V20, V22"
143145.0,1.93419608876264,-0.415494831946743,-0.0846296107386242,0.347077821731328,-0.598892932382698,0.0261191209626994,-0.744651750066006,0.0267495656511575,1.31234693162568,-0.239029509299216,-0.729971816075221,1.27023496986816,1.87326589385076,-0.59994898670398,0.788676432376009,0.414658094389917,-0.837892043597174,0.146247779544083,-0.288257363751721,-0.0275056257807854,0.0974958707511347,0.464106088824055,0.249488833946546,0.695878364274169,-0.307034667787134,-0.446437642101455,0.0593328532898535,-0.0122526588530274,30.99,0,2.6360168,0,"V13, V24, V14"
60365.0,1.28526450854205,-0.85106143743231,0.0743489297397023,-0.703503812567388,-0.855120311726659,-0.107486637056464,-0.601654656296108,0.0656105394802936,-0.640176200852142,0.761454394088985,0.0462172015818902,-0.221850955135309,-0.978822237928181,0.296603049169636,-0.346419251487161,-1.03380400812232,-0.258591281633903,1.49469584807933,0.132769333494017,-0.421221295704148,-0.609036700803099,-1.40722031667611,0.0165021337211876,-0.521624992252044,0.137225379823062,0.887933225455423,-0.0732569859414777,-0.0020375741254344,62.98,0,1.3629849,0,"V22, V13, V19"
5045.0,-0.824720718228215,1.77669935767376,1.39896411854465,3.00101524746287,0.155810438297413,-0.282298812730569,0.959340677074718,-0.0968278320685452,-0.586199871079476,0.34050958082936,0.300602002526498,-3.31647971304767,1.14976093101245,2.13990514270689,0.330261945189642,-0.377118803694404,1.00255866436283,0.227827867549035,0.771828999252954,0.0044415027414513,-0.109719962165407,-0.066986235810066,-0.223361494854472,0.32511808259632,0.396229042457097,0.281483460899745,-0.375947138508208,-0.242431224270544,53.73,0,3.4510107,0,"V27, V28, V12"
77094.0,1.30911921845953,0.342889902640249,-0.0431917268125514,0.496102785806946,0.0607744941188881,-0.584405936236485,0.0935834423429689,-0.16790791913066,0.0444105673031292,-0.291785721930182,-0.766048484381545,0.116894477309393,0.672256750912376,-0.396548999427769,1.12299272772019,0.709814239273499,-0.327457363985192,-0.0612255271346196,0.114934582035153,-0.0275411288723963,-0.337327849690658,-0.961854573264757,0.0190077724792373,-0.487337644279665,0.337011412138631,0.145118042767924,-0.0228581874535943,0.0235374742935014,5.16,0,1.1953368,0,"V22, V16, V14"
171097.0,-4.15396614057682,-3.57618217611852,1.81525733275098,-0.439974126720457,5.19636748979973,-0.674607659993762,-2.97357424632329,0.828930064821112,0.241926672461107,-0.306056639014184,0.900633103324737,0.915575599009843,0.396124227164976,0.0569821062217985,1.04631116559638,0.530278641864657,-0.711243062954641,-0.624301930187621,-1.29836847006249,-0.78989562236011,-0.154580523228601,-0.148106963591419,-0.877942001938774,-0.828176637680416,0.0292351291288475,0.219713401972255,0.513037231118462,-0.180962678051569,5.0,0,7.8975596,0,"V6, V20, V15"
82394.0,1.33815110512815,-0.570747806820822,0.523622476860046,-0.695228378067503,-1.00611234532549,-0.576041260407632,-0.657828650842249,-0.0191876481110804,-0.668971456567425,0.575372439020355,-0.0806054140166236,-0.796454827128017,-0.493001738689819,-0.003054851752312,1.10911720025349,0.963681076545753,0.544309715117956,-1.95205736733175,0.259696891534822,0.0196009744376264,-0.0695274521272083,-0.342857873780115,0.161051286866951,0.0434722876210148,0.132745715932336,-0.449603114485171,0.0204628129667366,0.0200907163752447,21.33,0,1.359765,0,"V15, V22, V18"
155005.0,1.86117017837577,0.268522158910303,0.10153233126822,3.73898185314463,0.0403568200251133,0.82285968386278,-0.549620560867641,0.202474084367514,-0.353342356964049,1.33542574880996,-1.37750843581517,0.0608598850642482,0.716217180493326,-0.403440020668518,-0.547788503473758,1.17377090807604,-0.96312956318945,-0.0465867888725571,-1.76014378612485,-0.201244299997071,0.175701286647626,0.605250160785057,0.200944902272056,0.594793075191501,-0.198609194499866,0.0026237356014217,0.017094463073033,-0.0231333659517272,13.0,0,1.2105839,0,"V24, V22, V19"
34806.0,1.13676725329298,0.115132636890255,0.278526550230564,1.20575750359007,0.0423356683822343,0.3277703389657,-0.0550426109224632,0.167647035464802,0.0950186919290899,0.0508118956100401,0.821371680780305,0.963232715776846,-0.433537114258536,0.298522913738542,-0.739583568721529,-0.417417579589198,-0.0906808200662284,-0.340929405995427,0.0461642020453572,-0.177735776440881,-0.0723683691438797,-0.0292225586690673,-0.115357813421723,-0.294777479283487,0.666087250239841,-0.309418100789729,0.0330390342665036,0.0026628669569226,12.55,0,1.3126879,0,"V15, V25, V16"
160995.0,-0.31521226299856,1.35167605660448,0.146260396661509,2.39583706163249,1.8654473109736,0.593448763576998,1.21694249196477,0.157907200284093,-1.97304879810754,0.94007962891753,-0.746368856265348,-1.21686551430437,-1.99435186713235,0.837180665956498,-2.02218684584973,0.841577071004759,-1.10652314065994,0.668215980995686,-1.08446038081367,-0.28069787061671,0.354380729483923,0.884814468714564,-0.439422290419662,0.0642815888405058,0.140655270066652,0.207579224832834,0.0854432766911601,0.151556850111437,5.0,0,2.5858128,0,"V12, V13, V26"
135617.0,-0.958617928742194,-0.20138059445691,1.15821324920872,1.59827998774758,0.491717209242645,-0.606590095330322,0.232670570512664,-0.0212356609525261,0.425539025866774,-0.226956404417505,-1.31592978424259,0.0451300088347046,-0.714752066518781,-0.2454201672881,-1.08166714462664,-1.3501001692076,0.555184771809172,-0.0177852505514437,0.714107055731038,-0.172640808991011,0.381840330174874,1.59364125338092,0.169068785476225,0.452905877025743,0.0117611627742963,-0.16350199737246,0.16359835759312,0.213103354917211,21.12,0,3.809713,0,"V22, V15, V4"
158168.0,-0.751492104022046,1.12491686013209,0.275191204711218,-0.120867130644495,0.537295655844657,-0.659525774389036,0.942716230226311,-1.46099505902956,0.139414138689482,0.271875189179083,-0.697083487774844,-0.114637468245996,0.176702942976019,0.0893150259218953,1.07021595096847,-0.794644440738292,-0.251573033434296,0.150607444289226,0.729555493491058,-0.293254975253548,1.11294386595297,1.03159680629534,-0.112734449629775,-0.0398324846956632,-0.267130903159719,-0.0638154208733466,-0.433941269338399,-0.022671625903862,19.95,0,6.350915,0,"V21, V8, V27"
76430.0,-0.478220109168598,0.421238628704593,1.31753736749544,-0.112936596732187,1.42136919941841,0.739516593277394,1.04867761571056,-0.334593590589755,0.556065772866983,0.387061015041048,-0.247264677850979,-0.875431792671519,-2.42004791615019,-0.188501904213731,-1.03617357456102,-0.224315772132499,-0.865917942297475,0.171025812197927,-0.11753145799957,-0.18196768419444,-0.160864523832773,0.0337439207399988,-0.428449265364256,-1.20933066456611,-0.202148794011041,-0.579840949677812,-0.603869851517051,-0.538276425218156,1.0,0,9.426922,0,"V28, V27, V13"
44098.0,1.17922273166385,0.529304227994432,-0.374370791703175,0.713104632580081,0.227966280287853,-0.726017185598878,0.24087545973803,-0.0625228119071387,-0.48335461668167,-0.481725906659442,2.26728152314863,0.928536415721129,0.118855762349395,-0.839748683117374,0.439300768735514,0.288118064141982,0.899025456866951,0.080280339157115,-0.471424533675551,-0.0846759981132557,-0.0418007082046054,-0.0520143443724256,-0.0406097255291988,0.145814271779981,0.451711052469309,0.367289559802258,-0.0190220122788394,0.0257872430495017,0.76,0,3.1778088,0,"V17, V11, Amount"
78852.0,-0.774866929300261,1.57356505903745,0.160618373741101,0.54298808489449,0.578542538234128,-0.217673467278819,0.346648805088704,0.555835508820948,-0.928583521951009,-1.08384895824593,1.39195973204325,0.205078552340504,-0.492177378411486,-0.888076312316519,0.46325807954685,0.632864414681308,1.00103713435905,0.986211633693504,-0.430052913717635,-0.202872260488144,0.118533738111193,0.1633584244864,-0.249641799034962,-0.459405838746283,0.18793240519186,-0.344762987546406,-0.187995628841413,-0.0246649586186229,1.0,0,3.1246057,0,"V17, V27, Amount"
65466.0,1.42188527827473,-1.3079700642256,0.59422614347424,-1.34992933492459,-1.7875852989525,-0.598086302281347,-1.24380335802526,-0.087212526693429,-1.46011395538514,1.42590594011015,-0.96784940279511,-1.43542117595787,-0.114653031678774,-0.353690002813083,0.958085211576607,-0.0016089283005611,0.288682955439602,0.530095425044426,-0.317736216209722,-0.250233106226293,-0.0612852613301231,0.0832580139919231,-0.0815585799960243,0.0114148741896332,0.343096773156793,-0.0844517573261688,0.0364086922943506,0.0312091342222902,64.8,0,0.9238298,0,"V25, V12, V18"
133503.0,-1.24987034007803,-2.81735909281297,-0.486830450319581,-0.708352814783171,2.55240710014925,-2.99326843408259,-1.20230130156341,-0.170190440407608,-0.844148034898037,0.671408439790149,-0.943490294005212,-0.306118395305871,0.458531135489553,0.0247256481505101,-0.645149748264191,0.277684299824161,0.439162486488908,-1.67457064224681,0.971745942325067,0.759968137282586,0.528052839029218,0.766199966328988,0.913322414458011,-0.0053019139920895,-1.85101349895258,-0.559581944141541,0.255322380737713,0.410366431346172,40.0,0,8.815889,0,"V25, V5, V6"
71524.0,-0.516137045600692,1.10088503352802,1.24785165886368,0.0664977855688009,0.0325378388970578,-1.01412782107032,0.669895992729701,-0.0935835953261141,-0.281049160605158,-0.390043847436491,-0.249173338475252,-0.224580055609069,-0.150130303919804,-0.412263440595795,0.935611209155608,0.385342032082744,0.0156479608325141,-0.110805031334195,-0.0800901454008969,0.0696830031800287,-0.254418857926121,-0.705781891379454,0.0576968016028883,0.324803759904778,-0.16572019166096,0.0626098966861497,0.116835449764788,0.0885407521643705,2.69,0,1.1227387,0,"V14, V22, Amount"
111150.0,2.10358234721931,0.0205204258630291,-1.44154743551048,0.329564925964816,0.338233284795591,-0.735127670775972,0.01273683328781,-0.312119456410755,2.17624804436354,-0.445978874840697,-0.181517096324405,-2.72918990080591,0.952476379260422,2.05057853913314,0.270497169979551,-0.17514115469231,0.125173103390105,0.574677260567946,-0.275844545125234,-0.311725077210983,0.0863571010806086,0.607180240510478,0.0001835971060423,0.414351259297636,0.33991954254477,-0.47272084133705,-0.0286849817872951,-0.0578635017643197,1.0,0,2.515809,0,"Amount, V12, V18"
121296.0,2.0912091592285,0.403351851428243,-2.03741660576892,1.08913687527914,0.967162893668522,-0.951543631564516,0.80683362880496,-0.461999946113234,-0.235500845258503,0.351234562932311,-0.863146534547903,0.353788244577157,0.500842332201059,0.673070255582391,0.178408108743685,-0.352007231036949,-0.56933281788553,-0.38841991442618,-0.299159150468606,-0.208637769877717,0.109841257670124,0.41764075698479,-0.0119892360970358,0.590437977153496,0.538012359424659,-0.509958998581858,-0.0340510003720853,-0.0567807854960032,6.99,0,1.857467,0,"V3, V24, V5"
160022.0,2.27614446149394,-1.31464563601603,-0.532302545203925,-1.45061892322979,-1.5079579529121,-0.89823767321784,-1.15599915974163,-0.292252430836003,-1.21678602322952,1.51898877390672,-0.807200518571346,-0.114089990580045,1.66983227551128,-0.785747390239549,-0.20686015672307,-0.50262224654029,0.378014080604743,-0.1454352494788,-0.232592673503856,-0.359541937566571,-0.128673983099875,0.223433951494988,0.245971634016895,0.0597832560952063,-0.244116264800142,-0.182939353332949,0.0345230973296362,-0.0415264740269964,16.4,0,1.1977372,0,"V13, Amount, V15"
122439.0,-0.247798134031776,1.21432283374175,-0.369998576819114,-0.526904852329355,0.745629016648995,-0.577749657543438,0.716398506353202,0.146679919581821,-0.555879983401941,-0.826976407584151,-1.13774428173917,0.632179909494958,1.47236857760563,0.438836108183331,0.430270418591979,-0.226571759887917,-0.50044488717071,0.219474263824153,0.206903642389667,-0.120521481340253,0.428519827229198,1.26884787858214,-0.213980428097979,0.55323562297157,-0.357753638020028,-0.181008102906978,0.0985843511132929,0.160477522213254,1.07,0,3.123746,0,"V13, V22, Amount"
167137.0,1.93220323235811,0.10573612251971,-1.71019830305385,1.11861736520125,0.819808329201045,0.248440448968689,0.0089211544988822,-0.0106317569712643,0.282285986004121,-0.177718448062347,0.10913371957427,0.918192813625566,1.11081084954992,-1.1355844391682,-0.371122982502937,0.914455922232803,-0.326458892623941,1.09275123205686,0.111111228531565,-0.0252550204418446,-0.0673318177636096,-0.085549217441399,-0.062712491675285,-1.5529157493858,0.144757830668973,-0.635318095733382,0.0418746759067385,-0.0260873754619997,51.82,0,4.3960915,0,"V24, V14, V4"
136592.0,2.04823864359735,0.131550504392774,-1.7681351500302,0.244709622193879,0.620000611425518,-0.417492129862245,0.105792854219834,-0.0984502367998319,0.187346194706274,-0.221100917873327,0.999477941583697,0.980098671073135,0.431357517122843,-0.743373008279154,-0.523976938176202,0.559261569830202,0.117209476655514,0.210681497010149,0.424594469959589,-0.111102948371929,-0.322991546529917,-0.839968466828865,0.294518340382718,0.267634242555428,-0.244189850637495,0.166791425130398,-0.0641211936209276,-0.0420261373630549,1.79,0,1.679846,0,"V3, V14, V24"
112474.0,2.34520232331701,-1.29083016464249,-1.19153046330751,-1.64472682003345,-0.927961376607276,-0.572636126729481,-0.974260776774376,-0.271267899794984,-1.26557911934632,1.55917608145658,-1.53748663391314,-0.725586954696959,1.05840121958185,-0.533776199054696,-0.179704850486862,-0.494955136581602,0.276146685165345,-0.0634487581438525,0.0779528498562983,-0.395269778513046,-0.206709578324774,-0.0259216404312995,0.136011561803038,-0.77740406746266,-0.0635808382098048,-0.11236381849631,0.014617131465199,-0.0584360997883912,15.0,0,1.371877,0,"V24, Amount, V3"
74607.0,-1.74432485350171,0.0643817546193507,1.20843343396412,3.18959577637153,0.0684056979540499,0.630044844648327,-0.386894317397944,0.583844905280607,-0.695908979332322,0.59355567757525,-1.9139556038276,-0.153754086562214,0.804195534162128,-0.16377339770716,0.364887133814517,0.153671345451157,0.0411152299987008,0.537132362672292,1.24677278252514,0.240897438911754,0.133815021750037,0.473492077209656,-0.48187642026846,-0.484819745494659,-0.18910392684552,0.388192415391093,0.370350561568844,-0.111135546020754,121.7,0,5.227295,0,"V4, V27, V26"
78104.0,1.25135854604551,0.2946474827745,0.0691792172942052,0.646813690971749,-0.193834044330092,-1.15582827660265,0.389645448982344,-0.35189094878214,-0.20634529952014,-0.0456191870269331,-0.202355638742356,0.550393209503293,0.705751249824333,0.286007556776068,0.72039190554479,-0.0276373368473577,-0.326562242218315,-0.563445399779189,-0.12028750039199,-0.0338983850517786,-0.0400987853937974,-0.0869580393227658,-0.0833476278715498,0.434888118530757,0.586313383056499,0.363881617299266,-0.0506676017932396,0.010275959552828,21.4,0,1.115206,0,"V25, V13, V9"
68420.0,-0.457302088118635,0.292295462586431,2.04717360111847,-1.51413876873102,-0.851483794540121,0.458130939266575,-0.985689595495719,-1.6574419020363,-0.512274285934055,0.485502837049587,-1.03398143499022,-0.745249448607725,1.21002182515499,-1.10786829360541,1.07185517513237,1.75060124074917,-0.364852653286189,-0.299024255744756,0.52714669506373,-0.0467262791710418,1.92938030025777,0.806610120673555,-0.150124253561808,-0.41285847816885,0.0299685047697185,-0.0485908987908732,0.0005140827575163,-0.17921659157803,9.99,0,3.9162068,0,"V28, V21, V14"
72564.0,1.24327283086869,-0.106059679034699,0.287992821192982,0.66949748996996,-0.351353863485786,-0.192731857964768,-0.175734593302311,0.0103211836815002,0.744831348966249,-0.186067179835066,-1.57744874013807,-0.339939567442637,-0.923793041051031,0.0463263277757694,0.039299590404794,0.109697391363424,-0.246394646823531,-0.31970500464369,0.5375724203465,-0.118836878758138,-0.354032120135548,-0.942121234217495,-0.0315051738961874,-0.466583900353388,0.406164733582067,0.23439501594478,-0.0268399108617622,0.0096924996333676,26.08,0,1.5455728,0,"V11, V19, V15"
133781.0,-0.175486467848586,0.619207485015016,0.357775932988695,-0.587757744317523,0.529623221890332,-0.115978132346454,0.269298213019633,0.0234639315371153,0.685568693586119,-0.194524204243602,1.05153858437836,0.709093210410426,0.440071371725309,-1.76809636005828,-0.75047608570926,0.743706026742091,-0.104864897851477,1.05932634426887,-0.443891935414767,0.239058692540763,0.165735361009943,1.01128488248425,-0.0558844168006557,0.734554165799467,-0.851520678072337,0.395596987354035,0.347977355133374,0.0401348045225939,13.99,0,5.353676,0,"V14, V22, V24"
10022.0,-1.38638048314706,2.19954344694943,1.52580664648654,2.95448058477239,0.264424817058152,-0.239757254727233,0.953239295333845,-1.33662648015636,-0.447353072135381,0.922798899872555,1.01137818118536,-2.27331449931856,2.8679078931769,1.49880886923144,0.152470513408551,-0.664464532535064,0.951424469979094,-0.147899812991162,0.649331593251946,-0.131054664763006,0.662083806073538,-0.0866712279508527,-0.118522287166063,0.700996879767426,0.38031752063434,0.197355216263126,-0.896646661759176,-0.409293101331201,38.03,0,7.742886,0,"V21, V27, V28"
108109.0,1.99093809104836,-0.91075622757443,-0.374041990302118,-0.322959415299118,-0.85176936790739,-0.0879475057344856,-0.925580984240276,-0.0910987740089145,0.913213962259341,0.558639613579459,1.34962632092682,-1.4716384213678,2.79073857778459,1.26219876070707,-1.11503799532518,-0.815629462322292,0.0284482552040498,1.68292826348449,-0.55630581756695,-0.442313709048332,-0.709185446339666,-1.35938477623198,0.40214219802163,-0.585758962575278,-0.745585432642536,0.196582854293781,-0.0513273975037193,-0.0478480222152938,70.0,0,3.5529094,0,"V13, V22, V25"
126836.0,1.91117145483961,0.533989132954068,-0.876824694392577,3.49397371751073,0.829467836209619,0.579288292564775,0.133718212800956,0.118671832723579,-1.17473383043089,1.604252594544,0.125383776278056,0.218148642696253,-0.353324489654595,0.499662489169789,-1.47833079997191,1.12601766039367,-1.11372704493923,-0.124865137124956,-0.885153825522595,-0.260312435018478,-0.254170384453173,-0.823424663113211,0.334291173608792,0.258232178761997,-0.230941190552333,-0.372271660839936,-0.0488950123423499,-0.0499014018128932,9.16,0,1.7280409,0,"V3, V22, V15"
80909.0,1.23986304801625,-0.729227076076123,0.383604403413286,-0.645620104234119,-1.18412970705702,-0.718604661486203,-0.531166338935698,-0.0559627689783133,-0.999080101477084,0.840180017121879,1.09937772501948,0.164858773173091,-0.467714177991723,0.436424749753006,0.356020109855678,-0.939105809904683,-0.282928536395738,1.45168294692423,-0.482217149194058,-0.393702653589953,-0.411000550120739,-0.920287976529224,0.0902619102342177,0.331714313390105,0.0212057306661901,0.883102798073633,-0.0741756633287191,0.0092892409196017,63.88,0,0.98126405,0,"V18, V9, V11"
141284.0,0.251658036928044,1.15359986975777,-2.64270317352706,0.370826445905404,3.20652968160312,3.91167215693989,-0.617603083368804,-1.90451036262042,-1.01147320353475,-1.1847818810746,0.104909658624837,0.0148654298603712,-0.75057087209802,-0.247509256572626,0.273291922806527,-0.446255828085422,1.31598454450552,0.158318613290572,0.101619520103641,0.704793451738206,-1.27319992546445,0.411179898045353,-0.129267462630288,0.582204226514649,0.98949591559907,-0.278440405542965,0.178811763637614,0.31334579393764,25.52,0,3.5062766,0,"V25, V17, V4"
44590.0,0.865326675330617,-0.88872860044545,0.0791926235206641,-0.376944460245988,-0.0705750866605703,1.31394621883722,-0.360610453488473,0.409456525354576,-1.50350355760114,0.62699941632335,2.34028261556851,1.32613251030874,0.680598892585611,0.517393739918536,1.14135439848595,-2.3566720993598,0.858772679530879,-1.02553930414907,-1.97276782034114,-0.301001486860013,-0.597925200667874,-1.52020473377292,0.325600881252944,-1.08264444406148,-0.42214746777592,0.0723735648477022,0.0169344804303948,0.0235323290175167,153.7,0,4.789962,0,"V22, V11, V18"
160175.0,2.07568440013521,0.194099262780696,-1.71510725994984,0.400829572980021,0.492368825390621,-0.835941604605179,0.227005654998804,-0.267251861654842,0.407854710231339,-0.396321417684067,-0.51465906948202,0.443747305478823,0.665674671813872,-0.96494806246216,0.144433024004472,0.304478578121655,0.420310305360192,-0.362483776071796,0.0684336265178257,-0.112596005562046,-0.360224677838987,-0.907000873088914,0.324490944659811,0.498258397003271,-0.23163193378878,0.172789255874145,-0.0592444273436228,-0.0294045796058816,3.59,0,1.5741436,0,"V3, V14, V24"
84760.0,-0.271445569019611,0.369457469531596,1.57463340073733,1.2433738955526,-0.286170504443099,0.407398026167034,0.31587942764746,0.186651689202425,0.315445876078438,-0.464787852433256,-0.909152268785746,0.391810562999851,-0.0011409415786022,-0.376728417046936,-0.3086904635653,-1.05475578041986,0.510193624287267,-0.451623943305788,0.390436799064465,0.0726348953614193,0.201451228100258,0.833478374001802,0.148543259895342,0.110798828704375,-0.797227764212702,-0.344296038667114,0.276394845396139,0.229757028348129,71.22,0,2.5812926,0,"V22, V25, V16"
157207.0,1.17075621526687,2.50103820829712,-4.9861592332247,5.37416005823382,0.997798392058317,-1.25900447846418,-1.23768881403143,0.358425624933301,-2.61248850396066,-3.06472953093127,3.48060170327307,-3.73515295429888,-0.594777601745956,-8.22995199210048,-1.47609403608015,-0.408470612919959,-1.48128347210329,0.347626692232083,-1.16441437126035,0.227618255472955,0.123145442805288,-0.713201110003824,-0.0808679133866204,-0.964310260780621,0.338567587684323,0.068629851804667,0.481587901111279,0.268225854368505,4.97,1,107.53555,1,"V14, V17, V12"
135607.0,1.49435100764057,-1.57870165156178,-0.427731389861761,0.779609425668651,-1.37384949537589,-0.0755520711314897,-0.691972361869652,0.0547979951074831,-0.339911020948378,1.09017550420685,0.552402418314014,0.330316004327952,-0.337420162349143,0.254673190867604,0.0735712545611938,-0.864242968336186,-0.649264332792707,2.20642932713632,-1.41863523804459,-0.153911443587052,0.0798382590369189,0.186951926635168,-0.0025603711670026,-0.0462866702984274,-0.37750732504465,-0.605826842883952,0.0274162859597374,0.0102390886233182,274.0,0,2.737598,0,"V19, V4, V22"
74534.0,-0.357993388483402,1.07776600726181,1.2891512326696,0.0727523117451779,0.0202032902279033,-1.01387725400753,0.66061421523631,-0.0471380476802495,-0.329994615675644,-0.495720850511601,-0.281442399648605,-0.295620096436147,-0.293698277896866,-0.34621483097709,0.9399017419179,0.400689549716437,0.0328579935332885,-0.088112711529691,-0.0879461133842161,0.0912697142313605,-0.26709601585041,-0.724363978154892,-0.0080258181188792,0.323051594957802,-0.174030114748151,0.0732873148395881,0.242485848446164,0.0978489848811936,1.78,0,1.2906805,0,"V14, V22, Amount"
167663.0,1.98288970617334,-0.362343387306351,-0.426356767653711,0.373719074153182,-0.386684030547833,-0.0187297058327079,-0.604868310848498,0.00998777529773,1.31763147547925,-0.210319917927685,-0.905065469107734,0.935599112031455,1.12079976118371,-0.406714658447032,0.469094959828466,0.0339982829423228,-0.567071387911363,0.0667234629125249,-0.252452856687883,-0.128200203817306,0.197666031421507,0.840106346948716,0.132933050413895,0.653493076441189,-0.0440249992686299,-0.239709406859834,0.0458099909214365,-0.0287207204353494,11.5,0,2.032109,0,"V22, V24, V13"
149656.0,2.01562890524556,-0.372022222121247,-0.503311235241377,0.352377834617207,-0.37857849538951,-0.115964726124514,-0.569120710291264,-0.0429743218665009,1.38653562968949,-0.197974886093557,-1.41718780873154,0.729545621635897,1.08777979930535,-0.404240589135093,0.478559244156703,0.177970973903204,-0.743970700098891,0.230154195828948,-0.0479364555050239,-0.150621680987756,0.163744220624897,0.783585640496026,0.0291397060465091,-0.665512608687819,0.0101398488669356,-0.169547817756963,0.0495997182989002,-0.042061449481502,9.99,0,1.9121137,0,"V22, V24, V13"
19354.0,1.10998457368581,0.368032146472979,-0.0614074633905216,1.37684439669606,0.0704373792074676,-1.10057294493251,0.610397343104251,-0.487200972217756,0.920589269408445,-0.380883535209462,0.66778094520241,-2.02353246637006,2.15135756928188,1.91903335825928,-0.0987002015930611,-0.256588708570799,0.392087354953442,-0.138442051522545,-0.485983106306593,0.0136617380094857,-0.0885825227121911,-0.12634338338361,-0.217999247184606,0.358122109210467,0.814625516435019,-0.345815300012064,-0.0481111277181352,0.0209563270786775,89.99,0,2.0411112,0,"V25, Amount, V13"
157391.0,-0.278101013025954,0.380293495371923,0.699148339825543,1.02160831259109,-0.145181645064797,0.653061214537038,-0.346177569894118,0.0807020626658874,0.501978590483758,0.634879050824712,0.810100704049299,0.725832202213722,0.275939516026386,-0.0630907394595087,0.990508989386347,-0.903264655414526,0.151939782105242,1.09683125935325,2.68163830720734,-0.0997931332176864,0.418909142029614,1.60080164855358,0.331532609012679,0.767037206114052,-1.52833037169337,-0.0573649206981361,-0.0355241425709992,0.229476573571558,9.99,0,4.9117527,0,"V19, V22, V24"
169754.0,-0.640051215685407,0.225332672693974,0.480898204362957,-2.61875719088447,-1.44347584206634,0.144100404267072,-0.611873959049068,-3.87247351993902,-1.06338685368295,1.75413533809749,-1.09985388378305,-1.2674213022274,-0.163411646489226,-0.942464010830264,-0.510914055941987,-0.587137496536302,0.39512528550825,0.105668963415864,-0.435163682755527,-1.09583962386452,2.84874826981427,-0.781788935914773,0.354497045345665,-0.0377916298073964,-0.519259190546195,-0.30639833071958,-0.281781950663649,-0.41434728408886,102.5,0,9.145587,0,"V28, V27, V16"
150965.0,2.28030398621982,-1.33940846683682,-0.971622919432221,-1.59686796092816,-1.05505330659808,-0.436365255397843,-1.08338223880901,-0.191888298737187,-1.2747492771779,1.525618993906,-0.964487639792933,-0.447754119846313,1.16523004573451,-0.601151487354839,-0.160044132978705,-0.588683878592113,0.447725787569273,-0.231140577732983,-0.162590851079991,-0.34813868501806,-0.187651175295732,-0.0343145459216217,0.270985540957132,0.598156293533466,-0.198523195614092,-0.228234755206235,0.0162217390811914,-0.0394814873822566,26.4,0,1.0232161,0,"V24, V3, V13"
143351.0,-0.9715052502765,-1.08783556269681,1.11623701388163,-1.2948789961161,-1.27451448367441,-0.332369577027038,-0.650947564898563,0.603530081241828,-0.199558330701259,-0.551180702101865,-1.56173124614948,-0.736174722730523,-0.677907292330127,-0.564478251357705,-1.22242586368496,0.999893799628013,0.681990426110121,-1.37648534412541,0.594580143948069,0.318420641118734,0.159909715035225,-0.0238173409489042,0.323228673510475,-0.0472393468687418,-0.101191063521475,-0.362493714070115,-0.128163094765497,-0.164526186798422,146.68,0,2.2820983,0,"V28, V15, V23"
130188.0,-0.827107234442697,1.16000195329784,0.766329396507796,-1.08051997994517,0.18600909367897,-0.888222772814861,0.354789805083055,0.329827455718039,-0.0031250773462423,-1.9824731479034,-0.685330970357842,0.887668748708895,1.59516775173031,-1.43235619585198,-0.136670096656581,0.870182590682673,0.193493885424124,0.247251414894759,-0.750549046361326,-0.141645968379773,-0.132719088891495,-0.408526620456103,-0.0594960653277453,-0.201096538811554,-0.353967262186869,-0.38963350068378,0.0305011973818451,0.107254881586296,2.5,0,3.9656792,0,"V10, V13, V14"
133659.0,-1.33927708254618,-0.690550933599775,2.39269715001361,-2.09325199343281,-0.975345004437156,1.021830253232,-0.420474852571887,0.483562662594904,-0.0409974002427196,-0.291469071804619,0.180957480595778,0.0992614888991151,-0.178770774617633,-1.32205557147307,-2.4277245859579,1.15387241792234,0.142114594521274,-0.819455567966347,0.520010247406833,0.211656632630953,0.138704353434688,0.587475294376552,-0.272486635667516,0.742907360258962,0.596232997551397,-0.181018245535763,0.223266581429756,0.128989421407835,134.32,0,3.2335415,0,"V24, V14, Amount"
33930.0,-0.468447996290584,1.05587548909998,1.68942864058292,-0.107050121176242,-0.0418866806241699,-0.678232173711145,0.646390500846665,0.02795594271712,-0.77580372564563,-0.162339525276463,1.60332292130942,1.08539742433633,0.621751330384914,0.209359224435487,0.0545547868990045,0.301434786234378,-0.610114016207953,-0.0116316458752315,0.222089036677177,0.143450620130104,-0.155586513355424,-0.386370442365811,-0.0217258467936929,0.536056746168177,-0.228034922793819,0.0387870062418135,0.266976996085633,0.114329917197487,0.89,0,1.6675214,0,"Amount, V24, V13"
84497.0,-0.481536461788958,0.299976736779277,0.80415684610382,-1.13035531298037,-1.08470471648603,-0.850244536998193,0.0748155065564993,0.496925511739957,1.34946164888638,-1.76634046983551,-0.537620609319727,0.108383338303256,-2.06394970193387,0.558540637491706,0.3814425478176,-1.51362666149077,0.998527545200943,-0.421091754349218,0.49114730025673,-0.300683444246284,0.167974861397764,0.561607305803551,0.0784987841215783,0.584980633939316,-0.0881043675394402,-0.714851085267509,-0.0117844242976823,-0.0198625298119288,50.0,0,9.102472,0,"V16, V17, V13"
153641.0,-0.724219649022722,-0.186003408695044,2.12912640224743,-2.10892492307761,-1.14728764815791,0.222105278458443,-0.784796668345881,0.506472365703502,0.370185108379889,0.210300720789673,0.0768985356174801,-0.363085967939782,-1.28050629986645,-1.01662570142021,-2.29625126429136,1.20454480835028,0.1101578013217,-0.722080400580453,0.294449875316198,0.139305442723516,0.181528721195224,0.835883032224068,-0.169041305380605,0.0119307740787025,-0.316048221720547,-0.299627745665061,0.532614774923738,0.264873070222993,1.0,0,4.418633,0,"V27, Amount, V15"
89916.0,2.08636746469742,0.0349071043493868,-1.51223805955689,0.210555130075364,0.382526706483002,-0.773929324682455,0.231363886540992,-0.316840207457427,0.483157888550327,-0.0211102824318283,-0.655355392964771,0.613835663145415,0.8206202360404,0.328235478003751,0.763086554819194,-0.243704848872555,-0.558652705913594,-0.163537829208684,-0.247707097458164,-0.172785337423045,0.244470658233993,0.877707350303596,0.0185752518052499,0.658510927611647,0.313670442262244,-0.134057555110328,-0.0167632786081729,-0.0520421261582317,0.89,0,1.98613,0,"Amount, V22, V24"
129522.0,-0.0071463807548709,0.743950173311687,-0.07630730570151,0.0044814093972189,0.913263814969767,-0.687474598256894,0.803215090128239,-0.238309864864067,-0.0311947182572584,-0.349479224124772,0.778172115797536,-0.948960034630015,-2.15117703110708,-0.420052860358661,0.80290772101391,0.0237108709662067,0.425058956857358,1.5020933869756,0.901683931664202,-0.0787414961705976,0.223012271706576,0.79242717122573,-0.450229205514327,-0.501753740196096,0.0609995200472956,0.0314512445830477,-0.218915010021908,-0.192610324916767,4.44,0,4.606204,0,"V13, V27, V12"
3767.0,1.41741762924393,-0.369116711240033,0.49589898522823,-0.56832829045444,-0.810432324037355,-0.713285393893497,-0.623788265122297,-0.254352331140495,0.527250369409048,0.23103491179643,0.339303867255799,-3.15887764736656,2.00871621194181,1.2356185917502,0.104423729717398,1.3490569446713,0.764122678981308,-1.15404261903673,0.587604128846838,0.0757679632457657,-0.268879445003889,-0.673430352108646,0.0715132707627092,-0.198968440859819,0.271079367323388,-0.490531812835853,-0.0192163791631117,0.0138338775932873,23.0,0,1.2980294,0,"V22, V12, V13"
1896.0,-0.920750407945359,-0.126650701286054,1.86914657801181,-0.857553746570617,0.206538303830515,-1.12619106349823,0.796685318603832,-0.293485875295525,-0.0907889146052189,-0.67149608196816,-0.410131053741466,-0.132382834681335,0.0677433045913135,-0.198436290691612,0.57595193950988,0.52858131556528,-0.754397932144389,-0.305347321648792,-0.628272888557213,0.317253620485498,0.0089360457353775,-0.184751934673779,0.186775918288645,0.421179709827676,-0.33061534731698,0.662704258487313,-0.200471179943208,-0.096938287652086,96.51,0,1.8450916,0,"Amount, V27, V28"
139197.0,-3.24895082998562,1.79866778815392,-2.08283032350393,0.786828282756824,1.69442727265611,-0.553732305159588,1.24681348577525,-0.505237497764528,1.27611772805045,2.09368407010932,-1.28781795980785,-1.44714882212243,-1.62760583381604,-1.56532106915,0.38866006281706,-0.485405231370236,0.972073509700957,0.528004736614592,0.892565474395341,-0.581496674378,-0.44240314753489,0.186553123468095,0.40044382731125,-0.118649420600334,0.482789893265065,-0.375463165392343,0.187233228919357,0.470261256865073,11.4,0,14.9958105,0,"V20, V27, V14"
136712.0,-0.359308195396899,0.202050903389516,1.45002240787971,4.3362575414544,0.939702606888424,2.72171478830368,-0.964709858309484,0.894128391335442,-1.02973327266315,1.74062197012076,0.226441906177306,-0.400845656573539,-0.775936824619927,0.165267766135707,0.931836643518031,-0.127918420372537,0.306448721804309,0.0045147939925125,0.385800450714286,-0.0239307226470792,0.293680521820843,0.988095895541864,0.318780358515584,-1.67666002304121,-2.13635094020322,0.160304929183631,0.311135594509652,0.3387266427835,41.06,0,5.1724696,0,"V25, V24, V4"
108670.0,-0.460928525423654,0.896430617385752,0.654882453835768,-0.3658346006999,0.372948873494046,-0.130997656321702,0.530948358560924,-0.0067687901599021,1.59789048010018,-1.34630029439931,0.299809817979441,-2.71342527900825,1.72835914803456,-0.0323361146812751,-0.379035036362464,0.768911596347577,1.017019268778,0.42099919368379,-0.635590340696783,0.0287944656170274,-0.468264985694084,-1.01988656846201,0.1417191712201,0.419808840260718,-0.489558403178875,0.049627500131622,0.140219194442889,0.118867195538672,70.5,0,4.238261,0,"Amount, V12, V22"
32017.0,-0.662352861268154,0.770953963371776,-0.298422085834937,-0.538052424632254,2.2223343979273,3.38731008500068,-0.443680680647957,1.32502290110175,-0.944640015283624,-0.408766335956151,-0.266854833661518,-0.125557703520446,0.115532939833237,0.731450274420843,1.530705335917,0.270254622740237,-0.362176443978313,0.275187088761615,1.38182145031435,0.151459872806071,-0.146808187053497,-0.779758628585625,0.0090143513222104,1.00249928776573,-0.341181551698905,0.197902415469972,-0.0133370730535693,0.0340655099371661,1.98,0,2.1387348,0,"V19, Amount, V14"
56080.0,-2.19517306181052,1.60437620975742,-0.0577059780440536,-0.119500074866928,0.154798539832655,0.846312416670886,-0.965986988302372,-1.66238101109757,-0.927028452591583,-1.58610577619627,-2.12788845939075,-0.128534385478413,-0.321290304763192,1.18370215558175,0.543681305864496,0.97595366420032,-0.526904283577656,0.167313540283852,-1.13319297196088,0.194468287375553,-1.1257592641096,0.439242947433494,-0.245738314641808,-1.36043893598068,0.356887599743046,-0.40084162182794,-0.2584595487897,-0.102732516286761,54.0,0,6.9840145,0,"V24, V19, V8"
95313.0,1.7002329479,-0.258115767460504,-1.82587083477323,0.856428546509039,0.150216786885811,-1.31555558296708,0.4623814186594,-0.541594190140649,1.79887207793958,-0.944112024459691,0.541973761805399,-2.25654135175369,2.12387342893196,0.655531663191541,0.148310885704249,0.221506390338661,1.05654450871468,0.807993058973262,-0.644370177500952,0.173283505849202,0.156599344013439,0.461777481203484,-0.2012054659335,-0.213562961497731,0.193835788935186,-0.15481276592096,-0.0627561630059331,-0.004685085307681,195.4,0,3.1670816,0,"Amount, V18, V12"
33651.0,-0.0866898016928717,-0.686965128472514,1.89398891134378,-1.52073379417771,-0.879412680446126,-0.859013621195474,-0.433393503078032,-0.325668847509723,-2.26631676943834,1.39971400354627,-0.420216065407491,-1.06311683407054,0.856754183944834,-0.682165868728814,0.853144437176542,-0.667009677521569,0.546289183229547,0.126831519795759,0.565918516082102,0.0123843648824606,-0.254772938602087,-0.290696219736727,0.179244260111349,0.350152028197478,-0.805345767171933,-0.446201585734424,0.025703512935432,-0.0425072613070157,25.0,0,1.925113,0,"V25, V3, V15"
161525.0,-2.25835078418745,0.361203189372405,1.34010838672076,0.104948971429822,-1.52888410482509,-0.917331007016352,0.352061874682286,0.694599049874643,-0.310275747830906,-1.44311467121057,-0.339213150955425,0.3665552697796,-0.233026041479928,0.691509750958993,0.979763982740078,0.191511709779786,0.168606821315007,-0.0153768133389422,0.004289285969423,-0.279599576408357,-0.0089055658496883,-0.261919341840763,0.399600267670265,0.892032100255081,0.290704624479831,-0.460708085171342,-0.109656232889808,-0.366880232753341,141.05,0,5.7906604,0,"V28, V5, V24"
18675.0,-12.3396031574122,4.48826730168204,-16.5870729373632,10.1072738734101,-10.4201989827431,0.130669811857349,-15.6003233044816,-1.15769598093331,-5.3046309683427,-12.9389293107706,8.80568196718575,-13.5561301301468,1.16546376028499,-9.80988150207055,0.369987279150665,-9.50521044515487,-17.5420303090874,-6.79263778723153,2.06937744931751,-0.0855014634055812,-2.0896096332232,1.74531450014405,1.37681580939778,-0.554271418366818,-1.61074085196174,0.153725444536768,1.2124772080589,-1.86929047595671,188.78,1,1810.1469,1,"V17, V12, V16"
130078.0,2.04076176342245,0.268534089586106,-1.60775549236825,1.36826057969969,0.498023858432199,-1.10174316908998,0.663967334512106,-0.435855224084072,0.149472294682069,0.248696223729901,-0.970509524315134,0.503093753296108,0.128697311046001,0.453132902192796,-0.555687522166185,-0.737189806280041,-0.174066640127721,-0.684991370789419,-0.198541079682018,-0.282405341026245,0.0475341513591661,0.394326253422164,-0.0119725018745866,-0.0680041531269473,0.481632566678168,-0.485998628110895,-0.0115925757507856,-0.062537307065621,5.05,0,1.5239246,0,"V15, V4, V26"
82055.0,1.31609040656145,0.305331624789359,-0.0531772648341463,0.499654037620312,0.0031043503175432,-0.602190501309212,0.0417049615434211,-0.127762162966767,0.1491863748608,-0.269747648455397,-0.883597921271606,-0.249684108406124,-0.0174002781190609,-0.260312163527529,1.19809738180925,0.741621852506743,-0.288201494632983,0.0225095386900771,0.120822244731864,-0.079564704832071,-0.34759425228845,-1.01623686140418,0.0306884282786313,-0.506399544625109,0.315120807437412,0.14783956460876,-0.0266309084887186,0.021383959083128,1.29,0,1.2794104,0,"V22, V16, Amount"
120249.0,0.218343322899612,1.20589952294905,-0.177808578838576,1.01393754045318,0.865876285498382,-0.511249314240657,0.801037208180834,-0.290634560402359,-0.672113089042272,-0.486509368752833,-0.798696410494886,-0.367301087994172,0.870031792009347,-0.787029644991547,2.11128983174321,-0.751016928841432,1.09492990790738,1.15784068435236,2.56634588671248,0.317928749976196,0.265006240544035,1.02221196100653,-0.432336795536118,-0.664003683149599,-0.144624863718395,0.340471971945456,0.234408351401807,0.200057986455074,5.24,0,4.3536754,0,"V19, V18, V22"
44991.0,-0.758908772455355,0.299788606506592,1.63218543740843,1.66967296659811,0.694310331588787,-1.02628277915167,0.155603082148995,-0.0888412766066538,-0.864953338313935,0.010867126690452,-0.289956594470944,0.0417803468193797,0.483471609476893,0.332419436332176,1.70384656495415,-0.700848519892675,0.218243052140027,0.18458917207537,1.42900171002078,0.410624676585292,0.150874862908379,0.260428309221933,-0.147898628872616,0.418823621755326,0.504873197389321,-0.0423338963880727,0.0095690561792524,0.0214070587149336,17.08,0,2.4176292,0,"V25, V19, V6"
171318.0,2.06142295033636,-0.170234327654426,-1.36458730764911,0.126229018700631,0.253353197125799,-0.397470507469404,0.013987146933947,-0.0834990882836451,0.414778504435732,0.250987369548604,0.257022785037397,0.609358662686652,-0.452166744713477,0.544389320733269,-0.49837855017704,0.272699874471163,-0.717351471132228,-0.155565669416441,0.643952990785707,-0.231081610532989,-0.286201594068065,-0.743744118727573,0.250321037779761,-0.816477085531422,-0.264536018800777,0.23093794740579,-0.0760097980592151,-0.0792763567486359,1.98,0,1.3032899,0,"V24, V3, Amount"
126771.0,1.6514288705478,-0.847376051329894,-1.62712830079539,0.932764137994314,-0.375164185350575,-0.119646376810887,-0.49409585335005,0.109941863824288,-0.494358412848123,0.216221750964077,1.03194715697068,-0.224932746996801,-0.859107124761834,-1.82636542020467,-0.129790649126915,-0.431745564905485,1.20971423450164,2.85355435789968,-1.41855740802265,-0.247084780051945,-0.279778264992488,-0.691202881331684,0.107506965505918,0.426179696310371,-0.300747804420233,-0.73771537567293,0.0462549465281345,0.0454561819025058,198.0,0,4.636083,0,"V18, V14, V26"
54989.0,1.03041705600911,-0.0112490139311182,0.410542421894587,0.288747446019129,0.386567809239916,1.36883837375022,-0.378294773139578,0.542211318154847,-0.229144691415988,-0.0876466562850334,2.4362877504962,1.42071381485816,0.135760867708679,0.560294889324122,1.42319176346778,-0.765431008991065,0.530730718492705,-1.98810977596812,-1.37962765009889,-0.21978007356237,-0.0863430649961027,-0.138169617856205,0.251405045629127,-1.02431396651518,-0.127911415422319,0.205882046094142,0.0383762160916955,-0.0059424568865164,1.98,0,1.6322618,0,"V11, V18, Amount"
164124.0,-0.678252613634854,0.374195750088408,-0.189913676865254,-1.64290966054947,0.459616351768618,0.557555811973501,1.02257998729635,-0.814631135604532,-0.181954048688351,1.62571579148952,0.33951375725492,-1.24115865452689,0.0259251676540877,-2.33485621501821,-0.0559358560093354,1.14710479939256,0.445677417199758,0.0751254779646685,2.173700298095,0.389689232979834,-0.0742321971107774,0.606405715808823,-0.319986812212853,-1.51395652665405,-0.474440524448995,-0.1487650936951,-0.519833162500813,-0.303234517618749,105.85,0,7.065695,0,"V14, V24, V28"
103466.0,1.88619663435428,-0.637846670248891,0.934281309495815,1.35256841220131,-1.49166531374677,0.0775065897009615,-1.31290441037661,0.135182239988853,3.53500958989484,-0.668307109783482,-0.357319395038493,-1.398359075182,1.67804429677096,0.2698077472588,-2.51242485477057,-0.512823631844272,1.04354166033704,-0.294645359804848,-0.0300870024426634,-0.298366586590425,-0.244506149546189,0.116713809303322,0.313631221952847,0.456576720425112,-0.429132999169468,0.20968933215217,0.0234994841845648,-0.0384965339829369,1.0,0,4.469675,0,"V15, Amount, V9"
46246.0,-0.590567530947381,0.394318387382694,1.78986982887974,1.31097075961443,0.496018491417343,1.69180142281002,0.221658080107076,0.126860321571175,0.908392767639189,-0.161950285528506,-2.31582505919191,0.138207990365054,0.127435356306945,-1.16658773034639,-1.25382111749611,-1.32463235241497,0.497388484671583,-0.655836267289775,1.85152964205906,-0.0025374020003093,-0.43747573904676,-0.577425219540964,-0.111288858422797,-1.30786451242927,-0.215804417490552,-0.399206445563197,-0.166129576055294,-0.0779183474997309,29.0,0,4.2755957,0,"V24, V27, V14"
121533.0,2.27847552269415,-0.645528373180589,-1.5863953980853,-1.03652826382994,-0.235481955877737,-1.03413811492632,-0.278691021587903,-0.425299577912344,-0.576327766397371,0.864683429917684,-1.13855587427124,-0.525844661065356,0.926266247691491,-0.13307494038596,0.309184646468074,1.05300845006189,-0.136812979321652,-1.1534711789612,0.679949272004911,0.0227390644436224,0.393205987081674,1.19755318402621,-0.104260144147119,-0.576601742807218,0.31749826270189,0.107620284375555,-0.0355739345884828,-0.0716165237403598,12.0,0,1.3896948,0,"V22, V24, V3"
76336.0,-1.49433454512702,2.47027680186283,-0.827179960199162,0.703710076845468,-0.374014595707608,-1.30842971062295,0.420792902690434,0.439266163083187,0.267857426577296,1.51787899323667,-0.66635242715039,0.117524917450912,-0.164739133153257,0.613170646276824,0.713527324324949,-0.495126297588489,0.057615607358138,-0.124983779222741,0.225634588151864,0.536015925159512,0.0195185686055333,0.48617596122645,0.146095968321616,0.372503021089185,-0.441044037850916,-0.41591087489713,0.546770010635023,0.183860291110556,0.89,0,1.7735915,0,"V10, V3, V5"
83641.0,1.06276352104204,-0.272630611563682,1.18983267249572,1.74033150362871,-0.822281676371835,0.574659968374962,-0.60400239452886,0.350636758841729,1.4319880009228,-0.385370339609618,-1.31156309298257,0.34472215071056,-1.46486144577299,-0.501969652841906,-1.57107328818171,-1.08928243164142,0.843231362959226,-1.2049939312783,0.17989420920053,-0.268820953796015,-0.424275826917082,-0.822097391636915,0.0916457846420266,0.0491621671607186,0.382188486115636,-0.506592005075853,0.08189107980812,0.0276358639709647,18.98,0,1.8147675,0,"V15, V18, V17"
60050.0,1.21870312905284,-1.40638342653912,0.558460483508234,-1.30453602382778,-1.82622904875066,-0.764194902631607,-0.928834336874904,-0.0798910760489926,-2.0352961469261,1.5453126095898,1.38324770300387,-0.359706786192529,-0.159036347107895,0.0375135558842809,0.0210425229710673,-0.0905564472023123,0.332010868723269,0.282601137110661,0.0233089355530772,-0.113615712001057,-0.32275016673255,-0.929404796087513,0.126260382318145,0.457244561220145,-0.0021297042976717,-0.520991004868427,0.0055612470299785,0.0398789431264163,134.0,0,1.7570117,0,"V22, V11, Amount"
145245.0,-1.78195369506252,2.06267983660345,-3.7588708295145,-1.80100077573697,-0.0843654054257922,1.91960969665204,-1.45436398887456,-9.82547254037924,-2.0731186665336,-0.0058155923591422,-0.644403337407006,0.98203494314396,0.243801271635127,1.54121618142096,-1.94900521877649,-1.27861018807118,-0.179722069535413,1.61643889083674,-0.740406607959945,-0.690810231396161,1.23474683075122,0.376803709455147,-0.33970561954584,-0.216688430486108,-1.55539254288804,0.655873407920478,0.777661834368597,0.272752626515766,359.28,0,18.14526,0,"V3, V22, V7"
68001.0,0.487398924080867,-1.11715236598143,0.297252505469338,1.5410831420754,-0.624309559410554,0.859673360103235,-0.126079741534093,0.421097495176389,0.606958713445075,-0.108268254913476,0.881325508687991,0.0570445707269362,-2.61529585405286,0.650923888694538,-0.325405530226098,-0.619497893520135,0.453630422425083,-0.449987221044337,-0.549868406727601,0.230998894547275,0.177740881557669,0.0063054345218143,-0.284702833150956,-0.322124088982863,0.334106016497859,-0.279828684971549,-0.0020644000926221,0.0523526388475616,302.03,0,4.7742467,0,"V13, V17, V19"
129732.0,-0.0688934105633758,0.482681697521959,-0.486734717624529,-1.88701330652855,-0.0809321466431981,-1.51055613579309,0.378760057877528,0.0509675477077347,-1.5048051892488,-0.0060556236973343,-0.960478975568066,-0.808112422690346,-0.141545292534384,0.464536870367619,-0.335805324313256,0.907019688682589,0.275610387215576,-1.63092255863323,0.3649353117555,-0.165461259601808,0.2637794405243,0.543547194393066,0.140491703794618,-0.0226443775524474,-1.11269792208263,-0.520441386556181,0.101273081320136,0.179490804156617,5.0,0,3.0392385,0,"V25, V3, Amount"
102601.0,2.08917262672594,0.122519475623082,-1.37720048637188,0.417475478985955,0.426280298478852,-0.735091466204706,0.11523259686365,-0.377814292452228,1.8202766618891,-0.381566843990153,0.233452603115984,-2.07629648797759,2.11595111239955,1.83144540776227,0.0634232851970419,-0.256797369964307,0.193347044969328,0.152109225832871,-0.448604529587872,-0.238123750527055,0.090007599047743,0.663256192064729,0.0344791519531189,0.588052356613503,0.278895211156786,-0.171501971898894,-0.0457480013277123,-0.0591952108142758,0.89,0,2.1393716,0,"Amount, V24, V22"
20455.0,1.018407561784,-0.178200456664031,1.18932707018586,1.14367532233531,-0.823527752622333,-0.0485803066120865,-0.493741127021754,-0.0262035754717471,1.94357397434228,-0.678063342908518,0.841230447439594,-1.46040180612372,2.44561889359862,0.998811481299994,-0.52211044156675,-0.463043516252995,0.969004701616476,-0.552697049320632,-0.773776643884456,-0.0120459659545677,0.0062114786752928,0.430232327625103,-0.0872443588431302,0.434333611218734,0.358189230474042,0.471729817434245,-0.0111510990839022,0.0249874797542035,69.99,0,2.9612308,0,"V22, V13, V17"
82429.0,1.13705275347691,-0.110468939442195,1.40052404592006,1.43190728188667,-1.26770529371189,-0.430283463811009,-0.654115081695315,0.150097932653439,1.08463754047905,-0.15842940004568,-0.739046156873271,-0.163453862467376,-1.44310896937614,-0.0585452192739687,0.308649279779668,0.0479592561929298,-0.0477829870017449,0.003150747585445,-0.323963562319803,-0.244942214112987,-0.0597609428509396,-0.025873345212596,0.0564451412540581,0.670372724261283,0.324603799270471,-0.423670943098382,0.0645505338602657,0.0377181157442677,4.99,0,2.36483,0,"V24, V13, V3"
120115.0,2.09579772337828,-0.279046915351937,-1.57536430158086,-0.923292966217504,0.339030542092161,-0.430559189028328,0.0156434958033496,-0.124002293012398,0.500828903668742,-0.0718218025970851,0.848154859499461,1.16171496430565,0.419550494387202,0.468245676557221,-0.0372988700975015,0.132496141288558,-0.670179548882515,-0.325457229407717,0.85466704025844,-0.115185424423651,-0.263627308154862,-0.710660705765333,0.329332536676068,0.251985603384257,-0.348426747339349,0.519307180872926,-0.106135541010586,-0.0741323699174513,4.0,0,2.596308,0,"V4, V3, V19"
139467.0,-1.70282950726471,1.32904604330063,-1.23152659950228,-2.2246465228617,2.64373632026581,3.19896933469966,-0.0572789674494013,1.70973048880108,-0.761464315480916,-1.26776829484928,-0.43433723711759,0.113279775044124,-0.291599785383107,1.13543150494876,0.526694707053642,0.112730781518644,-0.463701942312513,-0.0188522349048208,-0.936824594524316,-0.191561672904592,0.291726741138234,0.511224862970759,-0.553802155839173,0.732515989818713,1.258082562529,-0.0400292922043088,-0.115259823908371,-0.066550383230995,3.99,0,3.9955597,0,"V25, V19, V8"
72972.0,1.22507682334452,0.321047339967763,-0.0789578672457681,0.875285727285211,0.41264751448293,0.0178679484073098,0.227899557856244,-0.113130326844362,-0.145218957197712,-0.0713923434439226,-0.720381331848622,0.627688551557532,1.31320587249054,0.135541851364918,1.1052007938573,-0.051973408081483,-0.519948323009321,-0.468510125473335,-0.426722047729437,-0.0345567387541748,0.0248708562663438,0.173724685353172,-0.203897462694219,-0.721143874267833,0.760065886698926,-0.252611916303246,0.0333429395613803,0.0142376430768751,23.04,0,1.9309746,0,"V24, V13, V25"
31160.0,1.42176580760874,-1.20210693034841,0.809248857762994,-1.28990059798591,-1.9177652348596,-0.824129029500287,-1.20280491618311,-0.113996460973183,-1.55061164882989,1.40584836724887,-0.555327128198349,-1.13579329271283,0.040625557983865,-0.355074332729158,0.886056277731295,-0.0839538981914695,0.415356278117005,0.150332459776146,-0.328939974005066,-0.278844770846404,-0.261832269850263,-0.49193469937482,0.114642011242244,0.321466492868657,0.11647681615285,-0.33441183945673,0.0413406857933003,0.0367381871041772,50.0,0,0.86223495,0,"V22, V3, V15"
60923.0,-0.901328393475473,0.367977585035554,1.32852375267649,0.225510708569355,0.699354603795238,0.266695683097021,0.821341297183367,0.236962397764612,-0.450861190069922,-0.65784316312118,0.555363305303882,0.692960141087114,-0.516280705991676,0.176384253265507,-1.41376709179621,-0.25550494726178,-0.358377587218538,-0.210535197419587,-0.529251550915071,0.0123005713009078,0.0946503157058466,0.185110705183547,-0.033978363365057,-0.316672776387794,0.125487006711019,-0.503298303916517,0.0941359010909504,0.122144355610628,79.92,0,2.1034625,0,"V15, Amount, V16"
118992.0,-1.09500154223652,-1.25628281660045,1.826462072503,-2.81508799516564,-0.286362570679006,-0.95331376315811,-0.280648375496089,-0.135745521015218,-1.64981673396066,0.82802058146913,-1.33145077773998,-1.84883549552461,-0.80257587338112,-0.679503039938424,-0.428193257040404,-0.359214237627859,0.227212152564361,0.173759200624762,-0.83715623012978,0.0826726808134619,-0.168352225560421,-0.160889274095564,-0.129704909827818,-0.149405510489676,0.642727937893156,-0.137761949510914,0.0661968105778447,-0.0970796168967352,69.2,0,1.9880369,0,"V25, V13, V12"
76120.0,1.12594373873715,0.193692855272273,0.535788537348249,1.00266065016437,-0.28205328013017,-0.224861383695743,-0.0998151553533456,0.115429002568769,-0.14147123944199,0.13554273441755,1.64322265071405,0.777699011783705,-0.635541843675652,0.675404123438691,0.617498152621033,0.0439513290484999,-0.343469203516028,-0.119783895782991,-0.515296346677224,-0.194329565629098,0.0344700043875158,0.0903544605983903,0.0264693713524574,0.203575623867737,0.392810829816311,-0.437906913910916,0.0312116628820299,0.0135751947474564,7.48,0,1.0060835,0,"V11, V19, V15"
80290.0,1.23742987482876,0.275474370768921,0.654826806045232,0.695661484550714,-0.61976798460112,-1.17481502803284,0.0842851032329779,-0.239435370841962,-0.0116447203558501,-0.072837899928669,0.115201584031163,0.597589807650977,0.484176748338931,0.21386920871179,0.983102778873076,0.196821347311125,-0.317080391852958,-0.676785877895331,-0.243677396861876,-0.0893632449359212,-0.233343797344456,-0.665664567129057,0.174176849498267,0.71261363977654,0.181483838153837,0.0735665385997167,-0.0271479842426666,0.0228202458646077,1.79,0,1.0860239,0,"V24, Amount, V11"
121238.0,-2.62892199481027,2.2756363708417,-3.74536934909195,1.22694819658893,-1.13296649495042,-1.25635309994595,-1.75241984877631,0.281736387178617,-1.7923429718137,-4.82077941422469,4.17609762346479,-4.61900987976999,0.742689541505504,-7.63696288811138,-0.197887605182768,-4.14039566725884,-7.60471483249934,-1.52450539738207,1.27132193138436,0.133106474791523,0.870729582435536,1.26947278909845,-0.265494007565328,-0.480548610900827,0.169665130870596,0.0960810570397914,0.0700362725602789,0.0637683649579152,144.62,1,272.38458,1,"V17, V14, V16"
162773.0,0.132286030481375,1.0175881331865,-1.27023215155699,-0.200989266796221,0.487607948870461,-0.813579261017619,0.600460180400463,0.269170581306405,-0.404328717267196,-1.0263424806922,0.64935336380321,0.437811796028203,0.0344534540290681,-0.454688003245318,-0.0067198184659306,0.582432411916027,0.241164753802935,1.4208435992446,0.193332936515958,-0.137115534299754,0.363360900696374,0.955063345941918,-0.0819095929072797,-0.575176509767759,-0.221174580321798,-0.140976212475889,-0.0839286325598408,-0.0568635004902398,45.0,0,2.660913,0,"V22, V18, Amount"
46128.0,1.17861262954525,0.216110837421014,0.621743552373792,0.650332900993507,-0.422107498488724,-0.696453372569505,0.0316082659356042,-0.114862061423575,-0.048128997745168,-0.126949922054966,0.372110952218701,0.794772582492599,0.676035083574145,0.202218883468656,1.21302745462224,-0.104318017404465,-0.0505886229069241,-1.14971421913357,-0.60597597662057,-0.0909462228929229,-0.198353841411933,-0.538444163779531,0.193908288318194,0.4073393445631,0.112796043456809,0.101704363030144,-0.0108406156493446,0.0212849288422091,9.99,0,1.4536768,0,"V18, V11, V19"
67846.0,1.18094069582207,-0.03553598723664,1.08109987968809,1.22815758002519,-0.722503893225897,0.0850779292182403,-0.546373231502807,0.104789029647314,0.884155005191195,-0.210623255273723,-1.18845786141736,0.46407544757347,0.394110985546166,-0.442815356039816,0.184424081509354,0.210301594821027,-0.444137988355128,0.0664764716585272,-0.0269685818420381,-0.0935524823865137,-0.0897152169214193,-0.0435279367747488,-0.0728989708563825,-0.109254712869871,0.489003656318542,-0.379026945108276,0.0730139083188729,0.0343761466626915,12.99,0,1.4954711,0,"V14, V3, V15"
59655.0,-0.48656662863551,0.194796850769043,1.34997015457309,0.48343023035668,-0.664790869711423,-0.173483396004857,1.02281230929632,-0.162833114279185,-2.1220744099148,0.395155822129655,0.100121427694626,0.324895510875644,1.20672961456182,0.181456016972479,1.18885278333533,-2.26135572673279,0.536685506716115,0.354683005595965,-0.277336456898943,0.0440607699251006,-0.544867105275258,-1.38131102109375,0.690454332351642,0.29645549263206,-0.734470142547858,-0.790166165241184,0.152089263506339,0.182567011894701,179.61,0,5.157363,0,"V23, V22, V11"
74587.0,1.12530257506237,0.170523062715962,0.262854111883974,0.48371901618074,0.0149518045656673,0.18231336530812,-0.205545538959766,0.249509070079037,-0.161190253553927,-0.188351448534698,2.00086142934368,0.83751035093366,-0.38857774762479,0.0638470415086881,0.953630377999032,0.107233766170444,0.334752026286295,-0.64963441719584,-0.629599589002259,-0.164736971072631,-0.18533789127482,-0.526036814377928,0.182900587833823,-0.340474072047876,0.0218502124920939,0.137892788890745,0.003060142741563,0.0128366035340055,1.98,0,3.8218637,0,"V17, V19, V11"
154021.0,0.209940032347935,0.640239790132407,-1.52163870793694,-1.58328738253472,3.27111363852588,3.2429210165605,0.560641383390004,0.701124998030198,-0.0134039355565414,-0.59061326090936,0.227326438575875,-0.249052662163491,-0.459090896017237,-0.959974999417822,0.186019859324867,0.132482265585353,0.248756941333006,-0.402556298084717,-0.39534968874325,0.11854557041659,-0.386477729198862,-0.880384066396808,0.0731050338462631,0.592954415377831,-0.450233071278238,0.135721051854343,0.0817290672452559,-0.151871745039223,2.69,0,2.6373978,0,"V28, V16, V18"
83556.0,-2.38090176088791,-0.774769438985597,1.17093527129615,-2.27573413621177,-1.87771708721154,-0.316619852816072,-1.20695194304982,1.1415724969492,-2.41759719406092,0.78255683664349,0.96368266058889,-0.542186407606199,-0.454824366279453,0.346756447916514,-0.0845934985363834,0.178365589844923,0.633762422016669,0.578119170173069,-1.1689464633167,-0.157839117283786,0.114484165307355,0.316548861323353,-0.167016505109861,0.191640903589016,0.340490919933082,-0.168834690741461,0.246260762623898,-0.12946052643034,106.0,0,5.1333923,0,"V8, V1, V17"
121535.0,2.2606663794128,-1.44173414325701,-0.804554512914764,-1.64872695939823,-1.29286468152079,-0.42726554386029,-1.26274334773017,-0.0811270032851406,-1.33117359513798,1.72861600014655,0.339067091571855,-0.189280552452697,0.449323267651143,-0.329157151474882,-0.802313609711387,-0.194718407005788,0.0786001850319349,0.56719905078209,0.247089204548982,-0.40764224212987,-0.129463410221072,0.119943457269359,0.190050830143196,-0.425394117954651,-0.231606424507245,-0.173784646455606,0.0163777655204609,-0.0597484555289969,19.6,0,0.8369447,0,"V15, Amount, V24"
118439.0,2.1183552308188,-0.969047419086138,-2.52823843025161,-1.67444484247147,1.62460779354532,3.40954988563244,-1.52674027652182,0.940946376900764,-0.0956136903137453,0.0972480231876388,0.432757719140254,-0.730757781232099,0.0389818722462841,-1.91373109683424,0.747369314540825,1.5899822367067,1.28877709968786,-0.577576207022472,0.0749677020188368,0.117084156660599,0.239463066468338,0.66048714189538,0.140296380568752,0.604233497161653,-0.113315624253515,-0.0675325403982268,0.0477851943997477,-0.0172270089425975,22.0,0,1.8481202,0,"V22, V17, V14"
137606.0,-3.35154794131885,-1.08009011203669,-1.72642484309494,-1.92927797429619,2.82960284383385,-0.263448710342849,0.268242116149874,1.01096390416018,-1.15045722861871,-1.40456285035792,0.173472678912971,-0.075215783258678,-1.818660748141,1.85238706264729,-0.720455723029179,-0.37736144764746,0.307598154912642,-1.1974233952186,-1.37963723246104,-0.420781466071823,0.416791586129354,0.521181250523554,-1.247865373407,-0.772430764117582,1.13613466471418,1.63656447099347,-0.277666230393318,-0.673694758504163,63.72,0,13.048004,0,"V28, V23, V26"
90906.0,-0.272416121510804,1.14160776990446,-1.21470993625883,-0.357353346484172,1.56907132114996,-0.41494051296717,0.95994935764053,0.0935111011994177,0.386456688130998,-0.977776643613033,0.943556887674854,-1.53055113819529,2.19608340031,2.3901137983159,-1.93161422228824,-0.64453479021285,0.300556736079101,0.629538814261297,0.80514936354731,-0.162430228326049,0.214213187082079,0.843391314637634,-0.239086755986227,0.104993466453091,-0.310250347354696,-0.224842736155247,0.0579642894559674,0.122316915279681,10.37,0,2.79751,0,"V13, V15, V19"
140749.0,-3.49792440532955,-2.37640805683871,-0.0251328676359726,-1.99634570072041,-0.108077352926766,2.08830312176141,0.447436954803063,0.654401762313949,-0.913600161929776,-0.473948432538744,0.547258091244409,-0.119556368375657,-0.255914033589413,-0.170167999874201,-0.597963652663974,1.06106630063695,0.554385675109258,-2.31564516875641,-0.0914290836644198,-0.701796989290481,-0.30052238398003,-0.629847930728,-0.60375794196046,-0.889550057821604,0.190739095074318,-0.482555157066548,-0.14931044674144,0.0396474272781545,403.8,0,8.712738,0,"V22, V23, V6"
40309.0,1.19398073355988,0.0301659228495039,0.647065125789207,0.763408561721302,-0.502493049004013,-0.25683035495043,-0.188593808639723,0.0022553480218281,0.241534710463033,-0.06465916485436,1.04260149325335,1.57140494744957,0.623841986177433,-0.150155183437123,-1.18609318480697,-0.205781891499563,-0.206259730105078,-0.163846937779222,0.474145040314651,-0.0741800197905694,-0.0315673733583997,0.1721648748553,-0.105264328887442,0.424404740181082,0.584649305632703,0.418528085417891,-0.0135996500463564,0.0014348549455305,1.0,0,2.8955872,0,"V15, Amount, V25"
73554.0,-0.529329829541011,1.20342392545939,0.346098984430219,-0.134938252804296,0.293200971823556,-0.657699829521839,0.633368370749745,0.250807191990306,-0.726234713530351,-0.646877787390409,-1.4782233039728,-0.412958659454621,-0.171993641108244,0.671250807160163,0.565544007634755,0.255956075195641,-0.407202234554907,0.0591793597305581,0.359056406116159,-0.158019738160669,0.0564043729222189,0.0227599653869816,-0.169385398278554,-0.434149757564344,-0.20238013778778,0.309544973963182,-0.0365231039424671,0.076671221259986,11.77,0,1.4116769,0,"V14, V9, V11"
118569.0,1.87433755349822,-0.462671961725733,-0.507654853963195,0.176502707112252,-0.416773349329836,-0.0493601226390702,-0.549222502689832,0.0715742222418541,0.992984222084132,-0.0814948051768671,1.02799559045253,1.48373364999623,0.806530312732044,0.0638047518087667,0.33419371531205,0.343394046067298,-0.971134028546494,0.810687829844969,-0.0622440584231282,-0.0557137814855192,0.310332761900664,0.953597287436812,0.103717693376923,0.786674914922782,-0.0716877352668115,-0.625013188322182,0.0469197584168265,-0.0259791947428301,50.0,0,2.5990794,0,"V24, V22, V18"
34666.0,-1.13056274368375,0.068933760834123,2.54848936509014,-0.334199087951123,0.20064764225069,-0.311135222954384,-0.14699187764443,0.270945010113095,0.41409329178791,-1.00078463793998,-1.50278664145736,-0.291672210251459,-0.527085492199404,-0.468627356730468,-0.344770966706251,0.515888135496169,-0.578050586899262,0.0821065306388271,-0.461534361550742,0.0016390509562653,-0.0415381753473032,-0.199315472032474,-0.243304529144097,-0.107257093075394,0.352042974970317,0.245960802966332,0.008127885816665,0.070398945128907,4.99,0,2.022013,0,"V3, V14, V7"
135429.0,0.126142429258167,0.791025991404206,-0.162966635086974,-0.218676601364778,-0.245035610493656,-0.653829304799589,-0.112124932252623,0.400377011169902,0.283602045753572,-1.22917022951173,-0.46102886093708,0.622575642827012,1.1189040191303,-1.39663925073584,-0.0083359634336582,0.811688374845859,0.407766364361397,0.561131258988647,-0.999182335324289,-0.170625415276149,0.366949721522718,1.09268133819087,0.179873400599305,1.1267453534588,-0.892894732732331,0.41456807035929,-0.0603836019796725,-0.0031022059316086,21.5,0,4.923108,0,"V24, V22, V25"
70146.0,1.24758505798477,0.236980309550142,-0.0908031497792528,0.946901455337992,0.0923616429339247,-0.481756345467266,0.225463284011663,-0.175926269398897,0.0664479021115919,0.0085733744549856,-1.17676758132306,-0.191651025390477,-0.0466249049482479,0.384438623900718,1.00609008469498,0.306526898090748,-0.718966041599266,0.151875462372506,-0.0623765206396166,-0.0706469217773016,-0.0124667341362879,-0.0591028365018456,-0.225744194826956,-0.446995640892254,0.782386335944739,-0.278781888472056,0.0059116866850135,0.0164525652759605,33.19,0,1.2942886,0,"V25, V18, V12"
126983.0,-6.48346878571983,5.79017999648051,-3.83347156871863,-3.05256339500716,0.526812791494234,-1.03156804950743,1.83589754665643,-0.368893887276949,5.44936062505733,9.25380087533743,0.971723558393183,-0.19105878126077,-1.19204780752407,-1.66942645742333,-0.136504843062044,-1.12075116399544,-1.45569679553505,-0.0871773459206566,-0.388053184509649,3.66832899542579,-0.916917991342066,0.410371230384631,-0.163418037511179,0.0074305816558338,0.959788723325093,-0.0785685727473358,1.0142442641807,-0.443534539640489,7.7,0,2.3711033,0,"V4, Amount, V3"
57797.0,1.12341643460878,0.0436777378356354,1.4431235900481,1.41430416661528,-1.05424236131889,-0.368393760062406,-0.47522420136373,0.0071128840653659,0.708143340711972,-0.235003552892745,-0.315953172699974,1.15598471461928,1.03859873890722,-0.550340809676842,0.0375262826868355,-0.0673305498514768,-0.189279983243444,-0.299510880657631,-0.343264525133723,-0.0697376229989507,-0.0263962752502795,0.173033730889984,0.0196232422188727,0.738691179888875,0.405588061122757,-0.432835760357675,0.0792531628957275,0.0444379040931881,12.99,0,2.1349971,0,"V3, V24, V14"
11345.0,1.24960453088762,0.292687979951457,0.467078119167126,1.49214212815356,0.0346660476146501,0.0796967237882192,-0.121156604408905,-0.147281571505958,1.74733712900163,-0.510793726877466,-0.537196814888751,-1.90948490331052,2.43616540245082,1.09353726103222,-1.21586420513855,-0.226774433772111,0.387236586202685,0.0605600673083631,0.0693705897686291,-0.122215061388982,-0.25576139411024,-0.200625525386415,-0.22455847413104,-0.461889866281622,0.852288938780095,-0.261260249962414,0.0145549502376513,0.0092229245581513,9.99,0,2.8667958,0,"V15, V25, V13"
167894.0,2.02147203941245,0.604781544380118,-2.85876586890075,1.39516071739955,1.38650698800123,-0.561144062918145,0.536131563355581,-0.105930980693517,0.0104502195734502,-0.542270006970729,0.863381495706875,-0.155649587917737,-1.34736785599117,-1.56950535130359,-0.787566306197955,0.446349409387991,1.37256701223171,1.2064139714163,-0.105315407062687,-0.248663956635962,-0.082860513529076,-0.0916994805229931,-0.0562824910613167,-0.0110333993519949,0.479059547160024,-0.507701534492239,0.0002842985135657,-0.0193513927917117,2.0,0,2.4192615,0,"V15, V26, V5"
131350.0,2.08021072997037,-1.00599519448773,-1.37520409268785,-1.02313394464824,-0.541972953095673,-0.608363243135243,-0.538459770505232,-0.0171255199337275,-0.46214003496558,0.998000421603608,0.819858789520758,-0.865799646677075,-1.98189934155178,0.604976688058045,-0.312412602480302,1.13912420091746,0.155540528854671,-1.14742886276262,0.967610065156032,-0.0496328182652881,-0.0016407907073035,-0.301763438007216,0.315925563198189,0.631878299707773,-0.326529456894266,-0.474799452174412,-0.0612537620498204,-0.0563694815785658,57.75,0,2.910513,0,"V13, V24, V3"
40.0,1.11069200372208,0.0819419013829698,0.406063037313593,1.29074038305994,-0.169813148258441,0.120955382832246,-0.080845204793183,0.17437308481531,0.152070726014375,0.0652667231931254,1.02454976986831,0.793137179599713,-1.01503970254654,0.422995451627276,-0.706629551160314,-0.488455357544419,0.0585314477120091,-0.383627225929433,-0.0740676980785363,-0.2198461004264,-0.0560239846247868,-0.0116030864282728,-0.070482892402791,0.0043451914572597,0.60392864054067,-0.327424451316207,0.0298896885491626,0.0049442961758508,13.84,0,1.3328049,0,"V15, V17, V16"
123238.0,-0.431782662751497,0.977345833315812,0.730391414679091,1.06663663587653,0.0934307748821141,0.594788797166021,0.102949082674932,0.6540484680047,0.148487713330168,-0.689496009450116,-1.96836591027563,-0.0909322667231326,-0.867218656590906,0.170550950926763,-0.862062136641596,-0.672238862918634,0.405581921710696,-0.393662776771008,1.28017411084688,-0.186242543127201,-0.394342517138875,-1.06370010229447,0.22869396693055,0.319390438059035,-0.768279233690519,-1.01519239116287,0.130403739447604,0.153636589076003,18.38,0,4.645689,0,"V26, V22, V11"
23182.0,-4.41602443740129,3.79991966848266,-6.06880229512284,2.07219678815095,-1.98632211591516,-1.85925692944738,-1.41225894320914,2.93812492727403,0.816263639309968,-1.34343548621968,0.442245801677267,-1.33901209824698,3.28854980699944,-0.277688942164735,0.178867391642917,1.90137528821119,4.5723311052016,1.98832998146635,-0.725834842607096,0.104849163593526,-0.250395485193464,-0.756656320947794,-0.161073660696874,-0.456437633098206,0.0258472629892539,-0.396202918380325,0.0694851126689589,-0.237077685931636,89.99,0,7.6845064,0,"V17, Amount, V13"
54857.0,-3.52691805063847,3.11615800517897,0.279190282315505,-0.744876750562525,-0.757426042576007,-0.408258193140852,0.170602329157257,0.714713541023466,1.37725347757623,3.06258993342254,1.70867392054846,0.515520974186614,-0.854345469309287,-0.0943451501454511,0.631709628751567,-0.163484342979024,-0.266452525476439,-0.421474579669388,-0.353074197290468,1.17385865062938,-0.517478571385513,-0.443507894490196,0.113200042267398,0.143915238100616,-0.0074372334647534,-0.0616995048871661,-0.363167316573511,-0.877931881602802,1.5,0,3.3025787,0,"V28, V11, V17"
2098.0,-0.424090419804349,0.697775770011625,1.21778955579205,-2.0105381351821,0.230158730348083,-1.21322188818838,1.12644799911801,-0.345011466384767,0.755418090698105,-1.20443103012561,0.230770162072224,0.600228900595887,0.0503816167638328,0.0591995987702882,1.07389491338591,-0.984813507372301,-0.192989276149377,-0.555282845261504,-0.585044638861022,0.0098073498637132,0.113482175530496,0.757391077774216,-0.230293177225734,0.415323236110225,-0.0315866480231621,-0.831131069359964,0.258028155543387,-0.0130445385613624,1.0,0,6.7881017,0,"V4, V16, V26"
154182.0,1.36586812682401,-1.7949146494767,-2.9584242020397,-0.229896715418002,-0.0337206123451352,-1.07706037162695,1.0870939739387,-0.649714096499378,-1.49591490838856,0.986778659239815,0.50851410577343,0.569788289508612,0.375588413195132,0.911512964093436,-0.997234773924091,-2.01516390032566,-0.123689774037379,1.16117934362375,-0.470924705192024,0.300362015435466,0.205735525840195,0.216724962867358,-0.533729238776056,-0.289763131423308,0.349186135713498,0.97698363641517,-0.205006701485318,-0.0276935017155788,454.96,0,2.1204712,0,"Amount, V26, V16"
136065.0,2.06184246253878,-0.307976232912722,-2.78654770060288,-0.777438171502785,2.49992452962194,3.16343650481725,-0.400265931460217,0.715920455141033,0.448457069112648,0.0332289061611847,0.0620942339066804,0.284944315835478,-0.144093725987975,0.69457080684155,1.16583098500761,-0.286162234455405,-0.586906588784058,-0.180099963058657,-0.35555288268917,-0.171442519139442,0.241950060121122,0.745452959879616,0.0403287392996927,0.737381238667803,0.30397657803223,-0.0875596152439227,-0.0006145205229113,-0.0654411548550868,1.0,0,1.929229,0,"V22, Amount, V19"
57732.0,0.628223308907157,-0.630852047461688,0.0962592945512411,1.2366925191476,-0.213065217621135,0.454054075913668,0.149367791749788,0.201993345191504,-0.200280230000538,0.0527244493015671,1.61290681563403,0.657055669798324,-0.767301576421337,0.781851499944435,0.852566310085941,-0.179186336393363,-0.111127489125247,-0.34187974854376,-0.983547001429167,0.258816587271393,0.318766894159549,0.40917388506992,-0.269462033514618,-0.290437559969432,0.380962739896813,-0.262406335222359,-0.0034818800951478,0.0462610964989911,250.0,0,3.8440514,0,"V19, Amount, V11"
81794.0,-1.05640378416255,-0.540883116785731,2.38456843878066,1.3113645678384,0.415682789437172,0.628925519217644,-0.326603068504572,0.336166808502014,0.0383770167536895,0.0685418220598785,0.751554276579832,0.0512204352296577,-0.899804453137715,-0.0536558619601323,0.664774614206538,-0.249664984876728,-0.168375857755183,0.80305458210393,0.713311848754967,0.45904655448311,0.331736059492065,0.875609691300169,0.0502004191814534,-0.309728514885452,-0.159918348754778,-0.13026118692948,-0.0274267801598284,-0.0798177223590645,89.0,0,2.712535,0,"V22, V3, V4"
118937.0,2.27200607959907,-1.31368925650811,-0.984953956618976,-1.66131289281506,-1.06067791515435,-0.489916233330159,-1.05275765674227,-0.16461520021653,-1.58891981720125,1.72080436208283,0.586260898494198,0.225266664184165,1.12266091904339,-0.35595818161156,-0.936430684193519,-0.435185014660363,0.16976195236689,0.263281585428734,0.202976716288131,-0.383806913663865,-0.123994515281862,0.184581470892732,0.174327176236426,-0.391444597530984,-0.143799777934519,-0.157394161424551,0.0128344546005436,-0.0637459808625268,15.0,0,1.1840501,0,"Amount, V15, V16"
51936.0,-1.0862698839232,0.991493575831713,1.8628496637193,-0.583818444967035,0.325539179250356,-0.562723165659356,0.694890886412059,0.076587425276228,-0.334231714476694,-0.551185079680144,-0.302382862859404,-0.220592407681355,-0.516552817027556,0.184727959270318,0.799609769373177,0.171924609892077,-0.328944770651278,-0.835415234048535,-0.989136224415734,-0.0530489212170011,-0.225245535261396,-0.67364432134162,-0.16349229906215,0.0409440158160054,0.175455070248505,0.047790552227585,0.127440334489271,0.107706152154392,4.49,0,1.5077218,0,"V19, V18, V15"
61273.0,-0.353227349141386,1.06838133322642,1.17619499969773,-0.131415413260231,0.226721396909051,-0.476801469629881,0.582853764658169,0.107934813827276,-0.59750582016375,-0.334017718628187,1.15529086177075,0.380673927686738,-0.137035517763811,-0.207692427572467,0.24187482497565,0.68483816463179,-0.348432956252668,0.490431618339226,0.324089984410551,0.114278487304256,-0.238096754272813,-0.655195106771796,-0.071739473162963,-0.0539490119328406,-0.155848343247186,0.075595378051718,0.240940924567384,0.0840123286101034,0.89,0,1.4215981,0,"Amount, V14, V22"
8130.0,-9.17544651365639,7.90602231519503,-2.06833429527803,-0.901682684214025,-2.17891120803326,4.67527659891514,-8.31442486195211,-22.6057105171249,3.09569315195884,2.24144685020863,1.97935217721768,0.0547474105060182,0.472041707782337,2.93541540772771,-0.804330821793804,0.36119490765185,2.51237342677104,0.468013423974404,-0.837286878724822,-4.56661924349734,22.5797142309915,-8.48344112662828,3.63852024881415,-0.533969866104443,0.428589797281497,0.22220529863415,1.1592699374999,0.179528435076774,23.98,0,26.814,0,"V23, V11, V20"
91021.0,1.99384183630771,-0.352648628647624,-0.510234457122945,0.32812570117755,-0.201603595542225,0.305527525652621,-0.81720231974388,0.190792625452495,2.55404124376187,-0.32656986238937,1.08734262642239,-2.2967287935838,0.278504328986545,1.84349500383311,-0.540798846567557,0.611655002021297,-0.194164071473667,0.965309153732695,0.234312210525263,-0.310233996203023,-0.337822182993558,-0.714263489374118,0.361012210096895,0.0462350786480533,-0.441317288756397,-0.676248367927389,-0.01046686644293,-0.0490464819681614,5.71,0,2.4841523,0,"V12, V9, V18"
149594.0,-0.0884782582959429,0.929880901127933,0.0691855154235004,-0.763228110095859,1.01241790104465,-0.608696200839165,1.13581994640771,-0.285079283750972,-0.277370512409951,-0.570010025250295,-1.02380857766708,0.677513156081606,1.16693322523919,-0.130162632279263,-0.865622576585716,-0.287787579760329,-0.481834536449065,-0.814456891368773,0.0514297073707631,-0.104441600915158,-0.0842118385196332,-0.148776369261776,0.0700060057434327,0.710014016681844,-0.940876385946547,0.0600648584262186,0.0332680952417822,0.230759260309203,1.18,0,2.9680347,0,"V15, V25, V13"
36099.0,-0.775416829210515,0.126946235870209,2.42764116232746,0.117770141639522,-0.0807203584110263,1.58399138178705,-0.437260492802393,0.864392849801694,0.586419626137582,-0.845645892601371,-0.0505072639941316,-0.618541535234047,-2.43201091629739,0.101697988389129,1.29527539702338,-1.22482250603388,1.3064865758411,-1.8157071611444,-1.49735389817215,-0.287863613466063,0.127551355406699,0.528753040291057,0.087657260745441,-0.653995153538022,-0.706469837275888,0.384845061840534,0.166633362047882,0.112053691620676,12.89,0,3.434994,0,"V13, V3, V17"
41208.0,1.07665992196463,-0.180164461738769,0.0369185345324417,0.936296552586516,0.216399706642575,0.879116815423976,-0.158094236396238,0.280608665166511,0.367090883875939,-0.0402257091884419,0.0320321072251046,0.514403260127205,-0.681538764344481,0.2817724504853,-0.484294385052278,-0.0512761864237909,-0.404238302315642,-0.0118400706817224,0.40489982682324,-0.057349678157408,-0.190861236110365,-0.531770167704051,-0.176708877684516,-1.16452590492293,0.585138668808997,-0.40232185031891,0.0298405586399579,0.0089641773158021,69.18,0,1.7561829,0,"V24, V6, Amount"
46089.0,0.84242500592101,-1.13925516164536,1.05501398201465,0.627287599356159,-1.20069619838011,1.07113294262464,-1.03098239495234,0.476863520235969,-0.550829432988113,0.746636135128497,1.12965823203702,0.555662344404624,-0.445291103183679,0.0492482356150669,0.322858991912039,-1.54466155460987,0.202240741764414,1.08959055652076,-1.64240377461303,-0.320464110410602,-0.192748112509803,-0.298957750978299,0.0075631761343945,-0.338812189164523,0.0115256844776211,-0.368978728552729,0.0875640827552092,0.0520196606136027,163.0,0,3.568706,0,"V19, V6, V17"
79407.0,1.20322934915594,-0.441953440807469,0.869630362361311,-0.768879023142903,-1.07880256843976,-0.369771165535538,-0.692520033311355,0.140648846452794,1.91173202346651,-1.10571001263424,-0.322960632324878,0.495988437906063,-0.682145740927129,0.0032154654438843,1.59223470545801,-0.705863935569167,0.169068837397282,-0.18504632276368,0.201759138929497,-0.197315339869619,0.0081490220951222,0.277840882109426,0.0013236779038769,0.0810648108102998,0.406326278158897,-0.654804398971869,0.106070417180941,0.0305508972297392,1.0,0,5.740617,0,"V9, V4, Amount"
57580.0,0.928383432358983,-0.74077193808427,1.11900426006384,0.209722086212977,-1.14039016589328,0.321234174785627,-0.694170596387302,0.293802669395746,0.89909092469403,-0.374961514825773,1.3308049960585,1.48547549759339,-0.0295078698527608,-0.320455398424835,-0.768383675918714,-0.269570152846142,0.242971499098491,-0.655505132904729,0.288603473258856,0.0945852451407555,-0.0824170325538429,-0.187203288599098,0.0374579564349505,0.306394355335456,-0.0248062539975252,0.931877830391488,-0.0377716788372805,0.0194788086746434,103.0,0,2.1765137,0,"Amount, V17, V18"
51174.0,-0.500001271630309,0.488969222818058,0.0645433318788253,-1.55042740807208,-0.517458695177386,-1.83293602556229,0.336109848826943,0.0959995296899254,-1.48499514891148,0.173004783911341,-0.459060320918904,-0.683917359509786,-0.248339469970827,0.362781810986289,-0.44005842952201,0.926337603744292,0.366699298994935,-1.5319121668232,-0.194536732913746,0.0348475182835409,0.408397382734033,0.99941446965641,0.0883785625390818,0.739417934694175,-0.661741249148644,-0.442950104203761,0.301951184744164,0.196245783778421,25.0,0,2.6076417,0,"V6, V25, V27"
80216.0,1.42168536316197,-1.22220077658517,0.8943422561775,-1.36639925099971,-1.98012212372617,-0.61557955187568,-1.40536772034996,0.0466150482600347,-1.72221540302551,1.61986796433931,1.19850679970407,-0.672120352692104,-0.511069207212521,-0.0920978702732169,0.233659662510022,0.0346942182103837,0.253006541914256,0.858331922608636,-0.225300297223594,-0.357516433267624,-0.0008194040262725,0.305068740295479,0.0156708612200186,0.513959779768035,0.246602312033304,-0.131569952790965,0.0400523715256563,0.018862385792317,22.1,0,1.3699532,0,"V18, V24, V25"
119576.0,-0.413484197233207,-0.365987248627291,-0.307026132802196,-2.50114318979281,0.696360963785579,-0.597831074089623,0.574944794923245,-0.0862206619477946,-1.27758854104412,0.326532189148543,-0.168344516109535,-0.610608698130152,0.135953216678774,0.0199988005112065,-1.0841575299583,1.59586036459001,-0.825495642856471,-0.29243757663812,0.31218943780861,0.38699654113606,0.589087476315388,1.49045385892961,-0.127896940286026,-0.997166894433275,-0.184537337360048,-0.0912259193833984,0.364967212502042,0.253087923514994,90.75,0,3.233178,0,"V27, V24, V22"
100925.0,1.95329227071638,-0.680051685051277,-0.376987153730572,0.115863334974965,-0.28174735409399,0.965405394289264,-1.21179784997506,0.336419738538854,2.6368858969774,-0.214488149934633,0.639846470265858,-2.44617618306101,0.842535839383412,1.46100285747746,-0.374228983221009,1.17068692799622,-0.449954993752229,1.23712230798799,0.122313101003289,-0.161667209906273,-0.131273987762529,-0.158161925843117,0.214958062661495,-0.47410281085538,-0.551901312479872,0.462249181159056,-0.0588226411257492,-0.0560731342999242,39.0,0,2.6071975,0,"V12, V6, V18"
77835.0,1.22105812356322,0.288755779504656,0.0435371931455639,0.52101693387449,0.127611242461524,-0.266347223257623,0.064723111100231,-0.0727263955955408,-0.0381142353784747,-0.353447928889452,-0.220826364479864,0.499965081529754,0.983344024951628,-0.423426257416958,1.31372924936203,0.316769607829936,0.0349341992240785,-0.648583733438892,-0.359291459567684,-0.0182526134211795,-0.278518972291077,-0.769811940813121,0.0684780534931669,-0.497280033901224,0.233643993042944,0.154210511117045,-0.0059394386313205,0.0261128136459924,17.99,0,1.889149,0,"V24, V15, V19"
59777.0,-8.25711081724667,-4.81446073955621,-5.36530689032661,1.20422986423394,-3.3474200965739,-1.33160147516446,-1.96789279857039,1.29543781710486,-1.67441524280437,-3.42605225253339,0.144562690111297,-4.28352931016896,-0.24089504151477,-3.65749040377527,0.923104767832095,0.844221069436753,-3.94831185243281,-1.8075159915996,0.105878827218844,-1.23398725720348,0.436390207477188,-0.077552722802211,-3.09162435615504,-0.390200885685448,-0.288688941339997,-0.340004217403437,0.0398191045440342,-1.00790031022705,319.2,1,108.562386,1,"V17, V12, V14"
37363.0,1.25707542099866,0.339879156008682,0.3020688780427,0.695295706522208,-0.39130296825639,-1.07886929940204,0.070970124006905,-0.191044386735996,0.0663433627827415,-0.275881640571559,-0.104021030052379,0.116286440792676,0.0025445532622781,-0.243176592635462,1.11836599833527,0.488880291913511,0.0075396972118627,-0.271963016255387,-0.19681183216799,-0.0960758592625289,-0.290460471106582,-0.847907412565424,0.132492292493842,0.339232043802367,0.20869977499061,0.0952039228190895,-0.0244383649640409,0.0302589211743941,1.29,0,1.0413306,0,"Amount, V22, V15"
53011.0,-0.979209815619106,1.54499233519749,1.62520104458657,2.37190554516782,0.0268124673931224,-0.254597673076817,0.312985611764163,0.374127316460712,-1.74805993026743,0.233499498247233,0.141029442378007,0.739110455012503,1.4014348305742,0.304518393091658,0.699624778953329,-0.059258349384983,0.166708297816008,-0.802402653183353,-0.755172998289269,-0.0683073394591104,0.186259032276972,0.377554401712237,0.0192370310906899,0.624775669569463,-0.455144200583962,-0.0715912934385954,-0.102100576245774,0.0815195422710839,5.45,0,3.160575,0,"V9, V13, V19"
39883.0,-0.685299374615404,0.713517512310475,1.80293690390481,-1.32836446721593,-0.245260038162032,-0.874970406073277,0.521069146748191,0.0906054606448939,-0.274504891250641,-0.560097612925279,1.37806146264275,0.656305883654564,-0.228515205409414,0.180353004049338,-0.195579335706007,0.74165765790667,-0.844580096023577,0.0963579213806573,-0.47404463239919,0.0454151897830224,-0.0140235087711728,-0.0471128529884339,-0.0448755419235228,0.565892406884395,-0.401350153113823,0.689151258539794,0.251738122950941,0.166825736864625,7.61,0,1.6088501,0,"V26, V27, V11"
125247.0,0.009619948620387,0.75619255083161,0.157733662633724,-0.779187764991711,0.595365562318176,-0.525717302072708,0.881478822139392,0.0091716863554738,-0.218987941158009,-0.242709378170454,0.453435803363491,0.50133822838396,-0.461096282203042,0.382976307220188,-0.983781924058972,0.162419163172223,-0.697738243516951,-0.178580278096788,0.259045202622561,-0.040412816518333,-0.22669449807621,-0.531956754332068,0.0410741310495262,-0.415175360992837,-0.503397482165135,0.147619943375286,0.241416632106209,0.0827083829258564,8.9,0,1.1585627,0,"V15, V3, V27"
46752.0,1.02082474767411,-0.209395793828674,1.24673381850455,1.13488085902613,-0.592553443034074,1.04933398967223,-0.844871740779869,0.53754564667916,0.684762983107669,-0.110090767646669,1.29332386339901,1.13242691752059,-0.494194957770993,-0.0252603047701972,0.0275831498865695,-0.298301391303718,0.0879075614794105,-0.424714462578252,-0.644057185917868,-0.212120761491344,0.0413063789732451,0.338767779484756,0.0474113585915138,-0.300132783528686,0.223013832376045,-0.365545763189613,0.0991901826912306,0.0204978355018139,9.99,0,3.3447824,0,"V6, V19, V17"
159312.0,-0.98836862205609,-0.385631556275868,2.35067578336517,-2.58448444294106,-0.23796608259758,0.622490697836709,-0.878782848988161,0.449517130310764,-0.665563085860398,-0.134763187443993,0.30395173638744,-0.595631935592615,-0.0207077884686231,-0.731459966771066,-0.185041906434732,2.24888577875942,-0.788612914096051,0.0769078379565464,-0.0288011044375395,0.0305413012434112,0.457380879859527,1.12579000971632,-0.517105916626428,0.247517218381804,0.435347094847666,-0.0951561861878511,-0.0388162260672989,0.0378563921903329,10.0,0,3.7674546,0,"V16, V18, V6"
48269.0,-0.693610587497582,1.08138282879205,1.04052731251939,0.564282042294752,0.174929010065842,1.15219389596556,-0.301607302491982,0.80931780991912,-0.141252274338247,-0.298661741147976,-0.871216200745562,0.552069318561829,0.603614777316239,-0.0174065940938053,-0.463482280401919,0.32228885765142,-0.663313617791668,1.30489034928504,1.49481612855189,0.104350509658378,0.130490855412146,0.614731763111758,-0.440863159559136,-1.34547693139722,0.19464189344706,-0.0786545897568863,0.312460307654933,0.123006705240957,1.0,0,4.1614556,0,"V11, Amount, V18"
84351.0,1.25470225910934,-1.38799596430926,-0.165423463729679,-1.41804209260486,-1.3146272223744,-0.735031302952551,-0.585097574012729,-0.130812698873524,-2.15516553723325,1.59136810209156,0.780854559512355,-1.01019328796884,-1.07366457867089,0.413718560062095,-0.136084929721609,-0.190975541599936,0.339443316658897,0.238514824797396,0.416061173977997,-0.135456726476228,-0.470026151017033,-1.442514398741,0.0540912879342911,-0.110875779226753,0.150234333776825,-0.534357747840216,-0.0301300879330919,0.0262013283529992,149.95,0,2.632122,0,"V22, V13, V19"
127043.0,1.92709163156189,-0.198239653572596,-1.28205645394004,0.95613823883297,0.5297100509187,0.424907367981449,-0.0691729448427881,0.0165146680719476,0.387276235982573,0.338458949673668,-0.333275017227719,0.888511320968463,0.699588838387933,0.209903912627595,-0.42449870350371,0.54387435267344,-1.2548703115239,0.619942360896311,0.288010072600892,-0.0754877657706143,0.0067883175774703,0.0717459931317871,-0.0496147104304924,-1.45931630608202,0.133410715763059,-0.62833678468384,0.021324490006531,-0.0531267640467439,60.0,0,2.500166,0,"V24, V3, V26"
57508.0,0.577504283068577,-1.35333579578091,0.461843216120648,0.614422152813348,-1.57836728211339,-0.873618208044107,-0.034659283172706,-0.075304661421878,0.918860837979675,-0.331118710442894,-0.604346610267069,-0.738554351294757,-2.17843011262436,0.395382475686714,0.732465129864797,0.183737881192977,0.121432008907206,-0.210322842715605,-0.0950317631578977,0.455723364509169,0.127849355682714,-0.367746902829122,-0.22425342377253,0.745319747410172,0.0227925995085144,0.965579331963003,-0.135223717491109,0.0653434478458,342.0,0,4.144463,0,"V13, Amount, V12"
70854.0,-1.27587036517903,1.41601122230868,0.932665400153943,0.964687319684136,-0.463978946890247,-0.164087877527672,-0.0762668973258027,0.609212473190681,0.0022917326256454,-0.312903159805929,-1.64861131036231,-0.356374424833205,-0.98899635125353,0.411230503510323,0.0965810592695943,-0.346196407318613,0.289222182725346,0.0385456280547584,1.07844196035887,-0.254262217243824,-0.1081992558318,-0.433006085450184,-0.0981746600883377,-0.160109510418039,-0.179462121401968,-0.518778728156114,-0.666613220466263,-0.216541899131427,2.56,0,5.199667,0,"V27, V28, V11"
152258.0,1.95719751439687,-0.177690662840487,-3.10393828730224,0.280721645780749,2.90369180279929,3.31321794141266,0.0513512143451119,0.664308825016615,0.0410730376905952,0.266070702177628,-0.254325144562277,0.327221740915335,-0.398132681325707,0.730203486926747,-0.143369136960384,-0.748707436644472,-0.269646097356303,-0.687430640513206,-0.28729853071513,-0.145107944161779,0.0630775155968861,0.20690077122283,-2.20566436676672e-05,0.70916044618542,0.498069065796338,-0.475501044635126,-0.0051041240520385,-0.0619760329155151,43.34,0,1.6525502,0,"V15, V19, V16"
70437.0,-0.762990542236595,0.837249886194542,1.94368622958445,-0.385781524086297,0.47834108657786,-1.05350686819884,1.04475950609571,-0.307330423310575,-0.471879100969334,-0.829166273685067,-0.224047388873813,-0.294699375116966,-0.136593177192794,-0.589714354745249,0.610176716146254,0.527072576653709,-0.285019567523194,-0.190135532765051,-0.62209659983919,0.0715558699262916,-0.268604817493353,-0.787389384024288,-0.167552685983834,0.328457239287248,0.193417694622565,-0.0082556598886018,-0.179988035546078,-0.146180057044159,16.0,0,2.37494,0,"V14, V28, V27"
49934.0,0.0128531717224908,0.365179440422312,2.12599651772815,1.14105990237565,-0.730385803061636,0.976724074538989,-0.826021213416755,-0.350562886424548,0.262738910905153,-0.210507864889621,1.06324820584097,0.84366856960335,-0.656731428842363,0.0804503895029108,0.100614807135475,-0.244795962929647,0.117416037847149,0.164006255105001,0.325724945783398,-0.192113960449032,0.759013332550034,-0.121610173754286,-0.186547730423728,0.0048937025493954,0.872487347513897,-0.196471695949404,0.205183035154313,0.187805075879811,9.99,0,4.7813234,0,"V21, V25, V7"
39953.0,-1.30398234916536,1.0162834931362,0.644154390305805,-1.35382845574729,-0.95160452555995,-0.766596438048303,0.626162334073903,-0.039518953190013,-2.07591204089403,0.627216257424816,1.36366481043695,0.953347826629687,1.04337802884941,0.387260017434044,-0.379074857245533,-1.40602277156873,0.004131071085124,0.850054413560009,-0.058881130014874,-0.666516502207467,-0.497379684226354,-1.26440567008271,0.144547178546257,0.553222059420155,-0.488842570296977,0.569034385963436,-0.712028769721976,0.0026494886892668,82.92,0,6.6233377,0,"V27, V13, V22"
108870.0,-0.459608636015832,0.879924026040911,2.39940961575911,-0.131211706253122,0.0901255876898106,-0.239236839262615,0.551776197201584,-0.25070991870311,1.52077950333386,-1.14750152357578,0.297818557997023,-2.6275751591065,1.58352858924707,1.26734975553681,0.653112181239323,-0.329598483109389,0.357227394394469,0.438518420999389,0.46965151923677,0.0346040403545715,-0.309187673857527,-0.413106906000312,-0.308198239061123,-0.118405890573236,0.244675011476546,-0.72455166826139,-0.0749784212816641,-0.147588239505379,2.12,0,2.6583633,0,"Amount, V26, V3"
124368.0,-0.131845679581408,1.15474799061497,-0.41829041705738,-0.318113086082577,0.339267650897494,-1.20211662646971,0.843104553134209,0.0086460403402235,-0.477022836964162,-0.74647948021984,-0.961191566552327,0.670168713356751,1.19043214016352,0.551214915337742,0.291334154358011,-0.346192460553845,-0.38943937173742,0.0942248336246859,0.0786750755569636,-0.174201695688632,0.476065408958496,1.4312149302887,-0.0779262318510721,0.0472714989782342,-0.779306444288422,-0.237745754950913,0.14460718328466,0.201285066497175,15.42,0,2.5396428,0,"V22, V25, V13"
14489.0,1.1286677377827,0.337573103570966,1.66437011715553,2.92117198226163,-0.770168215344574,0.178471881966041,-0.681582591180836,0.109630028226734,1.46742791577863,0.137136068308145,-0.086414075029612,-2.59174132350146,1.20372741446413,1.11478180671697,-0.989411454012752,0.612913495247965,0.345157437111382,0.129991102080544,-1.04282353525174,-0.238128519505197,-0.242358874472159,-0.318146405690018,0.0630014833967987,0.300323002143354,0.258156282260772,-0.0800655774197788,0.0132017004264124,0.0281885680227217,0.0,0,3.1224287,0,"Amount, V15, V12"
137843.0,2.11506576520759,0.345973398131883,-2.90941876509913,0.17065804420466,1.51240388845895,-0.456457662625993,0.696369961972764,-0.28979434023714,-0.0062820514217852,-0.37117453119269,0.592312571494603,0.910826894366288,0.583983581992876,-0.595755192632461,-0.712146733822076,-0.111052798122666,0.265626651869054,0.602573174231934,0.534240112260904,-0.124557227406594,0.0670991164682076,0.41825125593708,-0.185382526926199,-0.243491073097491,0.678813312769309,-0.0640790726236472,-0.0396518709689325,-0.058325989819792,3.94,0,2.240693,0,"V3, V5, V25"
77154.0,-0.715413746430203,0.608590312773943,1.15550089022062,-0.267565092666965,-0.563747540811752,-0.618897959603515,0.698307698659261,0.0698369023541396,-0.133341030527008,-1.02533539256113,1.50062918076179,-0.417898026653376,-1.59029515148629,-1.07499904137371,0.288234297659522,1.37776850908719,0.22388685433899,1.31107267514226,-0.896071786353489,-0.186977992930248,0.130748607589043,0.239389294462508,-0.0902274074581911,0.411572390517299,-0.216125965872995,0.353896329216255,-0.0623612631790606,0.0084330017316634,129.0,1,4.320486,0,"Amount, V18, V14"
154784.0,0.40288522766991,0.328215634211986,-0.744113633838778,-1.99178701229208,0.801581101935672,-1.20441912907916,0.923327050149746,-0.20956242206427,0.56247848539102,-0.81705361837734,-1.357731963108,-0.468891702515388,-1.12736807084034,0.494550298313554,-0.301145438898935,0.184400988792887,-0.737715470450023,-0.522298490102998,-0.30410890390209,-0.319969159186615,-0.0717137268239006,-0.239702132968322,0.469112901800645,0.557756210224078,-2.21594277181573,0.0711434857368207,0.250285124559098,0.344447641039499,4.0,0,8.255952,0,"V25, V4, V28"
147096.0,2.23799411355609,-1.34984994761549,-1.01200695014665,-1.6822416016865,-0.987482384548463,-0.2698481642095,-1.09398908661399,-0.0898248699342242,-1.61691855737008,1.71006984055639,0.874220035081131,0.265128809678337,1.01647093288519,-0.333950354062279,-0.909377720457931,-0.506460198417888,0.278346615897653,0.194210467066689,0.0786271652871069,-0.348521795447907,-0.101230105839199,0.182081647895209,0.245995032465471,0.706075802628659,-0.178208110040756,-0.214424664119859,0.005988498222708,-0.0515082860024137,25.0,0,1.1978796,0,"V24, V15, V13"
42093.0,1.04754923819898,-0.157449792335303,0.793063047057345,1.37876161040106,-0.326377997438683,0.813994105743385,-0.43646781680143,0.315788969091519,0.581696098522758,-0.10784953717404,0.60765529696536,1.41927286816653,0.0857516543474297,-0.273180806114793,-1.41207703106474,-0.539112222359045,0.0513883435295188,-0.32027886329447,0.147085656105536,-0.102790167076103,-0.0351716637505548,0.192748955997792,-0.151075774754092,-0.262148433183351,0.628925201218855,-0.259190021148698,0.0659013668500137,0.0145182811762854,35.0,0,1.5996925,0,"V15, V16, V25"
66278.0,-1.0695285465074,1.40849440830591,2.49046047168522,3.00056951697306,-0.992167281070311,0.516931778933256,-0.477493837312281,0.753985236588065,-0.650258273565987,0.496172820350281,-1.23044381097636,-0.656270279417634,-0.86413249658354,0.0439978955302265,0.579252905790489,0.0226239518995797,0.46811665840971,0.325264734329528,0.984214961694264,0.104274162973459,-0.0221864827902293,-0.009886443835461,-0.132178642265194,0.373688827626943,0.0378471114610159,0.251283595231637,0.109367006651278,0.0916145526085567,11.78,0,2.5819478,0,"V5, V4, V7"
64687.0,1.07219222197385,0.0207010291300874,0.467196377818723,1.35045833107006,-0.310185529227328,0.007160592106214,-0.0862522015619843,0.180912478407762,0.192563267459295,0.0699497208974817,1.14427551760774,0.662969674085837,-1.41966680855862,0.511724004251977,-0.678477739370633,-0.528622766954502,0.154133613304181,-0.401677465637306,-0.152507575560466,-0.224414261993054,-0.0394084822501611,-0.0119070272794676,-0.0509857414194572,0.213772899617458,0.559815935712501,-0.340841961691014,0.0252913056865281,0.0085173474393757,26.26,0,1.5080352,0,"V15, V17, V13"
145446.0,-2.00096420562589,-1.57445711639469,1.07364251238963,-2.55029239700086,-1.01503279897575,-0.912587838640892,-0.34510989641706,0.411704228144205,-2.16646340050323,0.220443284998171,-1.34506302589044,-1.07490036634246,0.282348944318694,-0.297621115387725,-0.579225748094195,-0.172700393392657,0.467083008352994,0.159911749359279,-0.931888234891772,0.370398197480547,0.0546864591909327,-0.170823695349334,0.128734693746358,-0.0572756239763792,0.727884249448808,-0.129697855242664,0.108847482635331,-0.100925859763801,202.0,0,3.2638376,0,"V20, V25, V1"
54321.0,1.22918933208719,0.835843175152835,0.138886403196369,2.47258184672044,0.311997462431706,-0.80904151958244,0.646099075586947,-0.348314379279678,-1.23118837394084,0.702504978039042,-0.338794543924809,0.497188178433063,1.12937425362499,0.287426459375293,0.0789867940603122,0.276096105286135,-0.545477748766547,-0.642266971749756,-0.893045081773729,-0.0892567461340942,-0.0016205202547161,0.0306669015927635,-0.119345675559683,0.423388833063518,0.770025617955571,0.064519568774228,-0.0323019475387776,0.0127348703992746,3.8,0,1.8576019,0,"V9, V26, V13"
43579.0,-1.05984295435222,-1.94636587562219,0.701026012821227,-0.856294924659471,-5.45074176662777,4.86894126749512,4.5134570329116,-0.833246619431662,0.134262007925605,-0.6992779490972,-1.75629090087491,-0.418419987758662,2.2014968194304,-2.598775588856,-1.04160324607202,0.94956346142552,0.0892410547398677,-1.03914437435092,1.01566827123624,0.606165346402448,0.161952508605636,1.46715223949022,0.403213621107145,-1.15695887180729,0.379451238076688,0.0983512311560112,0.182347932888607,-0.724956776788038,1250.0,0,15.860095,0,"V28, V14, V23"
146612.0,-0.652063253060995,0.822098482699309,1.64148645738188,-0.54984459576064,0.53736647615104,-0.171525641667149,0.943039052949168,-0.0805551817816263,0.261177650652997,-0.608403952115654,-1.02461249398013,-0.571579178665382,-1.14570057662133,0.0089288660221294,0.410020646797197,-0.375840931484872,-0.235605372603276,-0.362122694499583,0.774577003529381,0.176789315853329,-0.577985274039728,-1.45507362558405,-0.119135565264327,0.63319214770273,0.306803703999686,-0.677642114881781,0.118407432318917,-0.0862666301230433,12.99,0,4.8534145,0,"V22, V24, V19"
44673.0,0.741101005770014,-2.18511457881774,0.419778638169422,-1.07819212675504,-1.88415371231654,-0.0602133871916207,-0.813302371608069,0.0210110505802095,-1.73388011532175,1.18293784944747,0.238808725922729,-0.812023747098826,-0.0095399069012909,-0.127353331180308,1.33354501052175,-0.80793274889378,1.14703920944374,-0.967625417405985,-1.19189248736338,0.254263945181875,-0.0929053660365738,-0.636102341123394,-0.010438763858448,0.0405668081280914,-0.200826021662454,-0.405084258903026,0.0098684810090436,0.0838395869954207,349.7,0,4.540035,0,"V18, V15, V19"
125314.0,-1.41019230671474,1.15770528857766,2.78183063499926,3.92714836592979,0.412185616158005,2.1998881139116,-0.183613736223813,0.263400969660295,-0.684133881391717,2.8882307776949,0.35102564721363,-0.257568930012805,0.81029598134465,-1.04204188153753,0.864147760741229,0.712741961610729,-0.862783920617214,1.437032908403,1.30115625343015,0.792795548350861,-0.0708816233281721,0.80432557550258,-0.0657667674970734,0.195248215195558,0.26376015149506,0.517817583824833,0.468965657566305,-0.0846782865282006,19.64,0,10.260177,0,"V14, V10, V27"
146988.0,-2.28323254621486,2.11908110293985,-0.0213145773425766,-1.2452052160942,-0.366875971238375,-0.352601587058208,-0.189367602922598,0.897589201338204,1.0347793533495,0.0038602430956952,0.53039300082499,0.204558543499044,-0.966480676578905,-0.984171203322328,-0.0797351198414452,0.920152769625187,0.280012792644654,1.03652589086256,-0.0240349982021626,0.356456676496308,-0.28259831508265,-0.641523457555905,-0.0069828254296492,-0.644276809561205,-0.0823364982633789,-0.276635805939897,0.0885869966655542,0.12475981624659,2.0,0,4.9010496,0,"V5, V1, V17"
142750.0,2.11224630954891,-0.986603193169775,-0.543351669102735,-0.958603320208165,-0.905681097807306,-0.243403957678313,-1.01417032626065,-0.0332813011471462,-0.269721652406399,0.865631108700099,0.81754668856397,0.705333875840713,1.28125978059089,-0.519044452286904,-0.577622910790407,1.33115424213724,-0.23880937302151,-0.77242406691462,0.773064922987454,0.0761972931697204,0.378595485916782,1.18382350106699,0.0660997906516554,-0.326789271132041,-0.118882011095686,-0.0867477581590351,0.0144680153079863,-0.0575006185867186,24.0,0,1.4402741,0,"V22, V13, V12"
139042.0,-1.03220840422055,0.509167461336488,1.96202638018358,0.776430080650438,0.507202247980892,0.178093614332868,0.0873278421550312,0.387868595759094,-0.348012896782508,-0.103276153199006,0.361914300307379,-0.0153615831963566,-0.997921778117442,0.363911387838532,0.312359552142231,0.122797677488813,-0.475574846395513,0.723146731821779,1.03888490148177,0.281769959309666,-0.186151285100226,-0.60982974451457,-0.133301915386038,-0.491624449265267,0.318481332524395,-0.650181982758435,0.327375940365532,0.142030476860487,22.37,0,2.4074287,0,"V27, V3, V22"
137890.0,1.82011708292184,-0.516675502959146,-0.421484378164681,0.217823990759454,0.0718309636651176,1.22318772771535,-0.790150455179959,0.507221912188518,1.04092386307707,-0.163549189570022,0.131773825458836,0.614637860750214,-0.287663359291014,0.136237629819993,1.62721971153853,-0.851583645635136,0.715180164463882,-2.38889390172688,-1.62311213132132,-0.364235736478798,-0.14431458036371,-0.164255534509738,0.573577144011565,-1.32886386745604,-0.948227163578121,0.245889167759192,0.039523509402756,-0.0578153859753243,3.9,0,1.699887,0,"V25, V23, V24"
128908.0,0.740691819610854,-2.79913461053485,-1.26316278912881,-0.191451781739727,-1.64036034140545,-0.790627530793144,0.277888715145883,-0.251712879048944,1.61233439941557,-0.677054530498801,-0.920612972996201,-0.199736958674454,-0.981915543679489,0.395722776239048,1.39559157760299,0.479853035615615,-0.456587893894289,0.037486976852545,0.109200322806749,1.13974752998647,0.212680076209163,-0.880307844312847,-0.191726447508459,-0.0990427159839679,-0.917546235129043,0.272800653732984,-0.176116684604846,0.0684605744981842,687.0,0,3.8234265,0,"V25, V13, V22"
126219.0,-1.14155893716424,1.92765003845063,-3.9053561494007,-0.0739425941379643,-0.0448578188133647,-1.75699895886989,-1.21741649894761,0.364563278725543,-2.77014774706035,-3.21618771830464,1.28674925677162,-3.27270458494442,1.04221562276303,-5.74894325155799,-0.668136526600605,-3.86597568295345,-2.70505213033344,-0.103907181377394,-0.716811424575637,-0.250582939794953,0.102081332026183,-0.531495912348873,-0.328740974448816,0.393099609976725,0.568434632400261,0.786604529169779,-0.146101643769467,0.0762114890570611,25.0,1,100.44789,1,"V14, V17, V16"
58469.0,1.09603040026377,-0.792544345804111,1.55353769055492,0.493343317181195,-1.45197375107465,0.754394861540651,-1.26916854084656,0.465391479763138,1.73341535763255,-0.394434547660936,-0.0034710675832822,1.08265531335697,-0.674419202495254,-0.900392552858786,-2.10594187998956,-0.122533956219565,0.140658926585687,0.127460237047671,1.01502331969558,-0.0721237948950852,-0.0863922551107736,0.148297215970727,-0.0965666135056677,0.121139121693875,0.255736923877586,1.12872134027162,-0.0048855370674335,0.006415845198343,26.94,0,1.6903391,0,"V15, V26, V14"
121735.0,-9.28137541727917,-5.66363351204525,-5.15183228760841,1.94823014267806,2.55306563082161,-4.08620707867395,-0.178200039685207,0.737336563648667,0.188179299074132,0.472411075569239,-1.43459232695715,0.548251050619421,0.343853184996442,1.58016864205916,-0.121392480653368,0.571949486979193,0.105048853891831,-0.637516944734981,0.696555341392197,-6.0803896214085,-1.40992138375879,2.52000689547503,5.19324664692011,0.227409636493217,0.600789869766744,0.827845551646366,2.5414212975703,-1.51962105591167,47.96,0,12.64674,0,"V17, V5, V8"
171273.0,-0.0834870072134498,0.477841886629934,0.613696332795864,-0.287734311606146,0.95727396185909,-1.07687098891737,1.08219145289468,-0.475518173431099,-0.225344216338538,-0.292266495545208,-0.710481935941846,0.358764345033164,0.646169646579059,-0.0843143516500502,-0.171209791397719,-0.508095431701042,-0.304403466868139,-0.826937102259598,0.421522686518056,0.0858248660221125,-0.160801694332493,-0.246844364879786,0.126424934888703,0.0106821986558002,-1.04122712227827,0.110197310549961,-0.0036971447310804,-0.0005148373558936,8.99,0,2.3592167,0,"V25, V16, V5"
56066.0,1.0460843647643,-0.611461953701028,1.10749587306282,0.103028595522303,-1.25643313667306,-0.118508328136735,-0.7235061047243,0.187596376899527,0.862868499187024,-0.243326632841023,1.00820578623538,1.01235796828496,-0.25688016648594,-0.187412415537047,-0.368124546184105,0.379492653484085,-0.309794943601929,0.1502959493029,0.503048319863648,0.0662448524351387,-0.0293913110075309,-0.0906440559363451,-0.0073822824548791,0.414500789120612,0.0495895160480675,0.966337850796145,-0.0521204557449185,0.0172569403737076,74.95,0,1.4698683,0,"Amount, V3, V26"
40094.0,1.24432084966887,0.298429215113605,0.286517342027848,0.702106101905515,-0.419737830730142,-1.07982288626142,0.0610938624617126,-0.176812288638527,0.107553774703507,-0.270920980627863,-0.15576175444816,-0.0314545548076147,-0.270159083603756,-0.187290019517262,1.14977239623479,0.504275319070037,0.0214290020874235,-0.235057257119448,-0.195005227341531,-0.0998628644915547,-0.289925786666954,-0.874976351686073,0.129200446586505,0.326494453070347,0.197679638398666,0.09575445272882,-0.0275084703807473,0.0307789234597476,7.99,0,0.99387264,0,"V22, V15, V16"
172186.0,-0.451760478844309,1.29086700932169,-0.9094096186047,-0.735982564097975,0.711764475286294,-0.242176883367074,0.495512865162071,0.451573448532897,-0.179124118879524,-0.0306587071356814,0.198377698368084,0.433352849234007,-0.309092119160133,0.906078464369992,-0.103047837807756,-0.0276570055921461,-0.676449476909942,0.819633814511871,0.4078203856718,0.0178416536561663,0.39832842433272,1.27341070232616,-0.0930539125009155,0.244179112005597,-0.693932597428987,-0.23203160786348,0.482070895000598,0.31090470347164,0.99,0,2.5705152,0,"V27, Amount, V22"
119204.0,1.94753857089049,-0.536144431062554,-1.82468152839667,0.455060544416269,0.0992890647800089,-0.744069152361152,0.302752834266132,-0.332579325948104,-1.36024336260526,1.28197341914141,0.473717122761529,0.454265953037324,0.0985194317707315,0.820399247603212,-0.490547524342111,-1.54794318914262,-0.531340286556125,1.44965381605732,-0.832364168627922,-0.475421993721338,-0.227570372986681,-0.346663441046439,0.0142423031743756,-0.454927866939778,0.177362274523785,-0.596822950396146,-0.0178157656471525,-0.0501219195652879,105.0,0,1.7161945,0,"V26, V3, V4"
162019.0,-2.29295054290964,2.42233152877996,-2.25064200640356,-1.23621752966781,0.779373050853025,1.07367659805805,-0.114674698319444,1.43230393774913,0.794718712805568,0.915508545235587,0.896172800598012,0.752150586648492,-0.362754963145038,-0.544274341966607,-0.0435268456626596,-0.0354921433427381,1.02155765421944,-0.851065276895553,-0.999588119563745,0.570579831072941,-0.393890720569451,-0.712029486414835,0.26413370628571,-1.0860878072021,-0.1947342625196,0.261983412453411,0.75602460604136,0.379463764986005,20.98,0,4.9647303,0,"V17, V3, V6"
60739.0,-0.811750273813787,0.522110289986543,2.036103260998,-0.280543532021745,-0.461345270987282,-0.32246116373595,0.42319799608014,-0.0789321167155971,-2.0345764657236,0.470976572331303,1.25095007332958,0.79723489246629,1.17394507744278,-0.022774260248719,-0.102190129240707,-1.40399134856126,-0.405821442426419,1.91047201042956,-0.787557596415932,-0.37518095125067,-0.0516864669002153,0.306646821359688,-0.294785232703341,0.537807713114082,0.505331354717914,-0.217933402578081,-0.0276794142417064,0.0701811867292139,42.92,0,2.6144195,0,"V13, V24, V22"
160795.0,-1.67166423869045,-2.49663604185608,-0.354870708249745,-2.31119257193648,4.24017810480158,2.11385934701151,-1.85050954664296,1.19072159488334,1.15741954759762,-1.19925728822778,0.0476713852585145,0.60049950684865,-0.0240231308262531,0.341062628649215,1.88563283606556,-0.977295421933434,-0.0082718823117913,0.0142036488046153,1.68788020139213,0.764784548294435,0.0906097578335462,-0.398268851772028,0.6160334898282,0.689344700911786,-0.764815036566037,-0.442788380004942,0.164507410712834,0.247709567163133,30.45,0,14.2189,0,"V4, V6, V2"
83820.0,-1.21652157857049,1.01406568549294,-1.16083162008919,-1.14405905653406,2.47327881482916,3.00353439108523,-0.0117438929199956,1.18851345325254,-0.55136373641498,0.0364651816153688,-0.399393383470612,-0.117303533546947,-0.0527208684726493,0.669703147789532,0.717529695003269,0.304830318623307,-0.638481465761062,0.15464814473551,0.359970217520436,0.160084640740587,-0.0201287001280359,-0.176024905771313,-0.207688254166722,1.04010111246963,-0.0676040303347389,0.280056601773028,0.239011815507665,0.144054128140237,22.0,0,1.086932,0,"V27, V1, V6"
78609.0,1.15341194531303,0.350276480344725,0.419552013745279,1.21225465300471,-0.354408218623749,-1.11221825581084,0.356674809734235,-0.333811735330766,-0.231347859001969,-0.0384199510521054,0.110208832972662,0.955871658392307,1.18444428245983,0.170512380749735,0.764399558189025,-0.0997106403418314,-0.37704462682457,-0.402878461271635,-0.513467353380834,-0.0026680460027669,0.0847696219032399,0.269358945962365,-0.104897082061822,0.759800222137851,0.672875539638379,-0.356582294243154,0.0155265982082107,0.0325364936110335,40.0,0,1.8495278,0,"V24, V13, V25"
165879.0,2.15020337516843,-1.0632119498454,-2.16127008235856,-2.75109324945068,-0.332929819513292,-1.44820681107133,0.0981120251512018,-0.538656438331082,0.638983567333928,-0.436722705396709,-0.5711568502648,0.96421824287882,1.04690468869594,0.332366636797233,0.984980374637459,-2.9409240503821,0.196218167519204,1.03876898959981,0.264329547964883,-0.428047570491331,-0.19736230632323,0.0582318936426935,0.0196136017975498,0.699193246862785,0.378649786141838,-0.736462962523376,0.0279975044112377,-0.0391521783211933,69.98,0,11.403481,0,"V4, V16, V19"
70283.0,-0.344713153100468,1.04511577534525,1.02080877761924,-0.211277076535457,0.409611891456496,-0.262444760760125,0.602892859519633,0.119293758430476,-0.60250236049406,-0.343660013294195,0.864866149586257,0.359178550573,0.111878130301058,-0.264932884151235,0.248718282884371,0.782201231008666,-0.490079606204377,0.587953221353574,0.456954193665157,0.154002585362029,-0.255146168877926,-0.707346025069666,-0.10180254208375,-0.409992707993334,-0.0985953735447558,0.0970885978566693,0.23914387179751,0.0814077889235716,7.18,0,1.3609104,0,"V14, V22, V18"
129099.0,-1.74214293549082,-0.483561766311783,-0.174756314520652,-0.169047982024883,1.674932598731,-1.48769373279098,1.91036193297811,-0.771798332229331,-0.771213310270455,-0.0280009348476283,1.15356804226325,0.514473851178778,-0.0699165345909173,0.618173444878874,-0.279771419353123,-0.717629244768661,-0.561572083210349,0.173949648858277,0.820267481784813,-0.43377849144475,0.0866464110696122,0.967982041791565,0.285067339445699,0.138550193172108,0.772341933275024,-0.036985477398676,-0.162797071975835,-0.0949757654234102,120.32,0,4.7499976,0,"V23, V25, V6"
78585.0,-0.340348608184705,1.11406920477197,1.29182004578821,0.0647881979732127,0.0115219486451177,-0.99592414546915,0.684858888752521,-0.0568879709473354,-0.352592945090536,-0.501512480873289,-0.257727669800898,-0.224176769824565,-0.156930146266824,-0.374712160903988,0.923868650673683,0.394705982859834,0.0245839314561273,-0.105892346286194,-0.0889521713308566,0.0927232488908306,-0.267775980552185,-0.711610407434913,-0.0154616457496904,0.326971004852116,-0.17062830382468,0.0728341616557132,0.244420319395118,0.0976273462808153,1.29,0,1.3248799,0,"Amount, V14, V22"
112413.0,-0.153538454740885,-0.142183400652223,0.0204035492893545,-1.62681597295117,0.622791968796268,-0.855380415121707,0.824777585730815,-0.448018836021822,-1.03781507032377,0.645874812150688,-1.77863318276856,-0.872894868645412,0.291964342247788,-0.0856748785321754,0.0870146353716216,-1.31597076026086,-0.741084038772114,1.51114508914709,-0.955079451863071,-0.148405619799538,-0.0994991597974396,0.370173616657582,-0.0653979018726923,-0.694799780767116,-0.566324702699173,0.684618631210176,0.208793181718061,0.0456461028553747,57.26,0,2.3546305,0,"V24, V22, V10"
31866.0,-0.655824124922724,0.759808008311126,2.14425340351543,0.490665646749555,0.103953024755968,0.391045076592453,0.159626265085527,0.109992472026215,0.174639553861913,-0.600696568604207,-1.48340249972213,0.580733757160027,1.43703288217785,-0.795901020680222,-0.115599297637003,0.116686432800619,-0.607320134258851,0.225673159582068,0.304115273792499,0.0261690305348311,0.0064654777107569,0.210598531303103,-0.292794554821248,-0.423009548109719,0.0282670221144099,-0.420763253760601,0.0456060469239739,0.140026010956856,9.99,0,2.3607504,0,"V14, V13, V3"
54115.0,-5.11629837397213,-6.74486125407599,1.10565313536095,0.375365843794732,1.77789847782699,-1.09406410283788,-1.90528123109237,-0.48728787502548,-1.12424201757476,3.05066489675471,1.83108903128125,-1.13824442413271,-0.417318533211045,-0.78051398555405,2.11031308180188,-0.995043780313679,0.912326905871631,0.231064224854139,1.40941130059068,-2.39010384600067,-0.777938593756098,1.14730470371741,1.52130372627002,-0.197130790197148,-0.399083752381262,0.127927041504704,-0.263774490057442,1.08960828015641,158.0,0,10.257414,0,"V27, V16, V15"
143573.0,-0.752659523225821,0.324589148036087,-0.484006934051624,-0.532265155285755,-0.65551521948744,-0.0541624334550485,0.976304460999552,0.200955232785074,0.20460019319605,-0.669121738988702,0.190761221015625,0.818882609748155,-0.0186476954956684,0.412242711601406,-0.78098911524025,0.427389715138224,-0.864209376121618,0.621965017429017,0.0453153977622502,-0.549662775079097,0.174857227299569,0.690268427066019,0.295294072754029,-0.327303164184959,-0.767449454111307,-0.52466286819998,-0.0492770166565133,-0.0325367057983207,206.11,0,2.7388816,0,"V20, Amount, V3"
137495.0,1.0330384493651,-2.4153741183198,-2.07775748559754,-0.128182648630699,-0.211364807568539,1.00741350162237,0.126924790200832,0.033375386729501,-0.378371107068145,0.393469002134369,-0.434032358124981,0.271581533629911,0.44694619571265,0.382996079950449,1.28831625211585,-2.61950244841492,0.671996080602511,0.0664184098762228,-2.24563951480538,0.355255575304506,0.3438659101689,0.561181143695546,-0.318637054916891,-0.308927474545505,-0.172760801136929,-0.0075596897188357,-0.0372479161273078,0.0326849118442893,530.3,0,2.2758749,0,"V19, V22, V6"
33936.0,0.827985623367864,-1.49642068450706,-0.864503788035613,-0.569517260944447,-0.268300154837466,0.350080272227205,0.172385753120191,-0.209714020436826,-0.897010930419092,0.399015923071464,-1.5941954781165,0.136551196251614,1.4390132925692,-0.161284346282425,0.242058955477573,-1.68533309657927,0.0358888205063429,0.546705512856238,-0.40545891967956,0.245804468794403,-0.303398302248526,-0.921019296348883,-0.449468930066763,-1.22434576617633,0.461250865683666,1.16968306073405,-0.109595396950743,0.0397409377630635,334.98,0,3.4433966,0,"V24, V25, V6"
93864.0,-0.927403173411305,0.201563253403955,0.951279968184691,-0.596959307651351,1.19164660692876,-1.33806555005781,1.10556782144851,-0.503952708139027,1.66950382234641,-1.08999526334748,-0.243087029486992,-2.96933659613066,0.339765550296118,1.57440595287914,-1.35568512501388,-0.348142070029863,0.174718825766733,-0.20765260927052,-0.559053399277662,-0.319544161046425,-0.378713771050348,-0.612777645366663,0.228152836330462,-0.0806514606677095,-0.0811689945295235,-0.726917164476528,-0.183104599086072,-0.0755221376041304,11.48,0,3.3477037,0,"V15, V12, V27"
65990.0,-0.7084778893758,0.855053140990449,0.584464184109164,0.61476328546261,0.754670856542547,0.797521814559236,1.5081595259832,-0.398022768477685,-0.408781283147902,0.227538113668519,-1.25341890021813,-0.386779620573553,0.488624359113423,-0.0308304975128668,1.35124149199924,-0.15519248544068,-0.571801528113581,-0.521216243713481,0.847582144693353,-0.128199113404649,-0.482240007376942,-1.13748182725379,-0.0468338563587232,-1.3717298801663,-0.626146914719658,-0.787670123260384,-0.28973569020684,-0.0232680439471697,152.15,0,5.855584,0,"V24, V27, Amount"
133013.0,-0.384257331295977,0.28090326011889,1.80543221011457,-0.789683148519261,-0.244597251490982,0.295843871797873,-0.105898124778398,0.381433209000447,0.480207631401347,-0.648257393445291,-0.137195451794322,-0.220128742161644,-1.3407103021681,-0.0128886267763174,-0.401071557574754,0.902120915395888,-0.976028030784174,0.956288767993503,0.150231082748463,-0.153344922166788,0.0895803882435594,0.256278593575253,-0.125975013007207,-0.507204598251927,-0.658967732425963,0.3419410757166,0.12623034717179,0.148045145442789,9.99,0,2.0906765,0,"V25, V18, V13"
123456.0,1.65793469395513,-0.802204375506107,-1.5835116846749,0.459513113252963,-0.0935168920201669,-0.631711233497921,0.355550779329458,-0.184774668786064,1.11199280649716,-0.294901425781647,-1.07941931609418,-0.132769007723078,-1.38151938594173,0.627966282582858,0.281703766396124,-0.512635378512632,-0.116841378093019,-0.431038569677551,0.196939539471072,0.0783884244711781,-0.127116739067284,-0.706935192667898,0.117836027618609,0.607754303997614,-0.087777127676575,-0.902046256801979,-0.0339295282197854,-0.0091768001015936,205.0,0,3.484014,0,"V26, Amount, V3"
73177.0,0.952838421379068,0.0400707779654899,0.939314306278429,1.7981484240362,-0.55068752718812,-0.239436298810755,-0.0395218006965862,-0.0180063591553005,-0.613720930525146,0.416232895113473,0.242245222309368,0.549074735936886,0.836151874391383,0.0312559593390693,0.922987921520599,0.563284413756995,-0.245244556404671,-1.1773199153435,-1.22395267613892,0.113546808367644,-0.129735689231713,-0.614531475447984,0.171551445850911,0.433025923173816,-0.149543696468981,0.669460465853333,-0.0619738265106203,0.037967282106389,103.41,0,2.949433,0,"Amount, V19, V18"
115984.0,1.98759060326548,-0.219404534463215,-0.619164513790942,0.449845458464687,-0.373816658424817,-0.0954083592253197,-0.834914698341602,0.105274675755921,1.24636590563755,-0.547252465018257,-0.703922364840855,0.226870422188596,0.712608671568709,-1.74409681907099,0.929717745816774,1.1782339490208,0.171386541176608,0.706120433729143,-0.429746146980986,-0.0682284852933542,-0.0431789201901409,0.0280334276594824,0.282453609744154,0.396852620641435,-0.497120551488042,0.353507725550268,0.0100329327974132,-0.0021372774981428,10.92,0,3.5257158,0,"V14, V16, V18"
36667.0,-0.259929002083362,1.17825283098661,0.959979490059863,0.893219385436326,0.138210972372301,0.308575102294645,0.162052953807672,-1.69380199619053,-0.458626294523335,0.466337287499373,1.69883656027591,1.08211012469158,0.335652913519749,0.268162202869116,0.435957015724022,-0.360334310426689,-0.230094064845523,-0.0007749121026808,0.0647089402826919,-0.343919749735959,1.69255344691059,0.241576139741556,0.363848070309779,0.201666913830162,-1.19132961891217,-0.577198699174803,0.159677462077353,-0.0405580508882943,20.0,0,4.73937,0,"V21, V25, V8"
134927.0,0.22775297351002,0.363267318853163,0.900180946728596,-0.764896349081804,0.595134849700473,0.398174535250649,0.431471053123778,-0.109897022174406,0.811593891488976,-0.669934012113749,-1.63530144417151,0.262202634402689,1.0692507705229,-0.770751990896769,0.0547178228875682,0.214568962056839,-1.06675438649393,0.47139068511181,-0.13798961700834,0.0037879722075149,0.173836970673115,0.874505865161314,-0.242039487623999,0.0754084988265498,-0.224009958092042,-0.309054886234289,-0.0482408988135759,-0.163135303118851,9.99,0,3.9409413,0,"V22, V14, V28"
170212.0,-0.458114210698837,0.681015626684982,-0.249261338059826,-1.46558759988863,1.81300596204671,-0.561454658050944,0.991888055271003,0.0244707397324282,-0.439414230308252,-1.26532853681618,0.580401564793082,0.674039193862126,0.216963865424696,-0.875707531998024,-1.66256613091342,0.937622787351151,-0.412980868538713,0.185653937999811,-0.945067311634619,-0.142426530406724,-0.172659809061481,-0.610076060597434,0.0528863091042717,0.122455519691632,-0.72532589061361,-0.142054098923387,0.109780148662555,0.218263647982624,0.99,0,5.430315,0,"V15, V19, V5"
160269.0,-3.04964646243707,-3.47434665089092,0.681361499749215,-0.069684247737687,1.17373451418025,-0.878455792830865,0.185973587626359,0.234341654858482,0.73506639706275,-1.06226371555292,-1.38950246273796,0.0759096738308035,0.281562673807746,-0.215723831997356,0.248812226564233,0.187362830085811,-0.64201552282456,0.638755470484368,-0.295673765632654,1.81768152609419,0.700646615383092,0.629418689035805,1.42223866921399,0.549354776647444,0.155454940786292,0.0613921948312869,0.134032327679439,0.317924841018941,500.0,0,3.4793763,0,"V27, V28, V20"
68133.0,-0.928688890527376,-1.16185841345985,1.31677256844919,-1.71588544408817,-1.00560575365418,0.252068159642511,0.295229164011768,0.190718919695228,-1.03983499900844,-0.0204531906174657,0.204092452985215,-1.02809678632435,-0.612479296830001,-0.203850092794762,-0.0734751017662409,2.13975908298571,-0.713221716178776,0.246999051467944,0.250855197974246,0.700617412339627,0.67263010247715,1.19831955771829,0.400478313155569,-0.525405253995258,-0.167843337542871,-0.234031340430521,0.0421290718714865,0.161248481399456,278.0,0,2.4690883,0,"V18, V22, V23"
111779.0,-1.79581266970471,2.21460972895856,-3.41837967979253,-2.37671871986101,2.74685433941418,2.5645759660516,0.302829868075823,1.52167568484402,0.0584989143699678,0.633561277386509,-0.330960105091696,0.247944261013518,-0.351796767473173,1.20693290880144,0.234838361874481,-0.603330777680741,-0.190296655763451,-0.506353468741931,-0.421396487245461,0.425366769364296,0.181767217314841,0.668572280220749,-0.0385599836183514,0.73205251369521,0.0328625066818589,0.136654917936154,0.687522151980333,0.439274382484351,0.75,0,2.9175715,0,"V3, Amount, V28"
31307.0,-1.51755972154224,-0.357382162707267,2.42859860537846,0.513040053364466,-0.479630617750728,1.77310349399035,0.581929089267044,0.257772017248207,0.798661578629645,-0.52226059638287,0.854052269827588,1.07623125809834,-0.347640606300523,-0.95942759954252,-1.61874208918611,-0.51349734754241,-0.0149115122254683,-0.545613095531451,-0.89990010231232,-0.442768344402857,-0.0155022269064692,0.721914194003954,0.0332071176450512,-0.246121080559332,-0.204693124205687,-0.484765215374004,-0.0333443293581607,-0.13240585072523,211.24,0,6.1312284,0,"V6, V14, V19"
76278.0,-5.6988885749882,-6.40875978695724,-1.64522090626725,0.79595864119249,6.13967433199513,0.397343067688959,-2.19934087638637,1.34221325355783,-0.1215518518189,-0.0879112780703167,-0.406344900853038,0.256781935309252,0.429418162074609,0.724035121505387,1.11087982356226,0.744657632736693,-0.829048379367417,0.328084543653904,0.606003990897535,0.0871552920072151,-0.0656431344092915,-0.348375067620066,2.9630641699481,0.988343177139672,-0.399748732717744,0.0282786031765686,0.282589734054856,-0.153533982476375,54.23,0,2.4812171,0,"V5, V7, V25"
114525.0,1.9348907407324,-0.288301755724377,-0.925925499836966,0.0271012791496501,-0.116756228595808,-0.477838855923205,-0.133409663289389,-0.026433258088148,0.289659087921721,0.233263582516602,1.17107398790365,0.901214659128092,-0.14305629237945,0.566319491258451,0.216208446938821,0.656769481837254,-0.82147226920276,-0.259134159277015,0.29595473378457,-0.088807158679627,-0.388246479814024,-1.30961044784107,0.54781338596523,0.708301714375723,-0.759658985636751,-0.0389239919910304,-0.0853301727283526,-0.0441536473606392,44.73,0,3.4910514,0,"V22, V24, V25"
59835.0,1.39478700368017,0.252480069460773,-0.469121547272446,-0.262127145218208,0.458402978716525,-0.485055965257589,0.379247152394179,-0.300907049860633,-0.167086747373694,-0.172794112577296,-1.18166797704636,0.49217721408742,1.55622504526153,0.0853744021447624,0.81279416980726,0.465313133438575,-0.78440239501284,-0.710647771148696,0.79793605095362,0.0590671391635266,-0.519576392183738,-1.48619376594884,0.0182969449154841,-0.96095131850035,0.329802415379914,0.704238720993134,-0.0949846301824503,-0.0071690789510373,10.0,0,2.7900877,0,"V22, V13, V24"
53641.0,0.976153494824043,-0.0172975738232629,0.841573433059272,0.911424130373308,0.136195967668186,1.44028571011386,-0.536345467899684,0.504730739401342,0.206687166652124,-0.267007476390332,0.709430285611887,1.04042520889012,0.852949819881749,0.0760835862153707,2.29855971302507,-0.808044292639755,0.542389641136442,-1.98923421032813,-2.0549910154235,-0.172531001461583,0.0814778643568187,0.399636607137821,0.159314724793223,-0.964878719398441,0.026351422751916,-0.387930414233028,0.122203977812311,0.0274615589514674,24.0,0,2.1994514,0,"V19, V15, V13"
115961.0,-1.21729652085652,0.12134001401787,1.88754008061718,3.20501852007952,2.06912423534822,-0.0370474315871216,-0.155988837407368,-0.023867758213422,-1.15977396214073,1.22395996930942,-1.22628832753559,-0.260044972805166,0.673664044534936,-0.475344982135985,-0.49518369114733,0.988849789224264,-1.03432718534043,-0.299955094887401,-1.06374328355802,-0.220233769180587,-0.241518799102836,-0.50364499219006,-0.0693995927730123,0.696031194171369,-1.00867655640134,-0.484432918981044,0.0812741853234831,-0.0746994220856285,7.86,0,5.759162,0,"V5, V25, V24"
101697.0,2.08768753941897,-0.0503292045476585,-1.5036157277538,0.40129046127251,0.558070711723322,-0.264576684047823,0.0426081918129891,-0.230398189713945,2.24010916615974,-0.485539071072048,-0.739549703669309,-2.59130899467578,1.10439839876679,1.79666341101405,-0.627410186064689,-0.200244599612079,0.235302485985026,-0.036702131473355,0.355654629134628,-0.258416797579998,-0.451474299929647,-0.951640070304096,0.205967372597924,-0.133273194627568,0.0211300504286176,-0.563562896479915,-0.0495401489533489,-0.057729922881726,17.52,0,2.3953214,0,"V12, V3, V22"
41851.0,1.03829719066377,-0.176104943924882,1.0259117080502,1.05246311716548,-0.61934043997066,0.544664525285851,-0.705634337938296,0.374751410405528,0.343991168463673,0.133878721363109,1.04648152781892,0.442486236629883,-0.635297345164596,0.331308235641634,1.07041271063093,0.716830752782128,-0.75543804198396,0.586360445899155,-0.655066582831699,-0.0982561414631027,0.175588791650208,0.418602886384288,-0.0538268454326902,-0.327310662729531,0.239864306587003,-0.330420927143388,0.0620712040781266,0.0288203988436107,45.0,0,1.6996377,0,"V19, V15, V3"
60198.0,0.493705309888209,-0.793018674274447,0.0730749817132675,2.6817554262826,-0.24259388803029,0.641133885195904,0.342055407437108,0.113349214267091,-0.460517832493338,0.569614095579559,-0.0788019091794141,0.13617676617264,-0.850114791952682,0.337374869653333,-1.20691248651979,0.703554790827276,-0.695573847743869,0.274166110202274,-0.0913587035126305,0.529700015584433,-0.021351229977152,-0.815152975508538,-0.394728534220475,-0.519105332553764,0.413269823264329,-0.092200051472233,-0.0754243761354123,0.0635518921121275,358.98,0,3.7660782,0,"V15, V22, V4"
62468.0,1.25712594275853,0.344870413902446,0.303501378575451,0.694626218295752,-0.385154276450083,-1.07723011138914,0.0756444304884769,-0.194958515001753,0.0559113652669422,-0.277905197276209,-0.0922716309689299,0.152928359329446,0.0714412592434835,-0.256887891483359,1.11080684853694,0.485648487403634,0.0036026368504719,-0.280415814210599,-0.197276994415397,-0.091661611792301,-0.289668326082438,-0.842264929770387,0.131665328520966,0.341118375908154,0.211030932370222,0.0949730450701554,-0.0239879703907732,0.0304068891316991,1.29,0,1.0389991,0,"Amount, V22, V15"
63596.0,-0.627415320900569,1.12312847548417,1.56080430390735,-0.0762106723393556,0.223045541695499,-0.904104084803731,0.938718067724214,-0.15562798000468,-0.392705096092327,-0.595656551659112,-0.647701054959819,-0.0678349915133943,-0.112670414425053,0.154822185636471,0.268843971540509,0.36650927822627,-0.796996848043173,-0.0892357588411896,-1.05642425610342,-0.208429247848895,0.0676285995796253,0.0949121665820234,-0.17600900484744,0.359547882135976,-0.0587373114709077,-0.666740543290825,-0.0197119868091519,0.135237390130415,4.65,0,1.1849442,0,"V19, V7, V26"
67449.0,1.39274202014662,-1.19728479372151,0.927426310538739,-0.68837994200905,-1.15488206261623,1.41284365929321,-1.76304735682832,0.534453903263914,0.71619577555789,0.461903583789967,-1.17307188218592,-0.490457547125339,-0.73283811444114,-1.10889935240413,-1.84046743308025,1.30457854080998,0.0682023434814098,-0.186638382320177,1.93717991139835,0.0309206650511293,0.0650077528568654,0.480303920452066,-0.30353355136318,-1.34275177594117,0.648735392281213,0.0472122411403305,0.0741623303451501,-0.0028063516395622,2.1,0,4.177252,0,"Amount, V11, V24"
150561.0,-1.0748863483734,1.40211076305321,-0.196740019539569,-1.06294633431991,0.0370005331293059,0.140911901405953,-0.425795154471547,1.14047795424097,0.0457419802691771,-1.50117381726328,0.262576912972919,0.695732833909406,0.136443146983059,-0.726710809164705,-0.261884610886182,1.26598114783676,0.180961962615322,1.18593942535306,0.174416535241976,-0.138197043220621,-0.173895682886664,-0.702416470249558,-0.0035756890542521,-0.0485124141062336,-0.059373224206652,-0.276390261784573,-0.106066003330639,-0.0340148279605459,4.99,0,4.5917935,0,"V22, V8, V16"
81619.0,-1.03800482632015,0.370206500571457,-0.243966409584608,0.942830545884019,-0.63726692418868,0.498614975473211,1.50239092652848,0.402041610905703,-0.750190176255648,-0.362250973811116,-0.0441787850716851,0.294359723336715,-0.399566221575742,0.773073927701465,-0.535524669395428,-0.147793853959661,-0.270452762876421,0.817102638136821,1.17390512638506,0.703781269115374,0.304961143285986,0.425150797371396,0.591841031663113,-0.531932034801513,-0.146000975113795,-0.298137476679541,0.211305456583085,0.19813797244865,334.4,0,4.102697,0,"V23, V20, V7"
152585.0,0.0375635903492095,0.74795014222284,0.262044291809268,-0.578310476603119,0.302267188392467,-1.08246959475861,0.882120764252481,-0.0906085667103198,0.195895697283391,-0.370693763689804,-1.14753137113944,-0.687974835511281,-1.58509808742872,0.434393075329985,-0.181499908224987,-0.0776755451356192,-0.261115640587282,-0.643044649952972,-0.14452340826056,-0.151618280824227,-0.274202165678253,-0.677897943564349,0.0904318188134613,-0.0634272440680331,-0.559035195552547,0.148816963990969,0.240696134994715,0.0932878523244215,0.99,0,2.0558896,0,"V13, Amount, V15"
157729.0,2.05392096730951,-0.485047366996594,-0.421359083552135,-0.567622981936313,-0.788849048074937,-0.850626070675346,-0.576219174661075,-0.17757858193835,1.27368729638622,-0.286011765480416,-0.534563377854391,0.894949803577948,1.21925877666629,-0.290118178572024,1.027042043393,0.262284908789234,-0.557635011113767,-0.176165265043644,-0.0678702266938465,-0.111311705226173,0.17856957630193,0.755374978682321,0.18581094850823,0.021985553249536,-0.358174437579049,0.905651567245641,-0.0422885503453461,-0.0541647381111306,1.0,0,3.37185,0,"V22, V26, Amount"
154555.0,-0.823051308331335,0.77653311923178,-1.2507317640447,0.985737132838089,1.86136976046221,-1.38499308738919,0.919210831402667,-0.0104661458420552,-1.22224679788932,-0.0061693408545787,-1.46279806636466,0.478868227845607,1.44284453864036,0.878809692544633,0.149201703459909,-0.696938382614051,-0.269159256854303,0.0068392025699263,0.771055014058558,0.30164363410737,0.374169673855545,0.951699990617273,-0.288176351685967,-0.587590016765142,-0.181354643962981,-0.355843067197943,0.377527946512046,0.0840769174319121,8.0,0,3.2514672,0,"V13, V5, V27"
152251.0,1.27799146604093,-1.48620386620662,-2.16892102270473,0.213322067947582,0.12591411765999,-0.108472776059254,0.604366297964148,-0.247492422508544,0.0923898405037381,0.129531946519472,0.482793368338483,0.757721318257931,0.472347954260341,0.607707071095645,0.0392559012663392,0.487727260232153,-0.980707179536771,0.501213754676299,0.173518285969271,0.738581075817544,0.474059411351345,0.467956357179906,-0.38463844395673,0.195316443760498,-0.0157546711610079,0.726611110575517,-0.177937032097461,-0.0054139276289606,429.0,0,2.7870712,0,"V3, Amount, V17"
50577.0,1.24591284808871,0.234005626620303,0.119911753822245,0.630883953797132,-0.279439711513809,-0.878240823774076,0.0538630338601839,-0.144182719625857,0.165209937372237,-0.269242714181245,-0.511576723058681,-0.270068308845564,-0.435781089491946,-0.160088316358035,1.20239463434215,0.619934820684004,-0.0938478561686277,-0.0888449556373446,-0.0637894813945013,-0.0786707977628158,-0.308584786732846,-0.965358587541113,0.0775971997552666,-0.0339254398815084,0.2327684249375,0.117209420196721,-0.031742314461456,0.0287828000009111,19.99,0,1.249646,0,"V22, V16, Amount"
83211.0,1.45460250050386,-0.454275523435372,-0.466653980699518,-1.0981437137939,0.0207532827625699,0.211657155649667,-0.338770176046664,-0.115352126967981,-1.29404347092663,0.820771189975448,-0.107173319590349,0.701044561668576,1.93606071464037,-0.0330078942476108,0.117830601679813,-0.695004057738046,-0.974863802652751,1.75989941097351,0.167427617081651,-0.286739866333501,-0.423246383125229,-0.725532917189817,-0.211711775514418,-1.31697013039396,0.518366319047475,1.12332340694275,-0.0654576051681306,-0.0171215945519143,23.9,0,3.137435,0,"V13, V24, V25"
69422.0,0.907645337502046,-0.847568079226826,0.932110181957602,0.163713918224308,-1.23069869141556,-0.0565659559030871,-0.613617326605888,0.165335833171939,1.05983580425743,-0.423132683923357,-0.428518741184733,0.0360825925126412,-0.657135962521953,-0.114356394549814,1.09867854356301,0.119568663889975,0.0956731522808687,-0.577460030815749,-0.319259864271492,0.151514358893036,0.0432180516248246,-0.0681611090528907,-0.0263903131771562,0.14508798505203,-0.0644187858549259,1.01580827822377,-0.053118853184481,0.0369590954179295,150.36,0,1.7698019,0,"Amount, V26, V15"
39918.0,1.09180710321558,-0.016396514729288,-0.0470039098448646,1.03469953645507,0.810138601874219,1.83560435112397,-0.273584733056516,0.548034310473656,0.465118198804304,-0.242376811294515,-0.695100279277062,0.0866951798187839,-0.897379349198213,0.276877373554169,0.897225062882448,-1.41342872070558,0.933552607687348,-2.09680566303357,-1.23663719659325,-0.336524530036884,-0.0785578631971891,0.104914054012704,-0.0523720680540088,-1.81913251711682,0.506236198947586,-0.157730884389911,0.0894166355615522,-0.0068904318595447,2.0,0,2.600583,0,"V24, Amount, V6"
141356.0,-0.638952692855401,1.40451701974505,-0.462563178325704,-0.249086287669108,1.51835744120604,-1.66102232576438,1.20209231501673,-0.355501291684913,-0.467297913340256,-1.92775541951059,0.16995511814617,-0.230840347230184,0.59459518542777,-2.78592376141287,0.692196612426959,0.604147138839836,1.73520287175763,1.25799171790067,-0.783880195202693,-0.0009565419325869,0.207608332517255,0.667736677141197,-0.471206733653351,-0.202721968996326,0.278131584650548,-0.116915582805764,0.0100290748103665,0.237282576017679,1.0,0,3.3516517,0,"V22, V23, V10"
150243.0,2.12408432247612,-0.87849402212951,-0.881283597008305,-1.05909359587887,-0.69401889429077,-0.488370033906271,-0.751095147285998,0.0089780891415548,-0.456606308081063,0.937192478436677,1.0374121887996,-0.139563208912639,-0.651360023417066,0.194113159899099,-0.293426388476211,1.41624422480359,-0.0754851211119036,-1.26098313950225,1.04505730052242,-0.0201743129165929,-0.209010539346898,-0.814018610372763,0.5130369228935,0.680175023972017,-0.603129360824993,-0.743308981313741,-0.028948889616749,-0.046044444746864,24.95,0,3.3092554,0,"V22, V24, V25"
161472.0,1.49051262550621,-0.649677716551459,-2.82638137573114,1.45269051879548,0.737092367450013,-1.11892469519017,1.43459143781097,-0.59129415760432,-0.206189989236487,0.264287241112716,-1.09373934390074,-0.359397089458404,-1.00819943431793,1.13130110005516,-0.16569295833915,-0.740284034106235,-0.199970102325582,-0.250769020954264,-0.356557333642747,0.328459031470796,0.480151022846707,0.777687668801126,-0.468977295451897,0.776383982778229,0.759260399264689,-0.260057506731494,-0.125263487029309,-0.0177388407010876,326.0,0,3.1989589,0,"V24, Amount, V3"
82874.0,-1.56919542767081,1.61491664101014,1.03440264022629,-0.354628186624494,0.960933395324288,1.24633012934389,0.745071828077989,-1.36681938355836,0.866503179025761,1.86531672236598,0.518776982414183,0.181356633833328,0.473132319286781,-0.888876784340102,0.663547543704783,0.0504595007380598,-1.38905924724346,0.649130260324146,0.0020308498847435,0.204230279139158,0.87862149169348,0.714730825718352,-0.345962708893596,-1.34702057148694,-0.201764032154015,-0.451322526591798,-1.32576397648431,-0.906944226726717,18.99,0,6.2325225,0,"V21, V28, V24"
129113.0,-0.939846700733242,0.439379003144423,-1.96155848531263,-0.853450481809799,-2.0496787765487,1.56721949336189,0.344401750974159,-5.76539759252291,-1.57612614045352,-0.0236429165397127,0.171145130724715,0.653081162266559,-0.497152068464325,1.06231329434619,-1.48444711747275,-1.34290028173575,0.0407314018578406,1.06671733059099,-0.877187486592943,-1.10808641755674,0.465418409298329,-1.00215437730474,-2.1302905373501,-0.25131441483423,0.296903317791351,0.45344070053337,0.830563015945945,0.0667108220552763,716.26,0,12.199451,0,"V23, V3, V28"
154553.0,-1.33479576831607,0.784525908782039,-0.184299309824413,-2.0378848732962,-0.634759866478182,-0.606365306509607,-0.60908221458044,0.949852156020511,-0.846505567820612,-1.07970833414912,-1.059275380769,-1.37744968741681,-0.791027095734017,-1.49394472624051,-0.244667872344516,2.10666183448463,1.49192749964073,-0.210356298757729,-0.497817989377914,-0.0815385117089156,0.336684981480622,0.685521163024748,-0.15390706144986,0.540582800430902,0.0631026930497512,-0.1975677509232,0.0112550833814579,0.0652083693309106,29.99,0,3.663549,0,"V8, V17, V10"
113658.0,0.200726887916347,1.02271748928109,-1.41462327982166,-0.15787372105895,0.559383708191784,-0.922754456918423,0.60115476235274,0.211202565190937,-0.0108280127405006,-1.17343044694476,-1.38002599786435,-0.716795595211283,-0.577784500368429,-0.516092138280429,0.842671994486665,0.443373892755375,0.487803225464602,1.01682531693335,-0.0534590199378891,-0.212530344207365,0.284960074397732,0.753675654125994,-0.110348750315889,-0.877037962914565,-0.196905801245705,-0.097948784348529,-0.0790046195044059,-0.05238476628949,35.95,0,3.2079067,0,"V24, V22, V3"
164580.0,-1.00563164546464,2.00682994291501,-0.964220680546119,0.860306018155832,0.604183525903087,-0.518112641472691,0.637494021498789,0.648363991528053,-0.886417437364407,-0.151665594063906,-1.34168565674503,0.440898227407983,0.392185626843033,0.933929115124249,-0.388458633982299,-0.973068089267937,0.44991205642083,-0.317164067436431,0.746898751960956,0.0105079417093189,0.160030201760372,0.594028497131906,-0.176609857670745,0.699765913524299,0.163606346299534,-0.397905209620078,0.299276331689321,0.179109266033515,1.0,0,3.9039934,0,"Amount, V24, V11"
42093.0,-0.670156493903173,0.138234035120236,1.59433474591054,-2.60366736816802,-0.067365415668801,0.0333235605395305,-0.133867196249677,0.0495035483495152,-0.744325006223138,-0.157950728675039,-1.02861267087703,-0.452952925146044,1.34649852381247,-0.962359155092392,0.0089941342928251,1.89639227196832,-0.708594910786497,-1.20805686330695,-1.41185846937121,-0.0712878704874857,0.513661198768457,1.33619721045345,-0.304077241951982,-0.71854141359483,-0.185254879152688,-0.38550833806551,-0.120495637117917,0.150383227927797,4.99,0,4.754579,0,"V19, V22, V24"
119964.0,-4.1540506903232,-2.6580612742851,-0.0133200364482437,0.0648180585806379,2.76130620568201,-0.905582795993326,0.175105346008435,-0.684391820593084,0.7832280061575,0.928915616020943,0.534397254972304,0.248814550268622,-0.155166420793789,-0.41781880484542,-0.25646795282304,0.498905459314831,-1.17188824482735,0.107132321867753,0.715354892520387,-2.86460964925859,-0.827326437083465,0.580232966370986,0.826970094392819,0.361999786042834,0.0425824603383715,0.244551628637769,0.0228835478281414,-0.0654100869979525,41.8,0,6.782044,0,"V20, V28, V5"
169669.0,1.68118512253057,-1.43074077112228,-1.58991834862541,-0.275127246324069,-0.615931612952524,-0.403697171468155,-0.159213138297149,-0.159459997614819,-0.486151743163931,0.863290385523909,0.552011230093068,0.31541911623401,-0.420291781848897,0.583915161252825,-0.192309443231316,-1.52325964803724,-0.3889333439219,2.00016181947287,-0.755318472637023,-0.178204767247569,0.130957725546373,0.422536034340566,-0.141515546674828,0.766046523665162,0.0933235991191035,-0.0972723650638846,-0.0442518708285119,-0.0172281695730108,239.0,0,1.909115,0,"V24, Amount, V22"
83452.0,1.18479094268326,0.126809140501773,-0.545774523486271,1.34483635854983,2.01154781682895,3.96402251843222,-0.782594178817044,0.985723168710691,-0.592803999519587,0.723995749392308,-0.368741569503734,-0.282627607746867,0.125304930902844,0.204805078168808,0.948641328302011,1.26006948624724,-1.26184372867896,0.542313589502256,-0.853450360167384,0.0247427260101925,0.0988869397244581,0.0859730548557269,-0.109697572078999,1.00521865585012,0.590301191450437,0.110444555303124,0.012153420084496,0.0262384643591162,22.7,0,1.4675872,0,"V16, V18, V17"
68924.0,-1.2771388918461,0.13331154992542,0.246430952805927,0.870715818265059,-1.06186897431607,-0.075241091851024,1.86543921543555,0.225114166170068,-1.04993048704421,-0.840536345720283,0.954607577927025,1.10793547018892,0.265043983374807,0.658106565444117,-1.06923764797529,-0.225082260582877,-0.180618663382675,0.32745264703928,0.166595469059625,0.655466104820749,0.459754745536735,0.627462995495741,0.798906752532164,0.514006367592305,-0.124692770809313,-0.470498916596686,-0.0746457949892151,0.127681418172177,392.36,0,5.442268,0,"V23, V7, V5"
143611.0,1.73344486282582,-1.72057249561099,-0.570569371910346,-0.618743550872518,-1.60589989546125,-0.798665406657142,-0.832894712937611,-0.163631259525969,0.194089057480551,0.68600904279081,-0.831324710427425,-0.839666126732924,-0.250726706296,-0.307328729215356,0.665868966661838,1.42998879063305,0.0229785655256392,-0.842313918119501,0.20694804064806,0.387837916683206,0.525127655219716,1.04018663119673,-0.0505572471466194,0.0796554068718978,-0.304545704670876,-0.0902250081075262,-0.0292440630509318,-0.0072689061579013,232.2,0,1.8282424,0,"Amount, V22, V3"
135332.0,-0.665412595885041,0.962140665907015,-0.0067955521487422,0.268624346614664,2.16246177738548,2.10570839883329,0.787758389715324,-0.36810195769874,0.51225437290759,1.55329340062305,0.0164155369217145,-0.309371665142549,0.358965900879369,-0.287715337181033,3.30451265084669,-2.70159150469058,1.02065249643058,-1.39984237620827,1.22756210421355,0.437766108600734,0.241067853509693,1.58031366655822,-0.422927161698425,-1.23676497242728,-0.510368294257624,0.301244746322748,-0.50619745713911,-0.362440721252864,0.89,0,6.3842816,0,"V15, V16, V6"
26952.0,-3.19261944868703,-7.5584617272621,-1.35237484673119,1.99661980822479,-2.97537508121279,1.69384685908328,1.99029553506625,-0.0567446516650946,0.689488709514477,-1.32202554189553,1.27803283114139,1.21875557024995,-0.300581285462429,0.306445389598438,-0.203441409868817,-0.159475042842551,0.533451111628957,-0.528398242869764,-0.740462452473414,4.32788751523156,1.20707030237801,-1.27980221852977,-1.81183208985465,-0.118377242428891,-0.867433496664314,0.718868727340059,-0.422966147511933,0.381602962000786,2217.18,0,3.20333,0,"V2, V17, V1"
145946.0,2.00201223277106,-0.103245408407524,-1.24288522009629,0.415738334630272,0.19769428517514,-0.551135830376909,0.156408349024271,-0.171510704919699,0.25008591169683,0.224657108445004,0.682682407030572,1.28715388204359,0.401355909633957,0.353043848832612,-0.915716093956542,-0.0590838766539544,-0.547929814682264,-0.390622625337473,0.483443419847707,-0.171152180433368,-0.194025413383187,-0.415127523851835,0.213280343343309,-0.378176448390992,-0.145587121186968,0.0982696632448701,-0.0598657728191706,-0.0714590356553326,15.0,0,1.2086055,0,"V15, V3, V12"
165447.0,1.98800340322059,0.20679663130127,-1.42868184191231,1.49543085196985,0.198375081680105,-1.38954706704077,0.645207809032551,-0.434405452299922,0.208152945832589,0.261606635902859,-0.642780901504837,0.336611079451357,-0.56790783738201,0.606388839280288,-0.522507759099779,-0.848097167193442,0.0369677519789255,-0.765437417287381,-0.379564035017241,-0.318117655776033,0.077985252212784,0.428075909138435,0.0467953723925765,0.399696546020248,0.392899953500136,-0.514920084239774,-0.0167581759214795,-0.0573071040429721,14.51,0,1.5895343,0,"V15, V4, V26"
116386.0,-0.9388221665125,0.761135788610787,0.555217634914152,-0.43883534289743,2.65510036292228,4.55943418813949,0.0751911879308782,1.13219344363388,-0.0310346891729918,-0.636113640687014,-0.637146953213764,0.193265261175322,-0.53454968133201,-0.200854224565791,-0.744545244779534,-0.756278084201653,0.0412870226601837,-0.793961576358648,0.612902668632986,-0.0504903544812352,-0.493804615695091,-1.43945554821402,-0.155050961382716,0.625815037541018,0.422120772240205,-0.904110989193435,-0.153714452565301,0.0724223451837579,13.99,0,3.6266623,0,"V22, V26, V27"
42893.0,1.26675490261989,-0.96476587158205,0.184305987614285,-2.17529127115204,-1.24875749329035,-0.789788800914192,-0.616579964627207,-0.0036841791812819,0.0254549294163777,-0.0910116601832291,1.66744427421681,0.711926242030308,-0.655955248406935,0.598121210459933,1.23090995517047,-2.07992497856821,0.249430311998054,1.24666091314137,-0.179153121518561,-0.495918903762097,-0.339683726278992,-0.526920897032662,0.0851298771141231,0.194425558491058,0.198845407100776,-0.0915485576260712,0.0270745750490365,0.0125396028979842,41.0,0,6.3357153,0,"V4, V16, V15"
140554.0,1.90939543168231,-0.0017881751255987,-1.76742335327214,1.24132111812164,0.581795168310639,-0.621570515606168,0.593673459805813,-0.2573492028729,-0.0213567032758605,0.407378406355217,0.410685190725596,0.836110298741252,-0.413801409241511,0.748753605269787,-1.17408853580705,-0.434201497234763,-0.487691737715816,-0.0312352914809291,0.174136375097228,-0.183814087915691,0.10969791114927,0.38824350920768,-0.0986362083869258,-0.390957401604835,0.448414539765448,-0.491605094586043,-0.0294935327539192,-0.0668569260931416,60.05,0,1.4839296,0,"V15, Amount, V4"
99289.0,1.42857801463038,-1.20136650425838,-0.933480489462626,0.409823386104326,0.309782120820938,1.98118803783543,-0.743995603761865,0.469235667020837,2.06512916206021,-0.34984058339205,1.8065219199586,-1.61850811405994,1.80136899548686,1.66117069918561,0.307374903421947,0.0718907029478899,0.365558313114475,-0.131364347438537,-1.25669096384577,0.208738210361013,0.263809727016955,0.644310289115553,0.0034620173078286,-0.959748481485001,-0.533461090679385,0.373991337091393,-0.0451182382026088,-0.0296655823128605,245.65,0,2.8773046,0,"V6, V3, V19"
166445.0,-2.96253810527085,2.70390049574655,-1.88060603659307,-0.753885593017852,0.0998572310984459,-0.91968859242037,0.442572014372856,0.366079819125342,1.102346487974,1.62127728365369,0.823210635823322,0.324998436930696,-0.408318858623501,-0.778853864265035,0.220559705174749,0.229249679995554,0.284745048983058,1.17932993937239,0.104951889287763,0.276377333012775,0.169928411283757,1.04244126820426,0.0656262720945693,-0.488856419891159,-0.109565001886413,-0.19036565867704,-0.0233929015209291,0.293738309622827,20.01,0,4.4686036,0,"V27, V22, V14"
92819.0,-1.97687899224668,0.266407922579952,2.1475495425449,-2.57739402992869,-0.054706830723648,-0.087531900207097,0.0710333068003269,0.0157863995103237,3.36504101172604,-0.808404619348544,-0.665209818463279,-3.02859185779371,1.24614486480942,0.362605429524052,-0.170290410430202,0.979438303074591,-0.651919061729275,0.779321646225243,-1.23411221576872,0.110863531465547,-0.297379620600096,0.263255248235553,-0.152032380999556,-0.801955488243593,0.740773300706371,0.663106624035112,0.484523747405274,0.0323870941327515,28.0,0,8.8502245,0,"V9, V27, V25"
37041.0,-0.779907359743164,-0.966802944998793,1.03580262188324,-0.654652202174702,1.12457721610907,-1.39244443546155,-0.143822621908976,-0.31202011975697,-1.51543720131809,0.712155824411896,-0.0808637320027063,-0.830255080728433,0.193583438900795,-0.111934293488392,0.835743041119907,-0.037501814647755,0.831536908138043,-1.71100886609687,1.06071650909149,0.5706761110721,0.444732209928375,1.09543705073051,0.0026711720380576,0.137073505064317,-0.168296299637368,-0.0445991466801058,-0.057551248005816,-0.0570963511384503,22.0,0,4.024122,0,"V5, V16, V2"
143108.0,-0.0342308763888667,1.09054783030567,-1.3414066998531,-0.704365095039391,1.4938301295919,-1.07991258100006,1.62303326880621,-0.364137984774571,-0.920286868719693,-0.61685014925297,1.1388991746778,0.29003141091073,-0.233206402989288,-0.37682016432977,-0.845563156377386,0.214485704003118,0.178002433921251,0.519068527604914,-0.111268007942577,-0.165220355608979,0.249549572622057,0.704791622226706,-0.0612717297972584,0.728225178712522,-0.942429146876295,0.325857680967848,0.0721042231730189,0.249728475460623,45.0,0,3.1396534,0,"V25, V24, V7"
151032.0,0.167729579211976,-0.153115953043823,0.571045946697294,-1.5032360968477,-0.775812445564902,-0.803898460146083,-0.114475046854693,-0.0066072218899051,-0.370118447882611,-0.456674512412374,-0.870615737746277,-1.615849247267,-0.903689614907888,-1.72811490059447,0.0457511826012283,1.69122113412552,0.981101925420025,-0.126553913277309,-0.0574196839852576,0.0836960247557324,0.486476310172334,1.33595076565269,-0.0777003455292072,-0.0400392125298822,-0.357672281772031,-0.0358647822313993,0.0845415213369808,0.0757743190318038,58.47,0,2.751246,0,"V22, V14, V18"
122328.0,-2.94854363761996,2.59474537025834,0.559014922934364,-1.49285078161598,0.156764102029419,-0.877368044323399,1.08853448541533,-0.748355535827638,2.84255198838858,2.54912256772361,0.0141568805297425,-0.0508022855314394,0.352612214759285,-2.97265577450758,0.629984091884183,0.0563316441913858,-0.0776629994227217,0.0772398132830351,-0.508494505267898,1.27261278315796,-0.621848058670152,-0.596308864982412,0.0154869527907574,-0.108947806068677,0.108767525838181,-0.362226715010628,0.211280774198931,0.0602367974270196,1.54,0,4.0643344,0,"V14, V1, V28"
60641.0,0.919458466438119,-0.204988559291591,0.18591596452577,0.85923617975113,-0.405908682865871,-0.769372523336608,0.458470604151914,-0.27712556619118,-0.0962921028459927,-0.265979633717317,0.37941050614721,1.30195674934331,1.18964189948841,0.0144173843071208,0.136445629719285,-0.821865314922156,0.38632144879131,-1.39367026983535,-0.485699002305482,0.206290733401186,0.0982635590636672,0.210638716086439,-0.157672597495171,0.713293375988444,0.512833857318402,0.531561421900381,-0.0538213875646399,0.0310176972969606,147.0,0,3.544849,0,"Amount, V18, V16"
153874.0,0.0159360952131796,0.767667523964843,0.168797456564136,-0.781614385573285,0.625101658533498,-0.543755434627053,0.848994691133922,0.0124062637428737,-0.215239120785219,-0.235105166540604,0.453368372542452,0.503957967564928,-0.462251817909248,0.38261594885972,-0.983951120095081,0.160602180256785,-0.696961275880587,-0.181346489955784,0.261001829743314,-0.0547376535929611,-0.230444187332471,-0.531971302952206,0.0248936817728405,-0.414294148209706,-0.506136891416057,0.147865334572268,0.243745926287777,0.0823332726758583,1.29,0,1.4367552,0,"V15, Amount, V25"
114732.0,0.033373334039121,0.859218040672114,0.294164399063485,-0.59232928170797,0.448525704622415,-1.04278833700227,0.997603738654002,-0.184774081798162,-0.0548494800590265,-0.420437421816953,-0.865582039084184,0.1913139958221,0.068902483712927,0.105647341156275,-0.362671157591756,-0.154972027414166,-0.355673842766416,-0.845131750888336,-0.156077406399718,-0.0409732780463614,-0.253881856908322,-0.542817413764481,0.0753033623295237,-0.0183730932549885,-0.502222932790978,0.143222756713008,0.250779418463509,0.0970378142838349,2.69,0,1.1826648,0,"V15, V18, V16"
36357.0,1.23947636444182,0.133315465800264,0.380305704383817,0.436016244528006,-0.333504204791229,-0.499558105306651,-0.10111950048316,0.0070728883079315,-0.0731696361742274,0.126636696557757,1.05608869940762,0.53173025460984,-0.498691830914486,0.572821208049206,0.441624523368199,0.631545388121359,-0.747750553756225,0.1563058204275,0.299164306538285,-0.121588668844075,-0.236181404473532,-0.75670780240033,0.0928615417406016,-0.0235330788616485,0.204333847179612,0.100043163885271,-0.0384803175007182,0.0038667014572378,1.98,0,0.7813201,0,"Amount, V22, V9"
118322.0,0.177520473600171,1.06550149383515,-0.64341322971242,-0.698940350556464,1.31690318729404,-0.389637304484537,0.998402915000994,-0.0916389857460507,-0.129344615026311,-0.86494799260405,-1.04847486471099,0.131179836754427,0.918380276548464,-1.20888243055119,-0.235781721458585,0.413002516752687,0.154482662365142,-0.204782963730501,-0.0759229571361737,0.0853192559944462,-0.366281535546094,-0.857700695195323,0.017730345136405,-0.0565034253475289,-0.326995203304089,0.152479299709865,0.229871533412222,0.0794569238421464,2.99,0,2.0541244,0,"V14, V3, V5"
45764.0,-5.281619527607,3.73112999198125,0.268430598446144,-0.825969187754911,-1.64724434882573,-0.661035203438314,-0.0795801032111925,0.272948177140783,2.89001438011601,4.34262925151454,-0.367898562809221,-0.382406460521963,-0.688070015881928,-0.964902404741926,1.53065495505163,0.229480674305346,-0.49733566957852,-0.0461232740631786,-0.436717719132811,1.21672972818311,-0.330423326960758,-0.346423375050898,0.0311802003684252,0.322491821444149,0.636807231476444,0.181423311451224,-0.435827711007309,0.482657751674762,27.44,0,7.5264874,0,"V27, V28, V3"
49101.0,0.697044946553099,-0.584660064012602,0.817013367076433,1.20289205528467,-0.898617622637237,-0.149114877326987,-0.0881587354952739,0.0199082077302698,0.0133043156201131,-0.0142182369553969,1.41970192429045,1.34419765403218,0.844721756628643,0.156951235177198,0.531126089668986,0.701054775508167,-0.906023657165621,0.563628877183241,-0.310565063944683,0.412547276576676,0.183020665551064,0.0270254280273392,-0.188855499209291,0.335843771444889,0.239465874270613,-0.519805584024243,0.0104933678345821,0.0702044771577291,239.95,0,2.4789271,0,"Amount, V13, V24"
28132.0,-0.342051560706857,1.08666997600384,1.16250618092892,-0.276683433403595,0.498420710967203,-0.298661866680442,0.750366216053513,-0.0553714550213863,-0.467933458131025,-0.338646258273362,-1.13983205262881,0.11366916303913,1.13902450610272,-0.103546024345601,0.819345114074901,0.448170551264428,-0.812060340253689,-0.138353022378185,0.386367126589147,0.190633698711586,-0.283012096201675,-0.70356081698225,-0.155844304774717,-0.616637634959892,-0.0280603743286376,0.130448092627887,0.269842288256837,0.112834069573129,3.59,0,1.3109305,0,"V13, V27, V22"
162458.0,-0.523122007675205,0.971155978749412,0.43065336271209,-0.681747399731771,0.852935889297993,-0.375635610857955,1.13090176338433,-0.365876775285847,-0.131885956236851,0.346275113621702,0.478212038708323,0.501250537646434,0.0276323950784705,0.0329535606646121,-0.73524030979865,-0.124145384781041,-0.752530711701046,-0.0557333087318845,0.986627834829393,0.0895247051463167,-0.215502237323855,-0.399395280174622,-0.0228356091275982,-0.489060692432498,-0.651027685796939,0.160638241258674,-0.214622051868949,0.0158341303336843,4.98,0,2.437844,0,"V27, V7, V19"
157759.0,-0.915149111878821,-0.732103700070389,1.49069621661704,-0.450923280227081,-0.704878215076738,-0.494060725888955,0.0237870140553342,-0.801321529221471,0.163585727916949,-0.973935235585285,1.39319968260154,1.10467325534667,-0.423014185587626,0.414208599710605,-0.156794493042451,0.351135605962524,-0.479560017678668,0.033509649172744,-0.2518095821509,0.441220008946705,0.726163557561348,-1.30439193978001,-0.964258204639311,0.555589713594712,0.988762713663006,-0.187225454717361,0.0067962712424468,0.210200157442145,360.0,0,8.647867,0,"V22, V23, V21"
14470.0,1.25751332675426,-0.335085652709579,-0.748602562745646,-0.835004566225894,1.67773036250768,3.43462423306045,-0.983138875960855,0.787987655995879,1.59342060509256,-0.472130902825304,0.877819599672949,-2.5108679338654,1.80266651821085,1.6103417680025,0.764704560482689,0.814131786400212,-0.207999858367469,0.598518983085334,-0.038555257017402,0.0936036746023821,-0.105193578575977,-0.243735773053829,-0.071866411492997,1.02319591774647,0.35983979610633,1.04370069311734,-0.0911029924023849,0.0032043010617714,39.0,0,2.043138,0,"V26, V12, V13"
126718.0,-1.47827273868856,0.380915015750129,1.5068098938237,-0.318323442441641,-0.663029776199022,-0.122129636022589,0.986029391344007,0.0911495693350259,0.0383269343906825,-0.998457208099758,-0.994905873345873,-0.1460283707663,0.0346597240711484,0.0384495942513539,1.08050599991735,0.258494391753407,-0.49898194463672,0.229235751685731,0.40975447074346,-0.10295346274415,-0.18210317893078,-0.360416522753002,0.267583148180098,-0.155134388726566,0.414774968762846,-0.420479647062882,-0.220701812647079,-0.303629849430484,180.0,0,3.1697102,0,"V28, Amount, V23"
147972.0,2.03150019968806,-0.151071955164466,-1.13813729481063,0.553674081747104,-0.0679653449127111,-0.925161199858955,0.163123059635728,-0.35694272778321,0.655997520463668,-0.0085208140874316,-0.856262604582865,1.02081423566992,1.01807881625861,-0.162747877284467,-0.744004567904473,-0.638489443585457,-0.0437195915205752,-0.782793513954794,0.0467469170501034,-0.156003611912673,0.150014236097006,0.796993670398232,-0.0123264534455104,0.11001593282917,0.225278759753069,0.724109801689501,-0.0590301244340459,-0.06851534065102,12.31,0,2.3523335,0,"V15, V22, V26"
50472.0,0.450279106690723,1.54902795026365,-3.82235641357687,0.571171133860852,3.03927287552228,2.41002333886599,0.175140309049997,1.13194874772161,-0.659195977656654,-1.39226330110349,0.78937299138736,-0.697816634212323,-0.211939502856298,-3.05548992609192,1.24050751216106,1.29832701338595,2.49223872112723,2.02170102667334,-0.0552869033965138,0.207386357209735,-0.13222515974642,-0.489772286894686,0.21031270538116,0.649231197289719,-0.259363927716368,-0.384851898043711,0.118033626487436,-0.0506783765978021,48.0,0,2.9113355,0,"Amount, V15, V3"
126689.0,1.85959780571571,-0.503236688675089,-0.925328410222324,0.600452478208464,-0.1396603665944,-0.0548377418608553,-0.0859139852757728,-0.0138496001373493,1.15836735757161,-0.203960276262129,0.188942540424721,1.71500658827223,0.187264458279109,-0.155538965139571,-2.2148624281342,-0.805054020268642,-0.0544764728628613,-0.493617758598269,0.999687502365361,-0.124923140937959,-0.274688987430244,-0.492235283005109,0.139548193952908,-0.383090317405887,0.0011766324578333,-0.502933670357405,0.0082602430189145,-0.0535761851718934,61.22,0,2.915419,0,"V15, V16, Amount"
39618.0,-2.15668560471316,-2.53279094750012,1.24829013833701,-0.302104744630628,-3.65839018155081,2.95176889049442,2.71061467657463,-0.19548477565648,-0.728567013125255,-0.185149810060961,1.25317743073932,-0.788577342352232,-1.22235897721281,-0.743369190342182,-0.265152378715843,0.305022304514486,1.13071734747218,-1.4169259855529,1.30350962471745,0.501742587032321,0.104058060792968,0.548400946064985,0.649090153052322,-0.252903595526219,0.16288397602514,-0.0892133095970278,0.117221670369221,-0.178740074176716,960.99,0,5.009848,0,"V2, V18, V6"
143258.0,2.07993798933697,0.25296966753831,-2.28536227728538,0.838078404080514,1.24986780061425,-0.230959888912869,0.606412643112829,-0.192578224842484,-0.299583219041577,0.542906138982432,0.184993163228425,0.317641864458584,-0.521779519825263,1.04648171987206,-0.318066758389518,0.0053847102491366,-0.917529357080685,0.336438072848398,0.146369257986501,-0.251254961514692,0.116969558102492,0.360898094662223,-0.0777163211382676,-0.128833894614874,0.535980706206829,-0.482474960814806,-0.0422408049335622,-0.0756883450089445,6.99,0,1.666144,0,"V3, V5, V17"
61108.0,-2.7560071191969,0.68382137690334,-1.39016888269883,1.50188726081003,-1.165614355805,-0.13120694925796,-1.47874061646082,-0.246921578045176,-0.100522731731488,-2.30110989675506,1.91445404493049,-3.8309980112302,0.719488566785256,-6.35301985790071,1.43871619241123,-3.29723907467834,-4.86297149937169,-2.00235399924327,1.54523326964355,-0.106944639579729,0.320473875601072,0.61102668559867,0.174863684107414,-0.502151101117601,-0.174712784335661,1.17924208342707,-1.16631532833921,0.821214803121569,101.5,1,144.76959,1,"V14, V17, V12"
64427.0,-0.828642122721191,1.03126427458985,0.741418169389875,-0.254731709754963,0.725403222052741,-1.33459723447174,0.949304625397174,-0.104548167918542,-0.79312488925698,-0.945766308325104,1.63280235058833,0.0633187463192571,-0.91815753414279,-0.848420426510281,-0.351089607989585,0.758348691071192,0.41478411038044,0.743386692136577,-0.619605785484676,-0.150067300473694,0.037828371245807,-0.0189409754553271,-0.103565293611307,0.417588282200677,-0.0563268476231393,0.148833432758047,-0.0828646084107343,0.148300384850999,0.76,0,2.8602614,0,"Amount, V6, V11"
162334.0,-0.226598569155695,1.82261192444859,0.0627065478492935,4.27567721631142,1.46064680694277,0.538978840524566,1.08198232984964,-0.104822427281662,-2.08966293338721,2.01297278669538,-1.35726956947456,-0.35006618001006,0.93936450120105,0.196320793432441,-0.191403580282736,-0.755558891538244,0.254335812467635,-0.296758224807008,1.50018456529672,0.439357541822046,-0.0008584228380957,0.398006181315772,-0.169742959095632,0.513186843268981,-0.369406297326812,0.377551122273745,0.599384280798217,0.318377620250676,24.19,0,4.452056,0,"V27, V19, V10"
66091.0,-0.288500772251066,0.597051599586768,-0.302190953530739,-0.241796580878482,2.77052339249106,3.40651062422148,0.168008753318669,0.839135809659343,-0.784968677903457,-0.157191531795079,-0.305426595803133,-0.304238275281897,-0.0346670537880798,0.498858599437447,1.20724623071342,-0.0003790226027197,-0.684467126845941,0.568621905849437,0.801886455145741,0.194700455329918,0.127243689230365,0.193297130574004,-0.136071441653042,1.00557744203726,-0.0858587007891626,-0.319898677188468,0.164977917953203,0.161660157556354,22.04,0,0.9080874,0,"V18, V19, V6"
155680.0,-1.6454922611924,2.25794646496589,-0.892133487120767,-0.804311409646263,0.321566917968634,-1.09001743244405,1.1077029327015,-0.281586440137999,1.1809425585341,1.93753611184822,-0.265497362788735,0.672981482871408,1.07187601039974,-0.32716721204815,0.473862637082412,-0.71712133749846,-0.505995301763307,-0.18187578840196,-0.289491416120432,0.859158233604525,0.175116705107331,1.30616984834023,0.0885788523792641,1.18978465973268,-0.412027429174206,-0.256314505737592,1.16974764021379,0.71962195890554,17.99,0,5.6028547,0,"V24, V28, V22"
170549.0,-0.870912814774774,0.780206994828719,0.937622521637009,-0.743602217820931,-0.167462663935325,0.0885793100339679,-0.0408467917692714,0.636508651033445,0.308483566016847,-0.874835198445302,-1.72453496994458,-0.367018548618888,-0.435425751503484,0.0431250440644558,0.0336868654850322,0.481961620968975,-0.45465141026789,0.412148882422102,-0.225475282856521,-0.0105724772898726,0.235140127112384,0.696945800103583,-0.20400888543078,0.518631600215936,-0.0056640535961419,0.618367799525556,0.202339932917227,0.12981394968342,25.9,0,2.8998382,0,"V11, V22, V18"
62729.0,-1.27070280106283,-0.1638109493597,1.20960042225814,-0.934634888107349,-0.919494355328052,-0.794235432199742,2.14571594928251,-0.332327624023184,-0.543501799288061,-1.32042610287095,-0.379192548056085,0.0040974243793362,-0.159360734357203,0.0330991149164803,-0.454523109117212,-0.153611313644588,-0.0225682124221143,-0.731814624346538,-0.279343864447068,0.670338404426395,0.169988981349137,-0.0735030883318552,0.445927273729654,0.775494544109964,0.569833210457107,1.35548606406375,-0.223509372588911,0.0568006706703214,338.0,0,5.5018415,0,"V7, V26, V23"
65365.0,1.1822917914479,0.315537637934426,0.727134181910779,1.11921447885546,-0.437081497251153,-0.721450782572153,0.0443957585334319,-0.202482843972213,-0.0202411699481321,-0.0761842453973622,-0.129838892282306,0.997679646487569,1.50375055167373,-0.0559655929008798,0.982272558922299,0.258766470802339,-0.616924982851823,-0.259570742637515,-0.430976472458617,-0.0056919830593365,-0.0501772251144418,-0.0946321084561931,-0.0017665234765381,0.40950259948308,0.460641407996715,-0.501557667417087,0.0413420066321833,0.0377661954703695,22.48,0,1.3741249,0,"V13, V25, V24"
25420.0,-1.34857107107478,0.959532209744001,1.10514711956873,0.484658115559401,1.38306801023866,-1.02916452078294,0.558887800838931,0.0213915450047559,-0.598485381732555,-1.36171456640381,0.143108349938278,-0.569327617382792,-0.50050830334323,-1.74860530043021,0.904461372307262,0.637164125399644,1.15014105590581,0.466335734324194,-1.55920148008411,-0.193058248132856,0.0332565358598121,0.0604986793665547,-0.479578248476598,-0.0833419715888184,0.576328967721574,-0.33713788367944,-0.0054211979247691,0.10150770579465,1.0,0,4.644809,0,"V19, V17, Amount"
80793.0,-2.12029713231011,-0.209121602685278,1.25420376896062,-0.0074032080156803,0.805099709690148,-0.612155281960976,0.305007335506961,0.657156632770767,-0.615758835701754,-1.20847983350198,0.857893015734783,1.33070848476959,-0.205257269326236,0.428407911398508,-2.05132239707369,0.0853676523523355,-0.36248308117343,-0.495725342141279,-1.73962938008452,0.0442356354910412,0.228207522976689,0.083856358698399,-0.0667965942529691,0.212539917017892,0.400953867306407,-0.66806560096704,-0.053992723087334,-0.147828939940914,78.2,0,5.6964626,0,"V19, V15, V18"
139304.0,-2.12677460126547,0.242733472202283,0.58196461565642,2.9856074057269,2.2021192531552,1.49973079397282,0.406482902458474,-1.76360084687762,-0.427914201490204,1.79090988246302,-0.759139262024707,-0.200452389512847,-0.180557030836032,-0.67751214087687,-0.954462226098527,-0.510455341136738,0.0665453871177309,-1.93846372307086,-2.507351755515,-1.53580634872833,1.27088027444592,0.626040075827061,1.07260372119383,-1.04929008447801,-0.0155406112679244,0.146370176174474,0.226270729548666,-0.659399837469312,0.0,0,21.84677,0,"V28, V20, Amount"
50801.0,-2.68138719334695,-2.2467195767234,-1.11026328788459,-0.161743343759583,-3.37858893389551,1.29541837571494,4.39273226011803,0.186225068860056,-0.822346578489931,-1.64963787754132,1.01410598493071,0.299235032570234,-0.932490055318341,0.849347726288345,-0.955043429817066,0.0846693654796367,-0.0044789923558568,-0.0680423219535755,-0.721945784543218,2.3391854741706,0.824920617653429,0.369713203078899,2.75150950445667,0.147913430127539,-0.151122207507221,0.801485984350711,-0.208900737848134,0.2319953722477,1169.5,0,5.040525,0,"V23, V11, V19"
45088.0,1.17586348806443,0.458860480712345,-0.411185147164628,1.08265398641004,0.306898632038509,-0.248303012626702,0.0137582440793475,0.142329623578111,-0.109267898754016,-0.399188130165769,1.42750068640113,-0.137966347019298,-1.4855831624303,-0.567164526903168,0.78885744879224,0.569873655529272,0.661855511331935,0.792266629914002,-0.518520485018013,-0.205817430401792,-0.0104303397947424,-0.0275951096944545,-0.125844621066238,-0.455344465929047,0.584664507779366,-0.29024080733831,0.034926186856438,0.0313105751285144,1.0,0,2.9615722,0,"V17, V19, V13"
155585.0,1.90736030053247,-0.128803136844171,-0.241529678129022,1.16431119190246,-0.27286194999614,0.0780169594786448,-0.471532182959407,0.104509664652604,0.575398172805442,0.296337641484523,0.655519899406335,1.3900242147236,0.751499620612374,0.0184185424523054,-0.272886112915537,0.570839185283702,-1.01455892726057,0.288823344807136,-0.123668604233887,-0.183409063614796,-0.121550456813525,-0.22550897296057,0.307830372962039,-0.449511435060642,-0.355279541218718,-0.936922402514825,0.0605051970493635,-0.0354885182032027,12.99,0,1.9858152,0,"V26, V25, V13"
38012.0,0.949144733602187,-0.900103146580886,1.38988034685745,0.534134337694689,-1.41358463629292,0.683076362542482,-1.08543800925219,0.477841634565977,1.46644288232141,-0.367866543936872,0.758085273128513,1.00777219698382,-1.16246663760934,-0.515741898563126,-1.49890137830715,-0.50738258523784,0.536927381926335,-0.344052213315959,0.312687413125927,-0.0466805844898232,0.11643738244707,0.586104734107509,-0.114922305582277,0.333169098375502,0.212782267875522,1.22397385872213,-0.0168849233977124,0.0098668883200473,74.64,0,2.249364,0,"V26, V22, V17"
163664.0,-0.737115903564574,0.856467146993824,1.36069644081107,-0.846338757126353,0.550546858968335,-0.593498420232282,1.05280404448751,0.0009676289175253,-0.756620205050295,-0.765265863021274,0.801015128259493,0.295167592769843,-0.919671492187535,0.525601085371523,-0.819984473664441,0.0071884898550098,-0.421725408559001,-0.239487462381161,0.321090947659451,-0.0923093118847503,-0.224941990261407,-0.746496418084854,-0.279764518658703,0.0014850321873438,0.423477912729061,0.302237257693226,-0.054960346753451,0.0309334750146441,9.72,0,1.6500174,0,"V25, V7, V16"
39435.0,1.45153444698185,-0.568436545598299,-0.401917612274622,-0.877439517357787,-0.378567620499528,-0.342643576054947,-0.343476937321166,-0.178015990761684,-0.769329795004718,0.702290960568855,-1.83718621470088,-0.893308548918142,0.0575109821400374,0.172270860682169,1.00496456552784,-0.896281521317875,-0.495347802567523,1.39366469182642,-0.23657439985457,-0.408086480970371,-0.468555483203286,-0.939594566598535,-0.145545911933988,-0.98633090105612,0.436012420641935,1.12562220521458,-0.0757770494669496,-0.0057767163467355,35.0,0,2.1762764,0,"V24, V25, V26"
37053.0,-0.427705703979543,0.987231532617096,1.44728348707905,-0.225347655343864,0.131191121545979,-0.385688320190458,0.58989467362559,0.107764250576876,-0.615432484632659,-0.139323992069383,0.986958019112245,0.469104254267755,-0.112162577492652,0.341799210624218,0.183915890828352,0.495751879130358,-0.756370523174512,0.263544731729172,0.427593963362366,0.108400221010319,-0.199956286183797,-0.551546582669018,-0.0759547674455444,-0.0190827697793448,-0.184896899458409,0.0744736565792146,0.260710393154187,0.107085924013164,2.28,0,0.8412603,0,"V27, Amount, V22"
41592.0,-0.763829547790123,-0.885572077063782,-0.276594669556178,-2.39887326780115,-3.29952991565351,0.789485299337749,3.14436867152615,-0.604436632222719,-0.307513091156628,-1.13420067094282,-0.5874781946682,-0.585995183471501,-0.899426977491025,0.164330085928198,0.852840279170161,-2.65694521413863,0.725561200600618,0.83084260041712,-0.0155451691682855,-0.440110707565605,-0.339699113009056,-0.241713556532547,0.327958036314352,0.097235724243043,0.259976245708285,0.0888757234628884,0.188125442736332,-0.161950487439382,690.64,0,9.091924,0,"V4, V7, V5"
43069.0,1.41062107723745,-0.948723590383804,-0.609912810611922,-1.80016542840287,1.01292681660672,3.53476169031976,-1.58650723467318,0.927407101383924,-0.544495438488073,0.661376511806376,-0.0767644287658754,-0.760606156710323,0.35749314099762,-0.323051888586926,1.29352934300501,1.80234751147492,-0.448464053745779,-0.417763426997162,0.591506897159277,0.240771708795712,0.335303903375662,0.754291862021382,-0.147861713144148,1.04974172052176,0.585941063622663,-0.0354228694534909,0.0385692380116102,0.0210330307744493,22.0,0,1.3581145,0,"V18, V22, V25"
166013.0,2.11648996482695,-0.232645003952568,-1.64404788161906,-0.0084319604133827,0.460797570728946,-0.138695152880258,-0.0405875303772534,-0.0230800238638146,0.580828811850685,0.284370911157155,-0.497008741985341,-0.0447075708449356,-1.13590543300602,0.659346373356728,-0.41189696547743,0.553596578269799,-0.958735674833759,0.238070419923947,0.960665564511047,-0.257640274429253,-0.343632674776096,-0.949015040392747,0.175728937348071,-1.42310748366325,-0.191435766639733,0.267940788012241,-0.0850292534212569,-0.0870545380763073,0.89,0,2.6592305,0,"V24, Amount, V3"
115912.0,0.154226511950229,0.980742076494677,-0.46457131058027,-0.560351335679883,0.89776242889122,-0.795124999527867,0.920119750145222,-0.060980884249282,0.0746117489037437,-0.811427297120489,-0.918484591778763,-0.556569116492915,-0.730867405606302,-0.873288766521593,-0.14821241822708,0.39921002087713,0.369308311172376,-0.0872671299968321,-0.181946174214634,-0.0269611687254796,-0.357889631513361,-0.917072227220129,0.0898934953315179,0.452241434110043,-0.432004072113368,0.121589560517044,0.217416367574237,0.0815985687615042,2.69,0,1.9214628,0,"V3, V22, V14"
153204.0,2.07869686207189,-0.585635247450703,-1.58515111304767,-1.47841920006126,-0.166545076212079,-1.0007260880285,0.0171253310860123,-0.276693672792404,1.62575048163431,-0.790367228084088,0.618709803783936,1.70470415594858,0.340614388511816,0.222750547128552,-0.716906413531946,-1.05829654149487,-0.20916200372915,0.219097909451598,1.39891830044415,-0.163853009340914,0.200197480580378,0.977998680242601,-0.130818612496024,-0.227135462949595,0.441618829092645,0.0320070419111614,-0.0126330528062542,-0.0789562881135564,11.38,0,6.2824793,0,"V4, V19, V9"
132027.0,-0.749930987163781,-0.647605575902439,-0.585301918423256,-2.04997969210752,-1.80196886957724,-0.1654525808188,0.560975277217469,-0.125428567748638,-1.62422263099818,0.729435123117909,-1.74172127027218,-0.635683795680843,0.521431759694412,-0.741715605579378,-2.26553307330464,-1.3238520985323,1.11689430569474,-0.425409641394968,0.12780810180568,-1.01460691006022,-0.103327395849015,0.751112902761474,0.125548181744655,-0.0115256496207961,0.121541974297831,0.0566881062022699,-0.155116848874219,-0.187480595559471,235.0,0,5.824644,0,"V15, V20, V5"
77495.0,-0.464158856032609,-0.126228418232743,1.81056041682646,-0.699602158295621,-0.212098008633275,1.22434573910667,0.524353621727753,0.154906252704489,0.41735771695502,-0.66467555397535,0.392123819454182,1.02412316057391,0.65357409813923,-0.798122559263143,-1.01162248277838,-0.194316170204871,-0.282287018220833,-0.199928126712098,0.840230897956788,0.362952442021982,-0.05540541910576,0.0780966107277886,0.159172143712285,-0.733638923078696,-0.668733989221834,0.864653705543804,-0.08275833059805,-0.0834437879167086,132.24,0,4.0814276,0,"V14, V6, V24"
144204.0,-0.136526179389322,1.26254130865681,-2.57727339168961,-0.863267029432856,1.46997360996963,-0.020856527685002,1.34524361655449,0.133757785319576,-0.623363877582406,-0.772250205709869,-0.502876711338905,-0.133126834925838,-0.364789278432101,-0.31410041320718,-1.28215795068014,0.549099107567262,0.0338046978585435,0.941498952822903,0.52712646283805,-0.329150962092373,0.159341140099412,0.395961493358034,-0.21341167110939,-0.730852675760476,-0.228263917306507,0.558577761362475,-0.310737699067493,-0.0189616900960047,85.25,0,3.9338086,0,"V3, V27, Amount"
35124.0,-2.86842395478438,-0.959718714363541,-0.159151119743443,0.0141655063559408,0.109722732874091,-0.423059668606656,1.07863553352099,0.253063809604792,-0.140932065535694,-0.240219896757733,0.95228099838205,0.684168279671871,-0.589863668393586,0.453349777805769,-0.906969899634699,0.0396455099629645,-0.220411779664266,-0.380967504522337,-0.39418016389614,-0.878042433183623,-0.0860797606411215,0.663725149289358,1.35776724728284,0.0441533530386075,-0.096211271526031,0.337017682049444,-0.0438829821207938,0.540404759865422,200.37,0,5.867478,0,"V23, V28, V20"
163929.0,2.0647975102954,0.131939382080889,-1.734054835404,0.411241428112807,0.431704867605861,-0.84875101540447,0.192102593386278,-0.233426298202086,0.50110664266468,-0.380624532590977,-0.620326294643885,0.114192457737864,0.0465670657309995,-0.840323834349158,0.213144689251139,0.334277049220584,0.455903942931358,-0.285302203227338,0.0708953794570839,-0.141327347318662,-0.364081956512531,-0.960633273794396,0.327174063107838,0.481558495429218,-0.254595097779577,0.174291233263631,-0.0643182920345019,-0.0297960554486181,8.99,0,1.4831996,0,"V3, V14, V22"
47426.0,1.1691635671198,-0.346235820514373,0.398331311594577,-0.192055114614095,-0.439841802977783,0.2388600631643,-0.54891853153744,0.290732234253714,0.405480663043805,-0.0076535704690342,0.804577573023004,-0.0689384852548671,-1.40597574856245,0.587414065962705,1.05482022998569,0.719205899341463,-0.54942088837601,0.0434774061415361,0.152700367214472,-0.102609195821408,-0.161242913236206,-0.616504251028206,0.08184116620435,-0.665672967923644,-0.0651124685541952,0.845476849548487,-0.0662824326680482,-0.0041765774511614,33.24,0,1.9008945,0,"V15, V26, V24"
19913.0,-1.62865305528676,-1.19275983973029,2.23400578221994,-1.08140985792195,0.609623615945589,-1.28503918541872,-0.670497339342587,0.0969161918528528,0.0226189143597399,-0.407052475695779,1.94912655002561,-2.50162055577261,1.14450676016907,1.15406013173216,-2.43765132155778,0.824320200781045,1.0606993141268,-0.879338746404168,0.45957282021617,0.431986518096542,0.0721801430697233,-0.0693803175257178,0.0433970847336851,0.471387266659136,0.552922500813383,-0.396792256607203,-0.0643318053583582,0.0680240276625362,50.0,0,3.8829265,0,"V6, V15, V5"
142122.0,-1.57313101233194,-5.96536774182891,-4.56701217817687,1.96744411737708,-1.27772220862745,-1.14022014658009,3.51224105649269,-1.0937420327926,0.0461147351463905,-0.78577679586039,-0.931463195497994,-0.360342889983565,-1.22885263464364,1.60178807044361,0.3058673492466,-0.785846154742333,0.0927040656671442,-0.0622801297452839,-0.582010084878095,3.53102431845181,1.44393739572557,-0.0218888533234189,-1.88536270513409,0.128709374664076,0.0643868169275883,-0.0743473245818998,-0.444136953005524,0.244821414503405,1919.2,0,4.264226,0,"V23, V13, V6"
137980.0,2.02530873703108,0.258917209359573,-1.73212696042498,0.555278389681539,0.247408065478516,-1.51779622399395,0.371750616677472,-0.460188584836995,0.428948981823801,-0.551683089471195,-0.134990033742874,0.594160139738802,1.01942177108841,-1.03273522658572,0.796963898288249,0.187072254792626,0.421598856948761,0.419321717533178,-0.463475054895735,-0.104930289779505,0.212134166639047,0.803360845388833,-0.0475813689080992,0.0026791780776544,0.280961406503853,-0.109133664115598,0.0025553685251562,-0.0237204930288357,19.66,0,1.8483133,0,"V22, V6, V13"
44788.0,-0.896518778068226,0.271364864334054,0.495956534377547,0.597332547865722,1.9482958038731,4.53692239950003,-0.689781931959077,1.39367425380166,0.493136990814339,-0.377797866187948,-1.26225667623514,0.36391635831115,-0.346587752282417,-0.566251160673449,-1.43602187811712,-0.970233670122162,0.417745402389594,-0.131642457605755,2.06061096879982,0.0044599369405883,-0.403268899382342,-0.753199015448867,0.214341460132534,0.997246216288284,-0.106868442946386,-0.478203038872035,-0.152091341276752,-0.172425287147354,15.78,0,3.506146,0,"V19, V15, V27"
115731.0,-4.11300951020243,3.49726397333144,-0.597397160679657,-1.27246648847869,-0.229606367679753,-0.0073711925032161,0.430569075486158,-0.0357647729951154,3.27039547740291,4.00284138558011,1.53344309267017,0.352100204648192,-0.528310135752927,-2.4763357649227,0.375530612768332,0.0976914139088331,0.0544815762389769,0.746106030153999,-0.0182209321809065,1.65976180119442,-0.510287259985279,-0.583779512550077,0.164506702747467,0.493143084342319,-0.0095484572214026,-0.67100208909119,0.64004112485474,0.996613571279802,20.0,0,7.113513,0,"V14, V27, V26"
78656.0,-0.480188817940499,1.05086329472332,1.68951574435766,-0.0103124115068083,0.0214171031785772,-0.606274870413738,0.667551333871402,0.0166678660980128,-0.51506490768381,-0.373039867676932,0.220513748652454,0.476550606545238,0.579128573547367,0.0657796598994006,1.00760205625425,-0.219045190740183,-0.0315870139494906,-0.984999649790888,-0.471388317151802,0.0928145905955984,-0.172122468701712,-0.369203078330759,0.0379273698375443,0.398249239281863,-0.289689731508995,0.0786403844521413,0.286623882045349,0.122242619111826,1.29,0,1.6847005,0,"V18, Amount, V11"
145025.0,-0.409725243388036,-0.665748096835938,1.30371396858436,-2.89603124166675,-0.316350740097304,-0.842770700258948,0.102338826276201,-0.466289969398471,-1.88959815529179,0.860911240753954,-1.13858183486064,-0.716369492409354,1.36445551113891,-1.09496033023678,-0.915225666159737,-0.419568067174424,-0.0408517343480513,-0.0668049817197829,-0.751124929186528,-0.321260697595989,-0.132959145136714,0.272825661985043,-0.0484547777420727,-0.108652360552357,-0.13846804308386,-0.318078511676515,-0.13153071505302,-0.0779971595102369,19.6,0,1.9053612,0,"V27, V14, V15"
1525.0,-0.342132146665971,1.09112493561728,1.28272882648471,0.0680759324102865,-0.0224975855722701,-0.996726520518499,0.67630411619951,-0.0422497615880935,-0.312035733117378,-0.495759200834529,-0.304700676658178,-0.371574615193268,-0.43218590011116,-0.319778148532309,0.954139112470188,0.408193764552371,0.0400887476761777,-0.0712584111298524,-0.087686736391157,0.079272396278397,-0.269849935009205,-0.734147857448444,-0.0073540956807772,0.319161064121265,-0.179145709290042,0.0736833695496882,0.241931637638696,0.0971394158195154,3.59,0,1.2455962,0,"V22, V14, V27"
59763.0,-0.0601792464632161,-1.46587742127476,-0.654963982319007,3.03965182855558,-0.565766389153887,-0.635038675740025,1.36785326999758,-0.386146992658638,-0.94443377149716,0.463093676736546,-0.739134446713667,-0.756562881719806,-1.163535830278,0.918473455612855,0.426454441250259,0.476257848552294,-0.387092869774196,-0.210948583719955,-1.09022567921139,1.11267160082026,0.374604797932953,-0.517238549953863,-0.67826602437259,0.378846067572862,0.443278496401035,0.0020983432404112,-0.173876889362872,0.123461846049232,670.16,0,3.9003038,0,"V12, V13, V7"
54914.0,-6.12571938852045,-5.51541228614299,-1.9749045137742,1.80903752045356,-2.94236745957659,1.80717407380059,3.82537081056225,-0.738136836784495,0.613576784103927,0.647037417311816,2.05573417226105,-0.0073555844428008,-0.375417112551911,0.0758149834203351,2.51718826513635,0.329956561499235,0.130683302592158,-0.425930888440028,1.74715546937634,-3.21859136100634,-1.29499169971349,0.954492917796635,2.77968272622229,-0.0677205291946405,-0.936854360775487,1.15529685085949,1.45215570161166,0.184948825348395,1088.59,0,9.7493515,0,"V23, V15, V25"
170424.0,1.82907225095259,-0.221971340939489,-0.294724709641976,0.724768211721045,-0.796212199788447,-1.42510982099353,0.104811518700073,-0.336809655503575,0.793260887830613,-0.24046621138409,0.214994919018179,1.56794743555326,1.04532272823461,-0.0398948953030118,-0.0089595644978142,-0.444766353908316,-0.0765860348147127,-1.15776035632382,-0.114485726664601,-0.0756871986673573,-0.360320798010713,-0.978103812728845,0.522754873799464,0.890272820541271,-0.557248077511435,-0.91037183544871,0.011362896023688,-0.0141365491553249,65.94,0,4.5548987,0,"V25, V24, V22"
148255.0,-0.196816798256182,0.824733598711206,0.745085814941257,0.133296870196296,0.197896660263177,-1.10929645170306,0.819220804178854,-0.238332571605439,-0.255425790220174,-0.239227206151132,-0.595018214962647,-0.313846908300273,-0.915139369335616,0.445188549838886,0.362116743231729,-0.721936846286045,0.289111737141867,-0.691465636609192,0.942016259425891,-0.118308788530443,-0.140905439853365,-0.37004325696166,0.0759435898734387,0.394305244824156,-0.916589250082444,0.262544535228931,0.016916012104466,0.178417304857659,1.79,0,2.4224076,0,"V25, V19, Amount"
130180.0,1.74735956749577,-0.701733970499263,-1.85085838955307,0.0378612025548561,0.311775124678924,-0.258112290889458,0.273567530432058,-0.185371146053005,0.126846916673664,0.246718267515918,0.557265634914746,0.737798073684045,0.32813915623759,0.574376611722826,0.009711115974002,0.429032982892493,-0.945921077607892,0.427176035655729,0.214100747963925,0.227504286762796,0.330371790225568,0.61039898253852,-0.15345651684271,0.28345289285813,0.0583297114667141,0.746821523604952,-0.131718754497089,-0.0475088487022681,182.26,0,2.1795201,0,"Amount, V3, V17"
114027.0,-1.09222516692771,0.949383110090486,2.43095828501945,2.51902386971549,1.16357704837849,1.21076573852315,0.558944284784181,0.105064034711754,-1.17114878436272,0.670981737140176,-1.79262763868293,-0.815548793548234,0.244139992844884,-0.698610260876584,-0.707052959964944,1.17537111306145,-1.191935271148,0.228955846400278,-1.63298310444443,-0.0410024578080157,0.101584486323511,0.391123673759815,-0.508377186070587,0.260632965376347,0.603552243603262,0.107921625559223,-0.223827124918744,-0.148911185699125,39.34,0,3.002521,0,"V23, V14, V5"
162248.0,2.10534305296841,-0.70391355199485,-0.79157949574126,-0.4536071605924,-0.561557462037144,-0.396097114868305,-0.49492653848715,-0.184540801722464,-0.392841743240678,0.735282126597642,-0.912129735668013,0.791127739371403,1.60787842109308,-0.355858891350249,-0.170297194324168,-1.38342617240001,-0.185784357951241,0.309501361627112,-0.469760744845908,-0.449570983949002,-0.851907149088095,-1.91440362939802,0.595870384372587,0.615868486277783,-0.708903362088075,0.0191789384437009,-0.0317520977679634,-0.0306080117005958,31.9,0,3.3109035,0,"V22, V13, V25"
122173.0,1.74704960012774,-1.34959532963652,-1.61395739668818,-0.314098883272087,-0.549331416439611,-0.446186721823116,-0.146239151640295,-0.202084782167277,-0.468403175167187,0.868527940022121,0.19098962589221,0.316966562732544,-0.147652933196113,0.525586064481844,-0.177584599762901,-1.471083272971,-0.509928093732989,2.01350340415534,-0.636721230224862,-0.235716973790682,0.0957714316599501,0.437927810197295,-0.215408693570595,-0.544510926637857,0.145118996547199,-0.0237446219351007,-0.0306729510526057,-0.0340047002061095,214.0,0,1.4513514,0,"V22, Amount, V24"
170382.0,-6.46352053855252,5.1205561472215,-4.21009154112969,-0.898888176520828,-4.3164949469266,-0.932718127530171,-4.48939739305113,5.51021023224152,-0.18309719235794,-1.60368082525575,-2.9534001581402,1.80843896447072,0.13028515064336,3.44233703349462,0.0324538343880638,1.71939752448183,1.48674560986783,0.377336764550193,-0.28011430406298,-1.00728079910067,0.352420222034882,-0.818960816425187,0.785959036764336,0.574975862242806,0.259257433680795,-0.337734952517022,-2.05748116951336,-0.501969883638499,1.39,0,3.821783,0,"V24, V11, V25"
48774.0,-0.395417418675588,-0.225616411081063,1.54291085686635,-2.56770341017538,-0.310327513566486,-0.847394916931578,0.558809739492232,-0.449672411274772,-2.65581335508008,0.86034258466233,-0.925738960006112,-1.37076799601385,0.407804920367245,-0.479655419640711,-0.120534727963572,-0.384291515946603,0.14149945983225,-0.331721432138437,-0.206781912662103,-0.146024244496101,-0.57576780134398,-1.31669369085241,-0.0977098955799796,-0.202551696673314,0.300130381333746,-0.600268209375152,-0.149670484340977,-0.164426378498046,42.94,0,2.9182854,0,"V22, V7, V26"
132280.0,1.80332591726868,-0.144884579396156,-1.8265250182787,0.636639237041445,0.0942235348904989,-1.46454858036099,0.504873382180676,-0.477703459666314,0.450788015263038,-0.55713512768144,-0.199478781534053,0.508613556335275,0.83902914472313,-0.861677163598074,0.823583711225663,0.178712260938036,0.356841690705176,0.422938689944003,-0.483440509894417,0.113465106012162,0.285248957446981,0.740955969865856,-0.145030304735613,0.0118053687464535,0.231593931829406,-0.120780262174163,-0.0218169219622241,-0.0063750914819923,134.9,0,2.3786802,0,"Amount, V22, V6"
41870.0,-20.9069081014654,9.84315322329519,-19.947726046163,6.15578864849515,-15.142013159868,-2.239565648142,-21.2344631540976,1.15179506554623,-8.73967037069304,-18.2711681738888,4.67734929657245,-9.58356643737056,1.03516582361622,-8.19969002891841,-0.32651888245129,-8.37643882097816,-18.4854603221489,-7.58997395860914,1.1266403652792,0.396654845079575,-1.97719619445615,0.652931885295435,-0.519776859411322,0.541701730134149,-0.0538607606750096,0.112670774311131,-3.76537100922261,-1.07123831223447,1.0,1,2113.3306,1,"V17, V10, V14"
46012.0,-0.746829563103271,0.929198988716742,1.00000881076768,1.25837052288549,-0.0022885402811262,-0.123607747372567,0.216967387834667,0.506812446139593,-0.4420197459579,-0.5647453191908,-0.897139183235036,0.153160427027774,-0.470838966305509,0.436420860891813,0.0078241079435648,-0.953455564897153,0.694857523348483,-0.615051851254448,0.42473972950589,-0.120975866894922,0.089889478464178,0.276058140135729,-0.0328503244585084,0.0872992694065069,-0.30456187145966,-0.323925268282979,0.0769720960895634,0.0709815653231406,19.09,0,1.7948606,0,"V17, V16, V15"
47292.0,1.56904341856269,-1.08962609783626,-0.119479016311168,-1.74753543860641,-0.899351096122962,0.0538854860796816,-1.08804732459559,0.023323753707693,-1.90282845768452,1.63240324186628,-0.117183793330657,-1.0217458977259,-0.0710677430010976,-0.0481051821617161,0.0449329526758108,0.225018556662595,-0.194320901932676,0.985323168930169,0.561422883205702,-0.317304119572355,-0.259453356975917,-0.420385410972596,-0.138468160461118,-1.07332285385222,0.513584119260704,-0.137043481835651,0.0194220023842291,-0.0043161910432792,15.0,0,1.6840901,0,"V25, V24, V18"
66385.0,0.763360926655027,-0.485218265958483,1.3138995846258,2.80724002245559,-0.639699672110267,1.65301223751332,-0.815588652291722,0.681745859711104,0.400474552255318,0.454791502016533,0.545099431695479,0.416793230354704,-1.69555163703936,-0.152496778873998,-1.50661533171295,-0.281568910652469,0.403860169431306,-0.518631091638044,-1.02742443458582,-0.10550509723264,0.180379700126646,0.58798500831417,-0.163239409220016,-0.278093314133276,0.348164703486594,0.248209990855999,0.0472606807775322,0.0264245051699845,113.11,0,4.2263494,0,"V17, V19, V26"
122819.0,-1.45796763617766,0.993481359848949,-2.32274372786169,0.0546318350840334,-0.857633621423922,0.0452256901036465,0.88478824694403,0.860204644456907,-0.281662876404172,-1.71008919464409,-1.46527143901072,0.660494024219012,0.996599029063805,-0.687809657962009,-1.02379228028921,0.506793016132508,0.995343684642904,0.207933082120176,-0.313701292388339,-0.697391417609973,0.160373200036115,0.600660484464386,0.302352058738575,0.415487336232632,-0.467655621658474,0.271541907778995,-0.227588927421303,-0.388057467336763,250.0,0,7.646702,0,"V28, V3, V15"
85160.0,0.910712918268737,-1.0031167969785,-0.708681657950156,-2.02461951936229,-0.382059522402251,-0.63944104508476,0.337051662917885,-0.162254277439785,1.50095146863463,-1.52574775777324,1.42589464396127,1.79123635480055,0.0977065098825087,0.53991372616246,0.635109171370382,-1.5159793998596,0.197400772554986,-0.0719281222941294,1.35553021341996,0.283323097849608,0.169414870498718,0.367054021154105,-0.41973840073195,-0.222555546548525,0.89244350431361,-0.648471087101533,0.0236608379349335,0.0278172541777622,200.57,0,13.312901,0,"V4, V16, V19"
127487.0,-1.37873961669652,2.04922462638172,-1.36376642986086,-0.670047931365626,0.198068428783296,-0.978614545887639,0.424466472062731,0.485676406049447,0.503122992126366,0.0785517624548856,-0.807705915370588,0.0328796353925538,-0.125768646519749,-0.828181233067205,-0.201443412802009,0.407816871759117,0.587779209551522,-0.219390218070847,-0.334934089266452,0.197244736415405,-0.368074277195188,-0.911841360911466,0.202345071799156,0.610965276618961,-0.285400544501204,0.0739279800421235,-0.144390043491866,-0.0845444708241826,10.99,0,4.0941334,0,"V3, V27, V22"
59757.0,-0.749031163587611,0.178779881418041,2.49190468296787,-0.91095899632767,-0.474064529324175,-0.0618348685827674,0.396914285586068,-0.0356098549997962,0.853467375678463,-0.905947555397065,-0.44534615332455,0.415152734585435,-0.21212181139686,-0.906500207190855,-0.783931207554477,-0.390611167620015,0.116010262630797,-1.14947312895448,-0.691227796156498,-0.0964725833290103,-0.120442000469963,-0.0034884231342347,-0.0097623736100707,0.462372357298278,-0.527605256675317,0.708480683946777,-0.224514422710812,-0.0959302958340765,40.0,0,3.6429195,0,"V14, V25, V18"
66846.0,-0.727351314786868,0.813971046201319,1.76889660170015,-0.1892416998205,0.607430497728715,-0.160632209022985,0.581220806998751,0.0813010952415087,-0.658015503978893,-0.660402634716101,-0.60296744611519,-0.126521641679697,0.19763656611,0.169059811256544,1.19240557732785,0.0191568068208754,-0.251192621931247,-0.627587906407014,-0.0343516147822375,0.0332065783671371,-0.195502100774506,-0.649763672485695,-0.172399523656383,-0.435665914507471,0.122358142167743,0.187966252311206,0.0196316709926806,0.0622220282773399,1.29,0,1.6203666,0,"Amount, V15, V24"
143313.0,-1.12326261437064,2.01836350155826,0.939140077182376,4.39454370059443,-0.568767866443024,1.14172812751079,-0.849120158905891,1.20825916596464,-1.32135563018135,1.56499681374573,-1.77374946567824,-0.804796268517865,-0.285255100695655,0.431162693998941,0.713987156781154,0.336847245736941,0.378963041239786,0.776643681254631,0.934442397921258,0.178096636046632,0.337352443015576,0.97292848541372,0.0067340393915065,0.729119850138334,-0.577365784880078,0.468013418200947,0.214444725743435,0.203231826417399,7.56,0,3.807039,0,"V24, V8, V7"
72342.0,1.24358847721199,0.0131452076476987,0.300774256943464,0.584806676824507,-0.644637236847871,-1.07282102184368,-0.0411552995341494,-0.136523277353134,0.357659352641666,0.000166409597537,-0.621304324144799,-0.743500124914748,-1.62806547805154,0.615247721853976,1.19186035788646,0.278533201063995,-0.273731891835028,-0.0517426129210798,-0.210053735507376,-0.181699196034658,0.0267628068825561,0.0074357709563147,-0.0632586170648525,0.389256028719175,0.434693370770142,0.539175337089021,-0.0574295503330285,0.0079937750761864,17.48,0,1.6316838,0,"V13, V12, V25"
67977.0,1.21427798483491,-1.22098670588639,1.27766403468603,-0.374565243096103,-1.55969468540459,0.968454259570783,-1.50998284355923,0.370145371662125,0.364563933651893,0.433581624748704,-0.345986170073279,1.08992219875202,0.807496492677357,-1.12378693469289,-1.8890970198486,-1.35349446295838,0.0061293853146835,1.58344900108296,0.300360114358618,-0.343998366420834,-0.435007582107432,-0.453275857754533,-0.0929329431286539,-0.414367009870899,0.205386245578615,1.13175928481699,0.0158398547478699,0.0121955930188035,48.5,0,1.9507178,0,"V15, V13, V14"
30040.0,-2.94367752690764,2.70378935501111,0.091538121341532,-2.29676612610478,0.0400438624484037,0.114192352050476,0.139711331190361,-1.74103293242138,2.324924487591,3.26081486446273,0.578877197377265,0.2966245587591,-0.0486118896341915,-1.03912258485821,0.0818117117812866,0.80318904382473,-1.53540856812846,0.319280946079467,-0.360720167083096,1.17892648513799,1.02657633393316,-1.05573992085048,0.101671834384716,-0.884182565703951,0.355899960318932,0.765245568346335,0.816690316105689,0.215716035719674,1.52,0,6.268053,0,"V21, V8, V26"
80743.0,-0.659554885356115,0.321859196598415,1.95829940720701,-0.285922282026245,0.037973633950869,-0.123432780108181,0.442593010108247,-0.333373647452608,0.0402063785073025,0.531261817972186,1.8664170581549,0.12773234713173,-0.773320881253863,-0.0396952168502127,1.27215375354102,-0.396076280147864,-0.08765102276201,-0.124541316368692,1.04888782597389,0.0739826661762586,-0.0129997436130418,0.244332907045496,0.119446330889522,0.260123947457339,-0.90201880698614,0.889325502156718,-0.65153263046049,-0.267113215324639,3.46,0,5.9731026,0,"V27, V26, V15"
36657.0,-1.3416971832081,0.657390319607565,1.749810827912,0.355568571511008,-0.386755162935777,0.155752735250249,-0.383922574311531,0.657071176011807,-0.618757934941532,-0.266388891746928,1.43366843315724,0.808497929707999,0.178073146629773,0.420337548240236,1.10318236053078,0.261670072377481,-0.0880590864247528,0.175693214678901,0.479978333334308,-0.218456760906895,0.0521931480122652,0.0848996306611111,0.205666806043635,0.0259370027509104,0.035999569571243,0.356021152826281,-0.322096115367396,-0.126795340395464,10.38,0,3.084927,0,"V15, V27, V11"
67891.0,-0.641043915414842,-0.568909446642353,2.79523820579375,-1.52031029865304,-1.29285779076027,0.579377493123316,-0.947601631365673,0.584874178668775,0.184984780029152,-0.278585221295219,-0.361166755476528,-0.895495808997478,-2.17863886877785,-0.960668260575514,-2.53224236362748,1.14747183864119,0.349458091544599,-0.427010163600401,0.762911099607845,-0.0703967673224442,0.232911615121063,0.7742796624223,-0.328542288494912,-0.0016033481669397,0.15636056183472,-0.194291789085331,0.116143980926406,0.0856213116642797,14.0,0,2.7008321,0,"V13, V15, V12"
51090.0,1.1856329006481,0.0075667857163506,0.635259492781391,0.773919732907807,-0.645999779636839,-0.520100783875554,-0.171428680813226,0.0361631927406268,0.288348351672704,-0.0034423806982324,1.1083092210309,0.888433985946651,-0.800893707712591,0.265862663979063,-0.856336909307835,-0.116214168422384,-0.108166075988562,-0.207160419827899,0.437530214706632,-0.168388103338495,-0.177921543390108,-0.385101001265067,0.0387740732654642,0.56231895692666,0.377297721152053,0.241461540263388,-0.029007621157107,0.0024620260484007,1.0,0,1.8000108,0,"V15, Amount, V24"
153688.0,-0.694620848263233,0.90514977990799,-0.784016177200239,-0.835951078448785,0.796864118587072,-0.234224016697883,0.583567314724627,0.519604006472807,-0.0284231731389601,-1.52617923882483,0.0424820275290636,0.489603567302828,-0.0713526977071228,-1.15212092656184,-1.12618852821493,0.582789100738717,0.579824124471756,0.926434558700635,0.472321566674063,0.106299496794945,-0.190915100069478,-0.564223341319151,-0.156188133611536,-1.22597230746982,0.396984786294342,-0.015970145511922,0.0919878186608901,-0.0421236639198209,59.15,0,3.074029,0,"V24, Amount, V17"
79287.0,1.46792235701828,-1.27026709671213,0.0313166645879584,-1.64886387849581,-1.12297021808574,0.185382692875664,-1.2484896619478,0.215072487950236,-1.70480544899622,1.62928520485731,0.310715991365118,-1.6013623479999,-1.76346842704261,0.329094289658271,0.432666611539124,-0.14721056182566,0.368238930302527,0.558737332970027,0.0098727863234082,-0.447251655136048,-0.208944415028467,-0.342716947722288,-0.0329732537367831,-0.894036879673573,0.312535120731567,-0.136128425888128,0.0243774044879592,-0.0039830532497716,25.0,0,2.3546672,0,"V13, V24, V12"
59025.0,1.09569384211652,0.625121028339361,0.0899821653012425,2.26806098835384,0.665821545612754,0.436008320249836,0.332895719064612,0.12311292178578,-1.37559413656416,0.806013005535027,1.67693871977496,0.926745796745319,0.185475215761062,0.704724629964942,-0.0255421865023446,-0.0812167907056647,-0.184697134081375,-0.953939465778899,-1.32435071837734,-0.192480037596124,0.0978122182891971,0.308107127054895,-0.0620504150583004,-0.265847253736323,0.563585983570804,0.108662674501211,-0.008494708398634,-0.0057328996714978,4.97,0,4.1514487,0,"V19, V18, V11"
85264.0,1.05257920305599,-0.879432666048554,-0.18822877409482,-2.43207333429512,0.192804247022594,1.55480484401763,-0.654476438368745,0.556761915876378,1.91968622033775,-1.65885597283899,1.67068142331617,1.99625010254989,0.380491015960052,0.232274442970017,1.84673609279433,-1.92934519644409,0.720958706848186,-1.12473390338363,0.240252094666906,-0.0844149284876558,0.150816876669649,0.77653001828583,-0.166278941624997,-1.82805392440157,0.503061557263096,-0.576030942018704,0.143852790958259,9.30177954987753e-05,49.99,0,12.116272,0,"V4, V19, V16"
74206.0,1.16198913528312,0.183723938004463,0.163219669602937,1.17902440820947,-0.317847420839624,-0.843492093731851,0.178212338450177,-0.0480749742168673,0.174979005747183,0.0366551411370425,-0.245592261079645,-0.781899611972696,-2.33198564446713,0.967393517131039,1.24956881771603,-0.363788044813781,0.16679362650894,-0.586205232323297,-0.753170155484218,-0.307095678434232,0.0022865264130938,-0.0540090598461671,-0.0097800791678148,0.336117493212043,0.531551231818138,-0.342266493963894,0.0033331722667251,0.0141835546725739,17.77,0,2.6495152,0,"V13, V12, V19"
135877.0,1.76120151315328,-0.8832601322152,-0.222660848109383,0.13236874490112,-0.697487723181544,0.571940836964438,-1.01928920506755,0.299239496872468,1.30001834850034,0.0052973035659883,0.437630522078849,0.776889121606989,0.2908524094051,-0.0264123023308351,1.01465638751812,1.18531408419766,-1.40672188213454,1.40049833387618,-0.174193641542376,0.0706746334489731,0.34902954151247,0.829561270874343,0.0831197030664206,0.196765614943048,-0.382326870870387,-0.327523292928731,0.0350322284179091,-0.0126012126057579,112.22,0,3.3605833,0,"V18, V16, V17"
48943.0,-1.50676227430199,1.52079116346128,0.732673311536665,-0.0364683560121199,-0.621347749731906,-0.890334361630949,0.25223649062011,0.798267595533992,-1.16168532554813,-0.532405857640102,1.24787800275537,1.02948813527039,-0.0585266181288341,1.11530152543249,-0.0520588528665451,0.466085597579723,-0.163974760026934,-0.185526649187895,0.43840318138957,-0.133534961636354,-0.292037506020231,-1.17721553584082,0.185392574217819,0.486851751887536,-0.414540629126651,-0.198071502449067,-0.0449809299399604,-0.0088114230639631,45.95,0,4.086834,0,"V22, V14, Amount"
155952.0,-3.71580839058352,3.80133861635376,-3.27778735825834,-1.69340066238863,-0.501607240784099,-1.69243875757142,0.128685630888977,1.38464874516287,1.21927520315552,2.45641913447215,-0.0834247295713998,0.0782375879144439,-2.05505147372472,1.57303847449893,-0.612417127505,-0.120628791497466,-0.178991672180657,0.40464116296634,-0.0614213504190069,0.877369269675814,0.0503004576886905,0.56600432249728,0.0541816102893612,-0.385554945908842,0.277719314966632,0.12675204923267,0.866158621440947,0.443227363821714,0.31,0,2.3037167,0,"V13, V27, Amount"
17499.0,1.1280512321498,0.388697713691932,0.832076056875989,1.31216893296109,-0.197585607554389,-0.128384669877014,-0.187058962624793,0.0537358081602927,1.04545157911703,-0.216649740123979,2.68187082062878,-1.52342896834799,1.27676089255138,2.04514392388003,-0.207671345848021,0.112412704010762,0.364200360463118,-0.153190018138436,-0.633351637920177,-0.235485293501695,-0.38611031549204,-0.897379965499999,0.226254627880914,0.0886419417623968,0.113973734488249,-0.748746626601468,0.0099845002713991,0.0130901183434429,1.0,0,2.3585496,0,"Amount, V11, V19"
102669.0,-5.60369027985602,5.22219270751471,-7.51682997724608,8.11772427554261,-2.75685795265464,-1.57456462233583,-6.33034325040366,2.99841888080239,-4.50816689310713,-7.33437708370839,7.18872396524447,-10.6551809118898,2.59467986078199,-10.242859083204,-0.191158119172494,-5.50433407013933,-8.69777741257031,-1.93422536185434,1.95874993153475,0.227525994742654,1.24289620552409,0.428408392466797,-0.101183595116722,-0.520199121186447,-0.176937756589733,0.461449982566097,-0.106625180749266,-0.479661947808134,0.0,1,680.7254,1,"V17, V12, V14"
77584.0,-0.964381045605559,1.37392450220099,0.677102730702622,-0.121423069147775,-0.191863384690626,-0.570486654391657,0.177365311277368,0.582290648691069,-0.469596817190357,-0.232841383588925,0.913780004668427,0.185659698051791,-0.759522231567775,0.176635620084838,0.297299494770366,0.821968638099488,-0.150179182529879,0.599274058350988,0.292635784814995,0.102805637612577,-0.230756758015752,-0.74870156061067,0.0122834054894946,-0.0770700338915996,-0.101266785541259,0.0846306058826192,0.218085012985827,0.0784884894735929,10.2,0,1.790448,0,"V22, V16, V18"
150434.0,1.87155390667957,-0.621819719388592,-0.741354455363976,0.121739392689174,-0.300333099834005,0.219247499564771,-0.604586376965518,0.220631884146621,1.12321604106504,0.0435508204371327,0.28327995917856,0.299234954596973,-1.01937252050995,0.451030112843957,0.498496099726705,0.778090364090845,-1.05588016344612,0.770096522989789,0.30298357458587,-0.109938173548329,-0.102620878922135,-0.461164930979559,0.287466880491156,0.116137148922435,-0.450425801938759,-0.638646110361844,0.0033756443696524,-0.0300373012940356,70.54,0,2.2568917,0,"V25, Amount, V18"
113521.0,0.0068319934388262,0.111827933321363,1.02118581196908,-1.08952273724497,0.230432095012194,-0.156342786298664,0.32364397501737,0.0239893581790996,0.694592340722268,-0.334711348325836,-0.0069283274156023,-0.3103475267503,-1.57264114649733,-0.002275609697093,-0.800983037944017,0.773605757233412,-1.24159109086651,0.875442461931949,-0.762465821635476,-0.248976968448925,0.383181062595435,1.31399277798994,-0.0915974949834696,-0.376906517993994,-1.2723119161665,0.329411363213089,0.0543879604757982,0.0199874220435486,5.99,0,4.8487215,0,"V25, V22, V13"
46937.0,1.13892929807718,-1.09660058590013,1.04579364904492,-0.570454603192604,-1.63107874772376,-0.146203151412053,-1.06697067650721,-0.0131861000710948,-0.32827709238323,0.540573220761279,-0.877855649754643,0.173158758336646,1.58360258927053,-0.599196451635558,1.43682953889689,-0.507901709455841,-0.582428465918921,1.69069824541445,-1.02823253249784,-0.130051023332655,-0.115471557643683,-0.0329624825431734,-0.100063808653963,-0.0441929623573664,0.0148637137063045,1.13058658299189,-0.0182548852185245,0.0447735207460289,125.9,0,2.2226584,0,"V18, V13, V15"
78241.0,1.28354720567051,-1.34193293277797,0.130610490067168,-1.49560461318627,-1.21631971405814,-0.0654654102530598,-0.940821150925952,0.0248544916969146,-2.11247052717275,1.54065402274419,1.12882992665567,-0.344078711628951,0.229737097969983,0.005531988497081,0.196729363955723,-0.39481948541668,0.432918012847733,0.143978045873458,-0.218633641880318,-0.167307571267764,-0.100349422321292,-0.121189537917709,-0.074090157595259,-0.332402082537078,0.306693891073635,-0.17694626529355,0.0197244192227454,0.0183524451653763,105.5,0,1.1093754,0,"V17, V24, V11"
158891.0,2.01271947624802,-1.12085617544229,-0.554045415014767,-0.92992259448721,-0.585720828332563,0.698131085284265,-1.20186327657994,0.271683830460938,0.0809518902373087,0.586926110489602,-0.111217172329642,-0.0585523249427071,0.470737693863127,-0.457703033180177,0.958255678006044,0.204499118952335,0.999166057094655,-2.62454695806268,-0.699481369056111,-0.0988469823151538,0.416507241079355,1.40502545576133,0.213375109034214,-0.98651543055179,-0.37036010924419,0.008397393483276,0.0644901602928923,-0.0575167265047281,19.95,0,2.0907,0,"V22, V24, V19"
69455.0,-0.787732841435895,1.07699204119856,1.44325828269377,2.58785612520635,-0.266748091101964,0.612788030412198,0.36790950236546,0.563258611013881,-1.15915253199444,-0.091836419117626,-0.881082801512575,0.532168928716555,0.803370186983758,-0.0771469890998125,-0.611445736660681,-0.436001932262471,0.498493531528709,-0.763479211876856,-0.225575503994044,0.0744717754987159,0.13123089702261,0.339777387349506,0.0621000653328675,0.101732988764359,0.115684935518925,0.16418802593965,-0.0762210608840096,-0.0314081585576732,90.03,0,2.9211142,0,"V17, V26, Amount"
47066.0,1.34872339022068,-0.960775763451437,-0.0341185021372807,-2.31512933223064,-1.0265105436679,-0.500244182870145,-0.711059135163171,0.0815860885921394,0.179521448494851,-0.0574007958461624,1.05624061222992,0.129681736815652,-1.3229856669897,0.711122309849757,1.35131230755318,-1.88995700800781,0.0959402062428432,1.51115276395813,0.0363679526051375,-0.573286713356076,-0.397822981904406,-0.676993993455174,0.0486335327641191,-0.352695815535308,0.253830135917859,-0.0538181131211947,0.0256700104582032,0.001580863193913,18.0,0,6.4506526,0,"V4, V15, V16"
143093.0,1.98037732472652,-0.51742370075796,-0.222576438887498,0.424032175649933,-0.930366211442103,-0.635303592494029,-0.679578461114455,-0.0544446241564346,1.32843669106612,0.0022512325367744,-1.02031928113382,0.211649197591301,-0.107477162939778,-0.222834175757798,0.383526260906465,0.321024767113908,-0.44926745136318,0.0526245991833448,-0.264820988410566,-0.190537412371497,0.213779653576907,0.825970849336207,0.131871096257183,0.114172355533689,-0.268418670271094,0.739189943387216,-0.0306722517588232,-0.0488910616509253,15.99,0,1.7843693,0,"V22, V26, V15"
90925.0,1.30783420303802,-1.48930444533591,-0.805144939917795,0.643228013619705,-0.847109736457864,-0.0706402600793065,-0.331246316320937,-0.031992939373563,2.61005147707483,-0.524732884604517,1.17968383216495,-2.26339602215307,0.452034231602592,1.97363801779093,-0.13928887892029,0.575360794070626,-0.270038930406957,1.53720111451113,-0.168749369819318,0.377012064074771,0.293926008477297,0.394678094049354,-0.228967652728954,-0.572081406032186,-0.229938300346325,-0.623400675256345,-0.0474053619838859,0.0043393842200768,357.3,0,3.2935495,0,"V12, V18, Amount"
169036.0,2.00673915292831,0.218341818649786,-1.72348679194348,1.17676517294801,0.74982873505868,-0.575153867775056,0.595261852980678,-0.29583534652677,-0.158366145101591,0.40098464654722,0.513033191318544,1.32873474424547,0.563741263403935,0.540013708751819,-1.28173318039729,-0.465584614842394,-0.570351454282483,-0.137426747033462,0.209272716503434,-0.215777939168447,0.0875088161229699,0.48005251672579,-0.0772102227267579,-0.437299378982573,0.508184337471027,-0.485438058811536,-0.014255278113164,-0.0737422166026106,12.6,0,1.7701936,0,"V15, V13, V4"
50163.0,0.884846627888677,-0.58508693529254,0.671847732924873,1.3632264973846,-0.802593430583663,0.275889842066419,-0.353728533088744,0.228736382246693,0.814696786048974,-0.0884339537749694,0.219388235035226,0.454896207497445,-1.39614086968808,0.0979497727177292,-1.08308019671928,-0.0293579443549471,-0.24956358000106,0.50230440775824,0.396018528167684,0.0605955958696351,0.0542149742723641,0.0558082438963438,-0.270977333384568,0.0139727952953635,0.596620457333807,-0.2843125450667,0.0202427649368002,0.034891029415431,144.5,0,1.7886764,0,"V15, Amount, V13"
59406.0,-2.29158551867999,-1.09540912104642,1.42819754743141,0.210357366669141,1.71507189182417,0.547236297255653,-0.183325821806959,0.661887478088579,0.646518583565234,-1.60887099230106,0.186312796450456,0.455301006654597,-0.843040349829139,-1.45190786211312,-0.529714456558017,-0.8223660965793,1.5754192771699,-1.79379907597881,-3.37917434842123,-0.231878672540026,0.210817199067318,0.654797155901385,0.239899683374986,-0.738481175393017,-0.170734898744476,-0.547208468298058,-0.0154074930267493,0.440835246297667,115.27,0,10.324871,0,"V19, V28, V14"
143061.0,2.24878710663779,-0.616810040817718,-2.5585260487138,-1.03155484286851,0.252186755191763,-1.2712429572254,0.237518907284291,-0.386164986468448,-1.06543964765915,1.15307095745802,0.700296705792036,-0.947720268648833,-1.93243059594969,0.974173331199545,-1.00874703543734,0.351268959443185,0.393728166268764,-1.03143025448254,1.04703680031014,-0.135246529985801,0.509551220063763,1.38934836841315,-0.185742498541919,0.819088198910374,0.687371039835011,0.249454553336898,-0.116724258635682,-0.0984408554778422,18.0,0,2.5579586,0,"V24, V13, V3"
77978.0,0.694997715791158,-1.3160358629343,0.703239062411143,0.211406596682046,-1.15517731815589,0.646474023463206,-0.628745309346735,0.383493273380305,1.15890366260751,-0.392844129018273,0.585778978231778,0.471679484395021,-1.49597662810913,-0.005604077696195,-0.537128380848314,-0.0209427645045531,0.1436078652621,-0.257962272984772,0.455649444323468,0.295393580742565,-0.0511084898492223,-0.489905024567231,-0.131841821978258,-0.249477381728395,-0.0583067759281412,0.954682758470836,-0.0753238434987919,0.0351316061578098,242.72,0,2.3482833,0,"Amount, V13, V17"
109702.0,-0.72828827329425,1.79930697704061,0.884007229608936,4.44168979926306,0.943892239057062,0.72720825885284,0.13554414668788,0.56031866050826,-1.40338297408483,1.20277392182059,1.56336547312797,-2.34762235018401,1.87341471958023,2.37713134280669,-0.734320304277994,0.0704997563805409,0.814847690769439,0.560083231081905,1.39309703687248,0.299698555582592,-0.256828360372739,-0.684303257232467,0.0813396125619611,0.65245103979014,-0.529564420944181,0.0022407901867612,0.25435420953392,0.104947967209163,6.02,0,5.178293,0,"V24, V14, V19"
60544.0,1.53713285057244,-0.878153787038021,-0.483709206848739,-1.78766458593505,-0.348154028667508,0.150661803363255,-0.65188980213976,-0.0430811452576323,-2.42102056106992,1.57089472325172,0.552844621083306,-0.253887177924404,0.838532609466047,0.0417087726358144,-0.10383907539019,-0.42920449138344,0.237511270770818,-0.178772971040308,0.400062372851086,-0.296472694413717,-0.497613003607256,-1.0778810147854,0.0189067983980397,-1.20080846490752,0.403299582257945,-0.36608833986273,0.0160361352994411,-0.0086991353696143,16.98,0,2.7436297,0,"V24, V22, V16"
146966.0,-1.62885177498977,0.0281377226277679,0.703209720442189,-0.427028116305432,0.385180413480052,-0.390388715411413,-0.121550340877516,0.435800480248923,0.405357482807036,-0.955622941142938,-1.43828263292686,0.0796915287505815,-0.366646567065088,0.188500960970138,0.0505626345973802,-0.138632267737688,-0.0144399630754897,-0.306519442787769,0.912269760676319,-0.227440544981552,-0.319185139513868,-1.09182343403407,-0.160251379892687,0.562036044991395,-0.40456755818711,-0.372109538786093,-0.205421179565216,0.0270997103925523,30.0,0,4.5070386,0,"V22, V19, V24"
135042.0,-1.90076850715667,-0.5912175325036,0.313679381759399,-3.01628095114758,-0.547378147779795,-0.0610309418137794,-0.876719140589527,0.883144594986029,-2.75706605796159,0.21449391529458,-0.239049432656647,-0.289225271212864,0.651546262450786,0.153769352884612,-1.40830270595285,0.263598086622641,0.132042113176801,0.710622572485383,-0.197405803533866,-0.524723915970509,-0.085983884641303,-0.300840563736092,-0.528599928373898,0.202465876672808,0.695701234356147,-0.18914809889477,-0.223714947458054,-0.299946905037256,74.95,0,4.937066,0,"V28, V16, V8"
85171.0,-0.429994555618753,1.03661987629399,1.45762348667985,-0.232788409543483,0.194931497285032,-0.360584647491754,0.649184757102751,0.0642688448454858,-0.730828209366924,-0.163599522032779,1.11136346654133,0.870128427427358,0.647801079691568,0.190690165924926,0.101215674446464,0.462259630182568,-0.801922119222509,0.173139423342309,0.424016664729399,0.16183899040444,-0.190352691280409,-0.490559518347694,-0.0806970568681165,-0.0041302152493358,-0.157611543418378,0.0722055677396969,0.264918701713009,0.108807636644783,4.47,0,1.0502658,0,"V13, V27, V11"
66671.0,1.23600243010202,0.281638693124534,0.185434757627175,0.502244798923791,-0.169624590934044,-0.564583813170698,-0.0348842852121622,-0.025759199983796,-0.17809507891858,-0.108256736932537,1.30892700685807,0.721793365899707,0.0229852235198103,-0.0755810696531523,0.436812254626843,0.778971513873597,-0.365326133853431,0.324912868572904,0.215983954537385,-0.0699040597004472,-0.259395362059887,-0.792415419907197,0.0782627560589114,-0.0417331782830183,0.223783425276092,0.0978813933022988,-0.0285072586871592,0.0169717562263816,1.98,0,1.0843681,0,"V22, V18, V11"
76826.0,-6.61629292560656,3.56342789803106,-7.05890129814843,4.28434595524384,-5.09629887292392,-1.76861780360559,-4.93755412732933,2.74845954534783,-3.79675959454545,-6.8254901042394,3.25959475409854,-6.94389061823948,0.43597516308899,-6.94701030902337,1.01100406527995,-6.16683742461485,-10.564346602529,-4.01018815310236,2.14350179519978,-0.54163415582255,1.21597610572025,0.0411777442210425,-1.05909770217904,0.275662062254882,0.057424927985318,-0.265838484019501,-0.514636936427821,0.388590269335523,254.76,1,553.81055,1,"V17, V14, V12"
140968.0,2.07479381847746,-1.11211219339389,-0.868668682088083,-0.950794476150061,-0.941627881463538,-0.546906256811484,-0.83098786496054,0.0642306891795985,-0.0868634267272977,0.92732185044358,0.439825714963014,-0.881499722675723,-2.04686839251999,0.370563993188125,-0.408759358511891,1.3849009826985,0.0566556711505242,-1.14570203837817,1.18798310041708,-0.0917966622385017,-0.239754466913638,-0.928635858713483,0.425606878959604,-0.509781818946832,-0.622645213146857,-0.665256977265191,-0.0301780928761608,-0.0563773038871654,49.0,0,3.5399106,0,"V13, V22, V25"
152336.0,1.93922284469292,-1.36395209132095,-0.697565729617819,-0.877125597859007,-1.09822386954369,-0.284219408144227,-0.946736358112304,-0.0188022632793099,-0.111854090812271,0.861206009985043,0.529341315085394,0.0949925335551013,0.233768730061389,-0.291877768387996,-0.490011058897063,1.47097622045251,-0.253041082718347,-0.511333089016767,0.844781345388223,0.210789772452174,0.414420746802179,1.00980826871097,-0.0198822492284273,-0.362448754753324,-0.167369341638594,-0.0946783069479104,-0.0139789210532146,-0.0431695583737462,119.99,0,1.1364012,0,"V22, Amount, V3"
151954.0,-0.31303319591178,0.750504967273981,0.215182627630322,-0.701231599366804,0.872092820530407,-0.325552575615519,0.963439676180475,-0.0622510671368614,0.106769463876135,-0.557239534875597,-1.64314975842948,-0.205560992788067,-0.291207482233283,-0.0614449788695743,-1.01896807208145,-0.454638248107348,-0.251534545364008,-0.236560659714424,0.133747643764561,0.0400039883225753,0.159321216496532,0.749568683522256,-0.317539026763341,0.557652531523763,0.0336802953678675,0.65937384127776,0.3355062035343,0.221673561579369,12.31,0,2.8777814,0,"V27, V15, V11"
139185.0,1.76417854486892,-0.293415754049612,-0.80505686115782,1.20698274585492,0.0351090545900941,0.123030471132337,-0.106521646473713,0.020023917343474,0.290792043137258,0.295321481084146,0.941017782511442,1.49540878232848,0.847321448522521,0.162998844805566,-0.492843411973327,0.188543006678464,-0.805658045527097,0.243031730077645,-0.280562712479034,0.0067819782224613,0.161211615433046,0.416710444933856,0.107722023845058,0.70678066886691,-0.0337131350855094,-0.718932134258727,0.018925139408749,-0.0237429438917923,95.66,0,2.6853156,0,"V24, V26, Amount"
115516.0,-1.08308726445697,1.36988482659381,-2.23083582658421,-1.33496269716669,3.45272332161614,3.49022564173443,-0.0246093179035617,-0.694218161558001,0.0514658288028613,-1.36288526477309,0.220309672963851,-0.423231756385784,-0.685536553594285,-2.52416074477476,-0.406666845651459,0.233207893865147,1.98319447919279,0.690978655153342,-0.527301153528854,-0.311470449746176,1.53596593034576,-0.162518704740978,-0.0238666340902288,0.532269548733136,0.0637657922626082,0.706610213311586,0.380251390333295,0.262551806103011,12.31,0,11.255301,0,"V21, V8, V17"
77512.0,-1.10630740357786,0.808940254567101,1.56283366259707,-0.208697178899114,0.78388833771815,0.0050912059747836,0.807049361353801,0.155900303432927,-0.782248091308477,-0.517018929701771,0.93899275884691,0.253218155952683,-0.687119941126059,0.515229980938344,-0.0083416788168147,0.216818099996273,-0.712617518218017,0.156609429972507,-0.79901656863981,-0.158099085009702,0.152821902473622,0.281487702969364,-0.369683683916895,-0.320264129979583,0.62514847772378,-0.390749289391053,-0.106907047716216,0.0807543433599663,27.0,0,1.529114,0,"V19, V22, V11"
27680.0,-0.854805320874618,1.32113507603679,0.263352932342966,-0.0104478067261338,-0.376520564270351,-0.33850828519112,-0.195756967363311,0.928644019293861,-0.911970879052579,-0.559404258850976,1.09108361262299,0.898624406856254,-0.186778862773298,1.079450112641,0.159519261974879,0.201770799018016,-0.0084818479366716,-0.0333141095424936,-0.198354653521899,-0.362217171463794,0.277824917531897,0.491018750366095,0.0335583553630747,0.0393298570132228,-0.34658997636344,0.293892805294175,-0.363454424600662,-0.109335272365874,1.5,0,4.1312885,0,"V27, V14, V17"
24445.0,1.071064067211,-0.0187229858043785,1.28244035556989,0.887333308330217,-1.0098363890502,-0.754686376536727,-0.389797940029988,-0.220969790277821,1.56361480283613,-0.541029335589666,1.11881037691124,-1.53225336270312,3.04119074200674,1.19458573059511,0.510934465921689,0.482837348339702,0.210014588310385,0.028063999992443,-0.73004157408219,0.0851808685411842,-0.0774829285350263,-0.0513299482248246,0.0394713380476078,0.712062254873486,0.101850591972186,0.321692155163118,-0.0374557673990571,0.0377891539306556,73.61,0,2.6460829,0,"V13, Amount, V11"
47382.0,1.17670871635401,0.0049179311955583,0.491126464594425,0.50329692913356,-0.669555626952989,-0.836396862798522,-0.119468065771114,-0.0154294742173166,0.0070461134547102,0.139054106969378,1.38869114703139,0.32808804516189,-1.20726328414152,0.716995830896553,0.463274984410405,0.456963901483872,-0.499058790938763,0.20712495246142,0.0467887535091043,-0.136743925068333,-0.0256368334977829,-0.189334100175214,0.0330140472653548,0.530336875241742,0.256443976576803,0.36492659064823,-0.0552421575011981,0.0051737552032549,19.99,0,1.1262751,0,"V24, V13, V11"
62785.0,1.09977750562908,0.0975461615735548,0.186327288564137,0.974401894774152,-0.325911110498462,-0.140120349422329,-0.312504697521146,0.223333856451225,0.441759152350452,-0.625192694378127,1.57363543460982,0.582645659413488,-1.17412783683823,-1.1561546205495,-0.603223744949484,-0.0106845031309849,1.28554902494459,0.121446933950131,-0.156727980492588,-0.155882134245972,-0.0977716191023292,-0.0840614123482559,-0.042276005044776,0.152483359920149,0.388628079197433,0.413424186619625,0.0086555928082852,0.0297653739798272,12.31,0,2.9818978,0,"V17, V14, V15"
78592.0,-0.736492326327555,1.58140210285318,-0.0927688116117919,0.491810213894312,0.252541420176806,1.08943249702984,-0.984194751614526,-2.02298035268318,-1.04673009735867,-0.73303585958402,-0.488411362442438,0.563720937847063,0.225540218609433,1.05418778720361,0.436599340002701,0.90191475720466,-0.84481295742344,1.0273587449434,1.19988281815077,0.5582049267874,-1.40422223029765,-0.173395710386106,0.140753813794449,-1.4559277289818,-0.318827522559477,-0.557294185929994,-0.0640602145622098,-0.0050433975056602,22.48,0,2.4818232,0,"V24, V16, V8"
71702.0,1.26876909346185,0.373451746625484,0.0585643537735326,0.87185594457392,0.257598921796056,-0.261307453538787,0.232578703145937,-0.227252938503338,-0.14152966049537,-0.0620509987896092,-0.98955033047209,0.814605109336657,1.97483849733107,-0.0747502000466202,0.906523982450704,0.394153980441555,-0.949383230652497,-0.0416470173951328,-0.0023203066425876,0.0456207665298171,-0.0896559349304988,-0.183973309527407,-0.185662588856873,-0.618025779862672,0.731441737471205,-0.382407602225415,0.0288832544055095,0.0222822955118766,23.84,0,1.9371727,0,"V13, V25, V17"
18191.0,-1.22489499882487,-0.301281707005855,2.48799892862364,-1.48741111509438,0.218947914851008,-0.938584118733079,-0.339707919148847,0.123159235323576,2.48647849932646,-2.20811554084211,0.82392119566128,-1.61172538530823,1.79388452041577,1.14032048545038,0.0376582650810621,-0.693535258128878,0.686417350379116,-0.0367372063858696,-0.782339289318584,0.0039497785670111,0.0369039898562318,0.320524933865439,-0.0358624720119798,0.357537255614612,0.115389192958353,-0.879177081917352,0.111328338558843,0.12228500112078,11.85,0,5.281375,0,"V9, V4, V10"
1313.0,-0.602956302517456,1.13415611730929,2.5138209548054,3.1061854269537,-0.358771841863106,0.582460370928395,0.0179409649270832,0.13851036032553,-0.833145740580381,0.685054565473114,-0.133965967412166,0.501086383898536,0.940556214169778,-0.514888873445392,0.389683244508012,-0.814796431437808,0.665710255238125,-0.519633815758192,0.36384134078239,0.0771286498971333,0.288975379698096,1.05087316429258,-0.113606138846505,0.67286375991341,-0.487204221070292,0.296832035215089,-0.0522288072079208,0.176775974263661,11.37,0,3.2039998,0,"V22, V17, V26"
171081.0,2.02178069469004,0.166987817261916,-1.22137942204415,1.25086504759357,0.165657309725247,-1.02486484713199,0.295861996908588,-0.33348539860022,0.244626003361884,0.326356309486384,-0.82145937364154,0.167537860224159,0.0346306984579913,0.505880819976737,0.578129505475271,-0.0749147671194578,-0.589429928974546,-0.0704843090860933,-0.661360660564258,-0.267613564519603,0.260449297471988,0.890068587937155,-0.011863964374516,-0.0756360820734969,0.31258336989642,-0.419399945776631,0.0051335946498172,-0.0522781170097646,7.28,0,1.6117482,0,"V22, V19, V4"
145112.0,-0.690822486288173,0.995019097495384,1.20568646031762,-0.273442300160721,-0.493983208408896,-0.344825492447784,-0.0721301524345876,0.506673024493458,0.395842773786651,-0.886274500886972,-1.18321079160847,0.433903716070398,0.451476325707173,-0.0370614973354974,0.318006691428572,-0.121058732634085,-0.184526961828804,0.314686056969695,0.0695967157882195,-0.0501536222850865,0.276955553450139,1.03525441759376,-0.215362620347949,0.0266911042746847,-0.189917148962066,-0.148925255061814,0.329693601187221,0.173409562789021,0.01,0,2.9084206,0,"Amount, V22, V27"
66752.0,-1.15031909446116,1.52365650124463,1.29862080132165,-0.888961672030679,1.006445638972,-0.558150524869487,1.43864815094662,-0.72442767904135,0.607678623890651,0.888262049091703,-0.584197116936334,-0.228312010490591,0.82070364052041,-1.51077101886613,0.628737095799749,0.488713812022401,-0.916115964438334,-0.154236495555351,-0.461711629864688,0.672748317257064,-0.535226476943833,-0.777756293466602,-0.309349992740744,-0.499464468628535,0.0879840188584798,-0.0648533621601702,-0.0014000171148592,-0.321812487951571,1.98,0,4.11433,0,"V14, V28, V10"
130208.0,-0.982799605524358,-0.600631620759955,2.03782121149365,-2.17223212277631,-0.819051423242355,0.602199108498631,0.276545306591174,0.244530250318119,-0.751164430910174,-0.603626678370411,-0.0293172549994261,0.0933356100568678,0.326036162792286,-0.983862616244931,-2.24678366458309,1.34132086888507,-0.158885081426122,-0.852525948422623,0.797859066144264,0.442240719853352,0.0808823134898937,-0.0135015505332733,-0.0152240893916106,-0.499396569106418,0.59358716915653,-0.323667607528823,-0.0121627935263768,0.0541984801491947,168.0,0,2.6492867,0,"V15, Amount, V14"
77544.0,1.21313371160537,0.305096531799787,0.277619706607822,0.643712354367024,-0.186048383483708,-0.603278619149721,0.0080755339768494,-0.0644725124600658,0.030766038746788,-0.326407280398693,0.152778019109857,0.313152062487483,0.193030081523527,-0.256570167195431,1.34732201827422,0.186725339248426,0.273803183518342,-0.746468989457734,-0.55665110709094,-0.113339581323392,-0.26013618265311,-0.716623041116609,0.159010507474975,0.0335626425128582,0.142839231464322,0.124162969861017,-0.0066761048536235,0.0273828975867792,1.79,0,1.5039289,0,"V15, V19, V17"
156508.0,-0.685430590466389,-0.255198615001512,-1.80115414562939,-1.14379041858462,0.165440320591342,-1.6166024557901,1.79417748773702,-0.304419352560008,-2.13887712286254,-0.0379016442835091,-1.44590258194721,-0.201449908328191,0.484073127989989,0.896517342980531,-1.04459475176385,-2.13933074531389,0.136497382394976,0.871908145665421,-0.944186459681837,-0.0821932254713215,0.281736647104642,0.764824945091181,0.363564563017743,0.0353700367505097,-0.404899216071392,0.798433367403531,-0.048219406808895,0.11326809793262,242.25,0,3.3596168,0,"V23, Amount, V3"
41501.0,1.16918990551936,-1.18151158208953,-1.66640394591933,-1.50359760235185,1.47775750701986,3.25066712035885,-0.600283915818837,0.661420107379803,-0.955646705926754,0.61199754353993,-0.502179886119714,-0.175990048379824,0.179528980444674,0.185676310179083,0.157961092153329,-1.45339818963472,-0.183840402374192,1.06479701048899,-0.139378345527312,-0.065621571966661,-0.410439036132772,-1.06713500063278,-0.174337456288353,1.05956710538566,0.539202673714382,1.09089460920509,-0.0946818241026615,0.0176274646202153,158.0,0,1.3285768,0,"V25, V15, Amount"
137754.0,1.76711584238122,-1.14211369729182,0.772500247989571,0.983410777043145,-1.68060062299982,0.52672135700011,-1.48040641686096,0.37882089028101,2.85254974724211,-0.518851814170074,-1.83769633897983,0.659352547355211,-0.601255999766627,-1.14779382345034,-1.27403358916905,-0.423780662311631,0.157489440083648,0.116484848815388,0.156525311185418,-0.186201881085388,0.136208538686549,0.870386456525004,0.0912724438587233,0.0047957061684619,-0.231247990506256,-0.155340069977382,0.101992824471673,-0.0171074310058715,60.48,0,2.31933,0,"V22, V9, V15"
78283.0,1.14627033421215,-0.0498013445372373,0.14050174492824,0.214979413797875,-0.620524543013583,-1.49577167576811,0.370348720700471,-0.317800447856664,0.0015605422840061,-0.148446607740451,0.031091870204818,0.0297129321311301,-0.679989572145167,0.590801952851843,0.908229188125647,0.0618245245416673,-0.0438901815003435,-1.02171159653401,0.139844724616781,0.010839686826354,-0.389093741493821,-1.36199843987203,0.197709725063424,0.717622003899556,0.0097855177726137,0.596802909421363,-0.117720662820627,0.0174706647640398,74.99,0,2.5083141,0,"V22, Amount, V24"
42978.0,-1.32067191963052,-0.449074637482611,1.80329088624193,-2.50625160161887,-1.21421415849463,-0.0922254573155054,-0.900699947670588,0.691553921870009,-2.65790792805661,0.695041809376615,1.12581398193507,-0.0501618047487696,0.87086773550195,-0.206665048993462,-0.254699559541446,0.0064228769031014,0.328713413407773,0.449654669844794,-1.05786055459914,-0.0753410513019775,0.123251302063839,0.48372439625862,-0.121289551550093,0.0041379627848753,0.36912361289903,-0.161010407707225,0.191995825275571,0.0041584637072763,57.0,0,2.3766236,0,"V19, V22, V27"
148786.0,-1.29835298801865,-1.45644590726821,-0.126927100140287,0.209876708439414,-1.55427787484621,1.37687686711744,2.6560872494094,0.0194176856247717,0.311502077207272,-1.29215792542976,-0.111103949594826,0.145911117757788,-1.3292470861882,0.0959067301505371,-1.85350654953913,-0.738308266200315,-0.0253396224263405,0.925225966859621,0.77071908268673,1.29997641528077,0.780098556676967,1.38331594738956,1.19909835764942,0.746420209295752,0.210136825666883,-0.0066737067870046,-0.0316878758066152,0.226993368016455,673.92,0,5.2199183,0,"V15, V24, V22"
29541.0,-0.341336808765002,1.13095867272418,1.29188006971805,0.0614100080882755,0.0294597057106959,-0.980420959523567,0.713628760574873,-0.073248191699767,-0.395220124182627,-0.511960602982431,-0.215544603931735,-0.0798885527787642,0.1206764144433,-0.429944014890524,0.893992856435425,0.383923444179773,0.0065346926715406,-0.137158972152491,-0.0893221639362462,0.114812076861474,-0.263869246917468,-0.689970822994205,-0.0146641326028778,0.32871566506002,-0.159731881632616,0.0721779367965009,0.245532211668026,0.0982684447630556,3.59,0,1.1972176,0,"V14, V22, V27"
5990.0,-0.842956283291888,1.8816140523989,0.962012723091778,2.89578635584796,0.0862687262276757,0.113133280551078,0.894243286693225,0.142666420366664,-0.691634951792823,0.103491921832244,-0.292244531851029,-3.48793725719046,1.13808821877216,2.34201561962886,0.354804569917703,-0.120230683510197,0.914411598614062,0.450390485490951,0.961755108134973,-0.0395746268612042,-0.0915217335068796,-0.209995127120824,-0.288115682218387,-0.202576856437437,0.479401417737282,0.340853148818723,-0.211148268583056,-0.025215316723372,86.33,0,3.8436704,0,"V12, Amount, V9"
144371.0,1.93642296310668,-0.269298028730728,-1.41246793012931,-0.0080640007539339,0.802193761779869,0.916590073154644,-0.17174668898804,0.277518230277497,0.325539380452553,0.111492320294544,1.01338812325081,1.13156514894948,-0.0200934472015067,0.528680714412932,0.156592466014019,-0.593368824900987,0.0607355044694282,-1.50405805083358,-0.393023489103169,-0.291168120860551,-0.199063071146901,-0.369751853861166,0.334353098810723,-1.63304175734286,-0.460589706731928,0.310229591121584,-0.0259922532908504,-0.0873862197140087,1.79,0,2.1942344,0,"V24, V18, Amount"
135158.0,2.1510150016045,-0.0704770454250889,-2.57198147036998,-0.338707702659438,1.00201864485655,-0.596894132208534,0.500955543183375,-0.201453371157485,0.256297417497548,0.230262223307635,0.0941305198165795,-0.291526243126586,-1.82907334375119,1.31252887856507,0.0168362378383833,-0.166227713360173,-0.65445510683701,0.370515031217705,0.645157044401691,-0.305289919001751,0.125406464617291,0.366471784937651,-0.0854712012514183,-0.10576037541605,0.45833664135464,0.247255622710699,-0.103830886876623,-0.0948712623985395,0.75,0,2.5835571,0,"Amount, V3, V13"
77996.0,-1.40487739485144,-0.194888644682782,1.32132001467216,-0.92358647557236,-1.09257318457984,-0.0843988187821026,0.532146136717715,0.39595415738845,-1.36599362461962,-0.572837250176071,-1.7151594457017,-0.312645802317049,0.0897972306644028,-0.0556598624781943,-0.781767193816748,-1.24001659911637,0.0652428712747501,1.00995029113314,-0.801636950614129,-0.109780381459373,-0.471275898630558,-1.38635469962922,0.321447946812163,-0.175330860705582,0.367952487988395,0.23978642382931,-0.172819156587053,-0.0238345295956914,209.0,0,3.332624,0,"V15, Amount, V23"
161555.0,-1.60661600021593,0.648436299794534,1.49597402550733,0.455181659238385,-0.724120312371464,0.975973287120322,-0.975900327953439,1.42551007255009,0.429631622586145,-1.0954256965189,-0.40030837049475,0.73288442867514,-1.05642774086065,0.152787681034774,-1.79995680608422,0.401885066555432,-0.16079423842683,0.774536347439243,-0.121060140922005,-0.391698187547292,0.185219760209429,0.347482719250775,-0.13066917960663,0.668140275871882,-0.138489333618188,-0.744987035765971,-0.158700782761949,-0.0333262761865322,25.0,0,4.6994286,0,"V24, V7, V11"
145424.0,1.94311545761218,0.0959794260494358,-1.92118717757558,1.29164909865874,0.468118138007565,-1.38105164328989,0.825554962845376,-0.466300582403836,0.0008162116534945,0.36845100289903,-0.945061956687636,-0.385970105703555,-1.1330403883562,1.03319855661193,0.354334015195446,-0.394787961148294,-0.346301572746094,-0.349486299045717,-0.442845055560518,-0.227664245506756,0.149177649765329,0.360216829539965,-0.0591522301044682,-0.108925762097488,0.409573277823914,-0.480199804199317,-0.0477103363692316,-0.0557880379465074,68.17,0,1.7372878,0,"Amount, V13, V3"
159364.0,2.01881192047996,0.143103748995352,-1.59509903309012,0.34168529497733,0.419987047993855,-0.653335601402718,0.115914319290895,-0.12582573438765,0.156680316411169,-0.22224934902174,1.37135458000945,1.1246034353923,0.37461849458568,-0.721656673610829,-0.555843047483182,0.438165847353586,0.266401380129487,0.0741305806304727,0.268839347965178,-0.123098298493739,-0.29555582629732,-0.76277316588537,0.345195187208865,0.681520414183529,-0.298827212709167,0.141119409195103,-0.063514506578594,-0.0377732494857566,1.98,0,1.799597,0,"V24, V3, V14"
127717.0,1.72440670719306,-1.25287986137989,-1.42365028325583,-0.0697725446980269,-0.788280982563537,-1.10122026891785,0.0949106389562191,-0.483468623671385,-0.433574498467644,0.66078935188881,-0.902062714044189,0.439805887444228,1.11348109714486,0.107889124256925,0.304290789336422,-1.809061206482,-0.207132104904026,1.29621899177055,-1.05566983623187,-0.133338568922922,0.0978169298932376,0.484505101221836,-0.182216672564078,0.0894476002862965,0.159146181972463,-0.0484812693808239,-0.025142789786256,-0.0119065247295891,235.0,0,1.5733914,0,"V22, Amount, V6"
64327.0,1.33409048643987,-0.675642413110383,0.486493341294347,-0.818557438163029,-1.06945534364355,-0.467770711211329,-0.78223070107282,0.0246882040601154,-0.825146278834665,0.793773526884895,1.05973558585196,-0.329139939254016,-0.41804104289629,0.0731779726557949,0.267783120222315,1.59032425460049,-0.152948377276514,-0.639337600226513,0.886138685192129,0.105605669533531,0.14353718793574,0.209841222894342,-0.0500358895373535,-0.0119408183168783,0.347100606496749,-0.279847480232629,0.0031228789947563,0.0107170856397092,34.0,0,0.65408313,0,"V25, V18, V15"
150915.0,1.85507124677665,-0.600778683666431,-0.480741218943765,0.33828336164295,-0.49302937143881,0.174342713076478,-0.675981786366356,0.176538038002886,1.16871799926324,-0.0215670707813711,0.745817521169066,1.10609490668985,-0.0459166074465967,0.0424177608741507,-0.158261265584397,0.191169764930322,-0.682440577030581,0.655201310958083,-0.0282827194993564,-0.108633360708806,0.305631302697786,0.97825729567319,0.0842437433010023,0.736086411638351,-0.0861088179475313,-0.222728264600577,0.0240931182307833,-0.0347089696865652,51.95,0,1.8818634,0,"V24, V22, V18"
40456.0,1.22799442653749,-0.650629155062042,0.46627715683397,-0.574056306064528,-1.04990433001553,-0.757510997031473,-0.458849673808737,-0.156521124753614,-0.891600120938184,0.547042780849233,0.338790968673225,-0.157587535727942,0.570563985311566,-0.178894820766518,0.90800233804349,0.703509344182186,0.626510942166482,-1.98121965226469,0.0135759761160303,0.183841201966639,0.237645771823723,0.528436683805553,-0.0346735891372102,0.448127394588224,0.374495999766856,-0.206713409119184,0.012419176658307,0.0274839239272825,72.75,0,1.5304053,0,"Amount, V11, V16"
80444.0,0.916008699771589,-0.468758038004341,0.975962413499056,1.30498123173168,-0.909091381068554,0.281014872650266,-0.562131839428985,0.24860345672497,0.580772515157071,0.0563467021349049,0.559926602367682,0.509903040131471,-0.671041387976375,0.0929674725081243,0.0045700974185966,0.629050009528207,-0.746348585957404,0.923117430162063,-0.103119346655494,0.0824271934601641,0.216958072756904,0.457589604139147,-0.237827991867978,0.011836357898857,0.450979698540951,-0.249724817455949,0.0360066686814369,0.0416066648096371,125.0,0,1.5423816,0,"V18, Amount, V4"
8256.0,0.710605057412846,-0.647723610537933,1.12597990462319,1.41563007661704,-0.71369360914293,1.05508304552095,-0.747833240060432,0.413636307174159,1.91901237916145,-0.478853743414588,2.24409372765958,-1.77866919887146,0.701769126933831,1.65567161722053,-0.186863241707483,-0.116024979229845,0.697394521350624,0.220747521655457,-1.11827771537188,0.060623647993703,0.175356511512132,0.53187949226022,-0.171847305335286,-0.347264393380153,0.216782090462616,-0.269979967568725,0.033412791250358,0.0402955974477275,177.44,0,3.7082248,0,"V19, V17, V6"
67246.0,-0.444166151035985,0.273677692565521,1.02776997643136,-0.34306274734705,-0.389623256723887,-0.85060270020248,1.09518045984944,-0.316148318367441,-0.657027733967171,-0.538126189407105,-0.200005825581565,0.352043407131136,1.22991932835665,-0.0022469201355016,1.04853297782226,-0.192833253512411,-0.0809380067914593,-0.242749701163997,0.810637875390031,0.499156337584773,0.305574814925368,0.699018908380068,0.194108239777282,0.529339811495078,-0.460609918568907,1.51383344245202,-0.0040293754478049,0.151313827276796,150.0,0,4.6972384,0,"V26, V13, V22"
72684.0,-0.788598766560118,-0.896235888515646,1.22086998354891,-0.999103870981086,-1.74861128106335,-0.246023600239364,1.32789455674469,-0.24471718582855,-1.51835526052379,-0.189761864515963,-0.213131152377197,-0.506436553696902,1.07004519233017,-0.46535497160715,0.632461872049644,1.26790938687843,0.105509967971993,-1.20616461643608,0.561554107865238,1.0619542643886,0.310213328269092,0.0686303616219852,0.898252090846495,0.35031340628613,0.0019177486908009,-0.466700362342295,-0.0915160188986961,0.0615488375432172,401.22,0,5.501094,0,"V23, V7, V20"
51418.0,1.20702534720959,-0.129625884282654,-1.34499732299269,-0.525870884843765,2.14581104134483,3.14566864788537,-0.231370730740983,0.733718835134572,-0.236602108053443,-0.0290103025311357,0.0444574853412377,0.124169876760745,-0.0062748619796089,0.578205847229585,1.12649337222793,0.548875392342868,-0.838027461284981,-0.408730844773028,0.420283700198096,0.136110563039222,-0.516047963856914,-1.83985379817587,0.173205593018259,0.959056356794273,0.231778136027525,-0.119999049110487,-0.0526216948189581,0.0220152924104546,64.0,0,3.1502824,0,"V22, Amount, V17"
162166.0,-2.21454849748632,-0.622396502132522,0.313210279594819,-0.497098265705422,2.10597261655671,-1.47803466475381,-0.159904304466416,-0.155618530008635,0.20890504253957,0.387276082170082,0.449209464244707,0.357666379588214,-0.789480618481903,0.324109980328706,-0.759866827957353,0.168764509978037,-0.703726895580638,-0.23028282508645,0.462543880268788,-0.820440088593553,-0.399509802177825,-0.605300699092545,-0.562736829565191,-0.340757039121891,-0.569232164948525,0.136877257611827,0.0053236507329896,0.439708820287584,4.45,0,7.455082,0,"V5, V23, V28"
127248.0,1.86638053410659,0.422586437476047,-0.632903381438024,3.73079850291581,0.55532893746393,0.59792454334357,0.005219527551956,0.109663586524622,-0.957009120611606,1.53088832118544,0.271011496414612,0.713116153855854,0.126746665122108,0.11467254348865,-2.22383229918775,0.645171615323711,-0.786534919772765,-0.0456780841481077,-1.06034436985566,-0.240291068437375,0.130559361540167,0.489932676731377,0.101793130057097,0.768008104769175,0.125735197344257,0.0397857548106091,-0.0340125954957488,-0.0518642337546744,11.33,0,1.7376242,0,"V15, V24, V3"
167232.0,-0.714268793576194,0.459284245424732,0.0436216278810269,-1.80046605724269,2.33509873339698,4.00192329846698,-0.247374107769137,0.996896937139751,0.377058108157717,-0.568607492260194,-0.153048021015926,0.0664027686015605,-0.163504664536796,-0.0207117824922987,1.02650876890661,-0.120439598322821,-0.486355030494152,-0.191390030378826,0.355236163393459,-0.0692036455858081,-0.0875283630045027,-0.382985841721972,0.0687253840245762,0.682166948396185,-0.518267911633768,-0.230256446724367,-0.216558079448692,0.136723107545853,7.7,0,1.8852456,0,"V27, V25, V9"
65876.0,1.1918011321037,0.0886356532030755,0.113397462806311,0.470368897699761,-0.15786726384106,-0.138435025894744,-0.24808998056692,0.22650915174954,0.120481999687084,-0.0938086287540789,1.18489900183573,-0.255352285821973,-1.98962431622269,0.349198245336923,0.907925110736215,0.581752473961545,0.0248508883560182,0.122515808922335,-0.126724562915169,-0.229216230123966,-0.255079151901148,-0.842389431773191,0.130990192783719,-0.413326919103922,0.0842740019610969,0.13462344369201,-0.0250657340029859,0.0092189844222339,1.98,0,2.165338,0,"V13, V15, V17"
2237.0,-0.760535730271694,1.297767784023,1.19929590001065,0.0107545464537709,-0.384838961693873,-0.940485741776064,0.377255075819938,0.348952238928813,-0.593042385637172,-0.545271931731577,-0.514861796148296,0.20678948088636,0.275652609688289,0.422409309417822,0.789156776517276,0.312533994570437,-0.2350761864793,-0.334893147660967,0.0060497749168623,0.0113337995963505,-0.1801951425699,-0.590958441034967,0.0443902616496807,0.369707259281879,-0.16157689146959,0.0728222688063868,0.139275224092324,0.0588392844026789,8.99,0,0.9120785,0,"V5, V22, V14"
52592.0,-1.00348041413937,0.649328606314579,0.881068651387172,-1.97120250695547,-0.337503890143845,-0.683895919676113,0.810338757830452,0.312462045338914,0.502892650327285,-2.1669012395229,-0.39828774622522,1.2935971051605,0.821238496492935,0.180897444785248,0.157131373037422,-0.823045593185602,0.078313626356841,-0.755996872644604,-0.365012743530715,-0.0929656906179641,0.0397201291852608,0.0563285823083709,0.0801930330844385,0.087120213739277,0.117229253049286,-1.01617453543953,0.0136605024213189,0.0738853658493869,88.97,0,6.5569544,0,"V4, V10, V26"
30899.0,1.24006591029099,0.292140889432406,0.286583484293766,0.705040735636134,-0.424478080721165,-1.0822952093321,0.0638176316876735,-0.177645992408115,0.107046613342787,-0.271839559987076,-0.150893980214728,-0.0299228914872253,-0.271491177068582,-0.186361751911869,1.14969705279468,0.502954992441411,0.0235458683930268,-0.236369305202368,-0.197729878252515,-0.0960156447663509,-0.28835745288267,-0.875069099909704,0.128131972722685,0.332133133932704,0.196180718824699,0.0951995589161184,-0.0278837817244792,0.0311818736461324,9.99,0,1.0265529,0,"V22, V15, V16"
71848.0,-1.66960964478707,-0.966587948403494,2.37649836747751,-0.762562275703167,-0.0599247190830506,0.758850442772387,-0.0095361679149934,0.619457103311975,0.345004044810878,-1.20838107865407,1.01510338498688,0.726539694998608,-0.956895010376583,-0.253289320179455,-0.924594714384131,-0.339152124454244,0.307873745260538,-0.771427370868678,-0.427332500789357,0.403824005453459,0.0758310587587973,-0.134056681292648,0.371986816458472,-0.266150696898645,0.0382596860632149,0.90776048204,-0.0763131714735265,0.0639312956965771,179.14,0,4.381275,0,"V18, V17, V16"
74155.0,1.08662661098974,0.0056915738892304,0.398082454913295,1.10025802222701,-0.0755133682065086,0.382587887264855,-0.11457076311561,0.187313579670868,0.196295981812086,-0.0399233905311387,0.888731453598891,1.12775070238006,-0.193330517865045,0.209995496570726,-0.641960537521762,-0.359373834304015,-0.126609983155396,-0.36858485692134,0.0941988145465274,-0.11328847749598,-0.129281394645105,-0.245343166606559,-0.0694459691479638,-0.303077288695591,0.541807043396184,-0.426901206117558,0.0395261987686365,0.0116852469751339,35.13,0,1.1838218,0,"V15, V16, V17"
3418.0,-3.83232389222614,-4.09426337923449,-0.413252587498756,2.78508985298943,-0.53382593091859,-0.84775494615188,1.23698765261909,0.400350327657275,-0.295123617848854,-0.727562044248776,-1.14918121255047,-0.191972367594057,-0.746372276747194,0.713797650903136,0.227151691949578,-0.535482716296551,0.553906069859697,0.276612782087178,0.764232521299017,2.49912715049949,0.654799033340829,-0.357814771087136,1.68061142509482,0.31411187559032,0.35435267722018,-0.298074404956062,-0.0239673342089402,-0.409509440438641,760.0,0,3.8866658,0,"V28, V15, V27"
82835.0,-0.618456756537973,-0.363341145823641,1.62648466521567,-2.84565996239212,-0.322431066656738,0.488280624295658,-0.504310651284482,0.217347573281983,-2.10578593927444,0.783657044778072,-1.70348685463966,-1.4607773056973,0.950567224210495,-0.788192678914237,0.593398973465935,0.0940249044859854,-0.0901611240001134,0.374186464455499,-0.800243672136979,-0.0870384169085826,-0.106298312605233,0.13726531646613,-0.390949394264278,-1.3325346724159,0.550861624065405,-0.0547304065239357,0.319997031284683,0.11502467716261,22.4,0,3.4820638,0,"V24, V27, V6"
129800.0,2.33482193683918,-1.35864255166243,-1.42827175105651,-1.89067164317234,-0.588253731170426,0.0256404855337555,-1.04162257180399,-0.131068759795439,-1.5295252159994,1.7237942541423,-0.380026352954883,-0.0944830501648068,1.3909854891345,-0.437750600534366,-0.915386743876227,-0.0759171657973571,-0.268805432766364,0.683503307864458,0.66289921289647,-0.318327030643106,-0.191233717005528,-0.0291494366034912,0.0293292941123876,-1.37917552225342,0.0090398556895435,-0.0993979087331366,0.0069357048611022,-0.071813469821586,25.0,0,1.9609058,0,"V24, V13, V3"
32094.0,1.26708956417402,-0.852579959891715,0.917346129429854,-0.646427468517194,-1.40903383819652,-0.261405795511189,-1.09870557391804,0.0990248182937514,-0.317206057611656,0.56587640179903,-0.196223164994397,-0.858055801186191,-0.283562572041811,-0.296915232379106,1.43447130976011,1.21810572437356,0.368754843508275,-1.22452061707932,-0.142145146198097,0.0889525472616489,0.422389761328568,1.10622317887954,-0.0946461084719315,0.115737079982484,0.322578690716132,-0.0215883044863544,0.0439433246817213,0.0270397255914831,45.0,0,1.5873492,0,"V15, V22, V19"
42097.0,-0.986020075356582,-1.37005438797556,1.38050852974164,-2.34309717268975,0.3782314844793,-1.21349736597285,-0.845976371910166,0.0030024378085221,-2.20780774944808,0.839249036706807,-1.58286771767288,-1.6758172129393,-0.0154475248100004,-0.33986387371641,0.0792714712619534,-0.00311654031144,0.0078744053718641,0.428728446877661,-0.453253924111332,-0.0717730562178597,-0.102271766561768,-0.319365233271782,-0.0375907684869174,-0.510810152091996,0.1563345936859,-0.305816800737517,0.0528567438247402,0.117443786093688,15.0,0,2.203993,0,"V5, V6, V2"
28824.0,1.13096838188682,0.109253924430605,0.482851271170518,0.40554866968422,-0.0437195384446053,0.274956961223221,-0.193233160847358,0.215980070028443,-0.23352749613481,0.0124628980916587,1.94775302058103,1.27033143455184,0.260866181853608,0.479001025546342,0.829850298544257,-0.0952240434815404,-0.114622876256413,-0.9620804027948,-0.554106615942776,-0.142784530810911,-0.149075560558611,-0.394042815590694,0.184049151632622,-0.290241732437557,0.0422836609279605,0.13620322782001,0.0008741650692433,0.0021268628013852,1.29,0,3.659864,0,"V18, V11, V19"
44276.0,1.25132478514995,0.757869069346552,-0.0844390435055345,2.36999733698344,0.485493391807815,-0.547428812674619,0.602435990537028,-0.284634685941876,-1.10329103600644,0.718844556702758,-0.885718116305386,0.0032528474128675,0.591532343788751,0.383891750551185,0.183534071453561,0.44943195654804,-0.688291839771685,-0.404227391670606,-0.705277155877608,-0.101327229492794,-0.0373602125577072,-0.113463243731186,-0.178869511772779,-0.10078460709932,0.812037792301389,0.0971512036079478,-0.0381060806608114,0.0073386310260794,9.97,0,1.5426521,0,"V26, V9, V25"
67056.0,-0.946245385337194,1.67912106175161,1.30364012866779,0.719075585292246,0.322193833789864,-1.26192597293653,1.49388195546047,-0.735179417169623,-0.0652329556859173,1.2139243933883,0.211313126078459,-0.275558394398975,-0.449110856301262,-0.0561281323466636,0.941420981221058,-0.980551370857578,-0.0725203326701777,-0.358541862093907,0.312595577939197,0.475363501849665,-0.0440277884128738,0.395278108762257,-0.305125658624711,0.925519284601084,0.259300072323457,-0.328156345329968,-0.040652652842622,-0.145368866450668,0.79,0,4.3980637,0,"V24, V10, V7"
111814.0,-0.880324402533056,0.73989424878997,-0.92050344638384,-1.23178297945019,1.76175630466258,-1.08414768025128,1.71619834890203,-0.594077070365954,-0.237266076676547,0.440794348258109,1.09626022193615,0.79361037390321,0.24516984619278,0.418138250984639,-0.74404742821945,-0.620704768525446,-0.790529905217822,-0.0878523396098051,0.11565364476071,-0.0815761554794277,0.165482499593496,1.10084275308367,0.0284460489643529,0.775959821981929,-0.232909861982312,0.0077546491183734,0.171085945907543,0.0951700686139341,20.05,0,3.054856,0,"V24, V5, V7"
52875.0,-2.14849749970073,-2.08934382353692,-0.589858389999056,0.318996422227162,-2.69101265765712,1.12025270216956,4.73602395018375,-0.486428885262995,-1.54104960361229,-1.21335991355663,1.01387576458834,-0.0535662757311045,-0.0794782294179515,0.767240880781597,0.359568137541158,0.0649925304036656,-0.323557495232366,0.644085576190312,1.12181158590232,2.50572997670105,0.71326989601248,0.0741832505667531,2.25940065534409,-0.0540752670678854,0.53601597029396,1.11874610085995,-0.40526048666116,0.145730827913713,1108.09,0,4.2399864,0,"V6, V11, V23"
165136.0,0.0090419281692194,1.07748582793685,1.66247758933836,4.25853822414116,0.212765073947664,1.4885481679504,-0.069485001033784,0.443775218712717,-1.79613750574678,1.64066388789757,0.450573354409152,-0.523092788851579,-0.513151261485143,0.361072980639563,0.586666792808168,0.4773075777103,-0.298230353204766,1.1699671029821,1.03893497417458,0.223363522978934,0.390222274451815,1.0645084207414,0.0827079411660006,0.6819084179163,-1.10287971409838,0.303079086306859,0.256718753912079,0.234552537445801,37.82,0,2.410658,0,"V24, V25, V19"
54264.0,-1.02881226931516,0.163948237209664,1.47330628634416,1.21389789188066,-0.262927134018557,1.04727935815238,-0.473527393472236,0.997890674117253,-0.0846887933154635,-0.627271428113583,0.849628019112944,0.960675860408507,-0.723225424262444,0.270328294538879,-0.551573170612117,-0.96097783661275,0.810550219406858,-0.316265949304743,0.332386861807052,0.0192105985346719,0.242226667139033,0.628899893986587,0.0159428313866344,-0.268186550479673,0.0115245063201087,-0.176076660600306,-0.0201068610334242,-0.115448445213652,65.58,0,3.8615992,0,"V17, V16, V18"
33392.0,1.41281275519068,-1.19814702072407,0.403103772048689,-1.55784761282666,-1.34610544083544,-0.037993619721872,-1.21245366480175,0.168342802522611,-1.86579809413376,1.57427846455398,0.985522682234347,-0.893544463201443,-0.927315772940686,0.174081034850202,0.390108216262886,-0.202096974078336,0.460185683344273,0.0880600264867133,-0.0953319383557965,-0.391286862516913,-0.402518233140055,-0.926997012276543,0.191765933547896,-0.401716928529421,0.0066832140161131,-0.44507009107162,0.0354435444803719,0.0113860743517042,30.4,0,1.816576,0,"V22, V15, V13"
143552.0,2.0722899461489,-0.0597822069146057,-1.12810164039465,0.382643395710907,-0.0785412442703845,-1.13116775422426,0.177013680773502,-0.32160778342834,0.562316858345201,0.0755042471356869,-0.885112105406521,0.352369694511063,0.0192814594632024,0.280668247226772,0.0585695153427882,-0.0588376307359068,-0.337658449045946,-0.812801273049328,0.202145880309856,-0.223778398657838,-0.299667054693584,-0.732141318765299,0.322663834604002,-0.112295870609341,-0.281153624619846,0.205300931630211,-0.07142315008388,-0.0615525408941349,1.98,0,1.1244094,0,"Amount, V15, V3"
138140.0,2.04255661042179,0.177870072458151,-1.60397212428552,1.39566910053698,0.337741147871796,-1.17816727890326,0.561319280935962,-0.356603157873348,0.365571705832457,0.293241723120694,-1.1558411665186,-0.248145341064323,-1.34030406439765,0.746192495864606,-0.401607500965087,-0.689976625856391,-0.0653743264776927,-0.53018202385581,-0.213972688078346,-0.386218926136365,0.0329727928825433,0.290200951678206,0.0177823346003279,-0.0375090930764089,0.424454204366366,-0.485056926851661,-0.0202528244654014,-0.0656548556480192,1.0,0,2.3975663,0,"Amount, V15, V13"
58166.0,-1.12327566423242,-0.0197712709290262,2.65599200755639,-1.11855548790945,-0.390967602706784,0.237809983476724,0.0334848523688545,0.463760975590372,0.382482362478173,-1.20444663614252,0.93618543565767,0.729305620063649,-1.01663509887285,-0.337485120675697,-1.44685822818349,0.0298344459663242,-0.0471767903445607,-0.496634503692675,-0.489841070016073,-0.0412152878694536,-0.0616231171374675,-0.198875586190652,-0.053125397486652,0.271588312604929,0.0606250508845085,0.809134138478493,-0.0395478386258979,0.0459399084644969,46.91,0,2.3972278,0,"V3, V19, V15"
41052.0,-15.3199638478686,-15.1261370271786,-0.856656307146172,3.19293325841068,3.49502000303616,-1.47207447438944,1.44734388574675,-1.8390683369681,3.44098559380524,2.22664813379067,2.3360826546756,0.615297634210317,0.487185581458177,-2.58577191006638,0.948233417039187,1.07327545181687,-1.00950654695492,-1.58092054294814,1.25958693140265,-9.48885298854825,-3.81195100549078,1.14157187494334,5.57688840511741,0.0034080093552323,2.33278241890577,1.0999393478659,-2.81469451801459,7.34163540271649,139.51,0,11.4092865,0,"V27, V23, V18"
38375.0,0.626400816435107,-1.35297859463285,0.708404765213786,0.666406186587819,-1.19238911380667,0.488391503675704,-0.325082728654664,0.197621573355775,1.18426431237493,-0.512588806973294,0.213340593130945,1.44371574748314,-0.22876904175676,-0.609767257010453,-2.4791710887951,-0.442544995320662,0.304020068010354,-0.557444333853512,1.28558640971174,0.477824533345136,-0.298383147249902,-1.0997947539816,-0.180504148712755,0.0994993955222694,0.116307010469489,0.785173889611294,-0.08531054026614,0.0460036257976572,288.8,0,3.1904235,0,"V22, V15, Amount"
37171.0,-0.674457150671918,0.855282605841433,1.13873571156222,1.07568047892919,0.86558074712901,0.433519655455174,0.697020351851471,-0.0529593712634151,0.0981342391726306,0.431268274866418,-1.22940952876818,-0.103203439007038,0.132739924297887,-0.339286188639968,0.321275509649122,-1.08375786948072,0.204203841666868,-0.466423396482923,1.01655539210218,0.394784051157659,-0.165693396873111,0.121487569159533,-0.249660577088514,-0.752751898860416,0.0648041991677523,-0.194813983178018,0.357360983209062,0.0820402585573831,20.19,0,3.0589252,0,"V24, V16, V10"
163687.0,0.145883470045462,0.960620741161249,-0.473087217125408,-0.568450242067322,0.920141605834321,-0.708743778578703,0.895003898602559,-0.0259211321627358,0.0966674070741123,-0.815442392790461,-0.901856886368065,-0.620234125024261,-0.884956811793965,-0.837960513090642,-0.0835320994939317,0.350339518289179,0.431119622274575,-0.154674965141379,-0.249451923912321,-0.042685449650681,-0.354343797790005,-0.907512676926069,0.097312906778587,0.388557775506995,-0.451015745811419,0.127777348004229,0.219589862857729,0.0806219638025399,2.68,0,1.9123088,0,"V3, V22, V14"
65978.0,1.04357467632483,-0.445360060157799,1.14839061513386,0.929413940887589,-1.23323761335713,-0.296940721648688,-0.585520904784857,0.100838179677897,1.04497805760058,-0.249484181256516,-0.869225794700917,0.0130523524035594,-0.75278971541274,-0.229776823536609,0.297635716338277,0.210135688142796,-0.125877601663165,-0.121985110310089,-0.0577978387955057,-0.0076489011910039,-0.0580148597976458,-0.174029630074466,-0.021242266927368,0.415565955794228,0.200951851882425,0.311511783727292,-0.0018362251327588,0.0379733614972317,79.99,0,1.3550886,0,"Amount, V3, V5"
56215.0,1.02967099046346,-0.0849423871960552,0.21951955107755,1.31890358463441,-0.22165649826426,-0.114739592830497,0.12572442178084,0.0090200899303873,0.0900820793352674,0.0588161797735519,0.60094207132558,0.879516278948154,-0.403379813695319,0.288500343902294,-0.981371972638855,-0.114635973839778,-0.366435305720313,0.124252650940136,0.37961251016825,0.0121440690135451,-0.0528960748741961,-0.184884175687377,-0.213335245305378,0.0205666328056124,0.710206113096884,-0.347416389075341,0.0018409695475944,0.0196092484156503,90.31,0,1.6081786,0,"V15, Amount, V25"
113377.0,2.05579700630039,-0.32666777306077,-2.75204095570008,-0.842316033286871,2.46307225982454,3.17385642307029,-0.432125923987824,0.727706200727824,0.608605870267216,-0.0751861699398929,0.0635044576008839,0.350563573253678,-0.141238322200309,0.690971618395625,1.2752570390935,-0.371962125028419,-0.601956802828445,-0.0526401462570187,-0.330590448442944,-0.180370118559693,0.269764951361357,0.844626646775712,0.0206746676928111,0.726211883811499,0.366624307004913,-0.398827514959463,0.0277351215052822,-0.0602821510762213,1.0,0,2.2249837,0,"V22, Amount, V15"
148170.0,2.07949084323047,-1.1707096369135,-0.351257480423681,-0.757785500323894,-1.40835238602292,-0.731068092936889,-1.09277011744068,-0.0119380064250195,0.376133625242912,0.725694572185398,-1.00451211733126,-1.18102777153156,-1.24559194137235,-0.191005001471361,0.454787967642091,1.32355110659355,0.226631511497697,-1.31328127977522,0.535073674692083,-0.061987796536171,0.0078694173877843,-0.0909886976671987,0.352137017182442,-0.14356781347809,-0.558404371395063,-0.435366613065747,0.0041565697017179,-0.0374302476755606,46.0,0,1.519973,0,"V13, V25, V9"
70240.0,1.16137637664991,0.137795203716991,0.586034903128839,0.50532411356813,-0.361153484258236,-0.322216939425487,-0.13606327834394,0.0843411993362811,-0.186744214356813,0.0679746062438372,1.83531216447993,1.05061526231714,-0.125819780558761,0.536072784556285,0.601256094411607,0.161226584977958,-0.304056260792485,-0.525780552856727,-0.26236783354876,-0.141646511643634,-0.168701505589856,-0.504110534654193,0.183178853557372,0.210630463643753,0.077449449373205,0.0952852082883118,-0.0179181898855617,0.0066966122694035,0.89,0,1.5105312,0,"V11, Amount, V18"
166837.0,0.319591730585284,0.838060313448629,-0.0227669654343918,0.905762940784025,1.18591497686881,-0.305961032900909,1.33760583538282,-0.358955441100225,-0.726404020552132,0.242054126184598,0.479634380895768,0.401344134812348,-0.356532488454066,0.432583082577071,-0.87323572603385,-0.898690391216577,-0.273989879481677,0.169589366440034,1.10047844624226,0.0117078699298947,0.0589126149258004,0.474196347409642,-0.39045840805899,-0.386669921411089,0.568796590648494,-0.330731988937825,-0.200517455863064,-0.323987746575622,14.17,0,3.5947976,0,"V28, V16, V27"
72916.0,-0.812656638341034,-1.30110996230771,0.698448648557684,-2.49667664489305,0.723437372056708,-0.856328851607263,-0.601950768448396,0.0502891705513688,-2.59230039298941,1.09958580756345,-0.213492758479266,-1.19599742377428,-0.271974290141223,0.0470476077057285,-0.79672454661141,0.0357427044420535,-0.246797936381363,0.906000200419993,0.0830659220392089,-0.0839853653970991,-0.0423362705681969,-0.155164278173558,-0.071946093690595,-0.88770226650297,0.0620911358979456,-0.279382930292884,0.064198796377726,0.125035957994013,25.0,0,2.1129613,0,"V5, V6, V24"
43510.0,0.95431399795163,-1.77343354059379,0.459345003546713,-1.3830103344945,-1.43355310682586,0.446932448029387,-1.00095483818625,0.152952395103353,-2.14156957253697,1.37224466868516,1.8484253759559,0.41015515354106,1.16095579953049,-0.220463911573752,0.509233305079382,-0.587859895982937,0.702833116790604,-0.538116721848082,-0.747824854159296,0.110286220618219,-0.121685903366153,-0.422267700572021,0.0281841340721739,-0.301809946821604,-0.101312725037079,-0.394026716965863,0.0361647444362191,0.0521728480284975,229.7,0,4.636122,0,"V11, V18, V15"
127393.0,-2.9004808166661,-4.60491261383606,-0.0215943501844232,0.699254534716536,5.36155486328737,-4.36332260678778,-2.2138805006663,-0.0912557582194228,0.651086972904388,0.260444516785127,-1.22563731561294,0.382968172596439,0.0450538099551581,0.251234851595879,-0.474184248319389,-0.266553451668741,-0.586587036985369,-0.518185201848332,-0.0814540934558453,1.10636350519564,0.306139055650002,-0.287751631822654,1.32732231107223,-0.13482818056563,-1.99328800037344,-0.188436976657584,-0.0312225609024158,0.227672099762429,4.49,0,7.1296787,0,"V25, V2, V6"
115984.0,1.85794444299889,-0.388779364097361,-0.19698727471223,1.05847869207482,-0.266681098030017,0.75905485745779,-0.818631496913286,0.289700753473215,0.859105866992917,0.276376340329661,0.301640571401919,1.12884269071853,0.721849730641492,-0.171175689401607,-0.0326294414541846,0.923804935205511,-1.26887908550977,0.906102118397289,-0.182131900060056,-0.0755254128802563,0.0926742505451518,0.304616794647676,0.195069490774654,0.164844200630957,-0.275452025428741,-0.781328398795248,0.0651790241551796,-0.0205590136328109,45.0,0,2.9825678,0,"V26, V18, V17"
166131.0,-3.29838243838061,-1.03876879680676,-1.84859777972042,4.30092563597773,-3.53181859693553,1.27823944010735,2.76661097240698,0.608827474754003,-1.30909459562952,-0.011985522170216,-1.70737351291247,-0.352018822624562,-0.583119104632505,0.845775708694673,-1.25615208737548,1.55080701367077,-0.221769023367569,-0.409591302790955,-1.13767783021163,-1.50784595074599,-0.391885002735892,-0.339100909562126,1.72434849738854,0.424422445834105,-2.31428095631493,-0.766481227140679,0.853905261888151,-1.04861882864528,727.28,0,39.489674,0,"V25, V28, V4"
31476.0,-0.233852926547284,0.626112862026746,0.428680518490673,0.702550023286573,1.28022103146632,-0.0738601018054371,0.825719760866169,-0.208274771342454,-0.127881459001834,1.09757193053915,1.66957867765929,0.199757223536438,-1.10328790080244,0.446967835262202,0.669650788954727,-1.09190499558326,0.0043808933193859,-0.500440058678087,-0.0506839030647348,0.150280781991995,0.0796998608529927,0.89236252075317,-0.0510007065681608,-0.288627795584363,-0.932053434367468,-0.419286922041778,0.292244194243243,-0.193515439831353,1.0,0,6.738591,0,"V28, V16, V10"
142303.0,1.63958616109396,-1.58422494023433,-0.751374126472117,-0.0533214725070903,-1.04792277005208,-0.0654887188899476,-0.53583594369711,-0.134830853293405,-0.0991045187292668,0.694315965040473,-1.49658485117975,0.306559680829589,1.31976496484945,-0.366402174639146,0.405218538555667,-0.936178607845641,-0.524610825758404,1.08782628228801,-0.824716243477578,-0.0218972128743828,-0.441968197983354,-1.22330727123599,0.17481056079449,-0.74580403767105,-0.675885827714376,-0.0037387330679742,-0.0276837438432454,0.0056249017976575,266.5,0,2.4222136,0,"V25, V24, Amount"
43938.0,-0.86320303085318,0.0029932628305192,1.46084564180652,-2.60774468297726,-0.272938826870046,-1.13138050569567,0.461110829349409,-0.492221928849827,-2.85030884751153,1.50954286191259,1.46363019151999,-0.152829053013494,0.905487884638973,-0.449211964320493,-1.04486527339454,-0.638141364171795,0.106894096265712,0.111470071886901,-0.422178531950125,-0.149244040293348,-0.132347318888722,0.165167352573702,-0.432215748954612,0.546679407825208,0.676068570258528,-0.234499089989882,-0.164997569254272,-0.0927854153940627,15.0,0,3.5476253,0,"V25, V11, V10"
149886.0,1.89632967817018,-1.83228687372061,0.504981455912386,0.0624421889729334,-2.01365807770265,0.862432909925659,-1.95090665125099,0.398392366178071,1.72385606805818,0.457686519228994,-2.77045407782923,-0.239658425002171,-0.596210445753588,-1.32195241998887,-1.49072940575296,-1.40125180007354,0.172153683562278,1.5963736189919,-0.286083514373385,-0.499786243078698,-0.300388594375902,-0.0419425426582756,0.115379480369651,-0.626099497220712,-0.472486598969372,0.776781205090821,0.046112393587462,-0.0267130217049298,89.0,0,2.9582853,0,"V15, V11, V24"
152643.0,-1.25572925063035,2.00507717117189,-1.46378687289772,-0.621902076925298,0.280226729788328,-0.890334772270901,0.289145337950242,0.647250881752229,0.0293603719615703,-0.467705814915505,-0.891574801774083,0.588481697081576,0.918420869089639,-0.756876794357633,-0.341559666370233,0.51286027268012,0.585900710438372,-0.246540672784734,-0.252727709039299,0.050970768078464,-0.290749165707657,-0.860702992004343,0.216549372855764,0.485460544808327,-0.251111559603744,0.105809756414739,-0.0680027612384997,0.0648990436576416,9.72,0,3.8096538,0,"V3, V17, V22"
89604.0,-0.725753164710475,0.911620364150593,1.4505088943473,0.621945291418131,0.935866596599735,1.52112665549223,0.510009122147867,0.439518934791223,-0.259540715838823,-0.370563489581677,-0.428713702552662,0.819641547537354,0.416166396834187,-0.313029662523673,-1.40672694837526,-0.470184373849626,-0.255774477610122,0.125385917569647,1.93371929309396,0.309062255799285,-0.557841932011113,-1.35222586082873,-0.211895154402313,-0.416200429021821,0.53621069464866,-0.770413475078099,0.344908913278806,0.132470927981574,29.3,0,5.6459465,0,"V22, V19, V6"
161067.0,-0.793535337769167,1.06277627893166,-1.04635137937017,0.654689209674193,1.12595035855123,-0.212858533323752,0.937928794303101,0.326916282839483,-1.0517400780151,0.20151517018475,0.0373121588291954,-0.0791991703312191,-0.920496490735781,1.34435541861902,-0.0847631923105715,-0.203996509039454,-0.438348511522142,0.723608017390769,1.07198491716088,0.0013002168300518,0.196225817505042,0.415782729931912,-0.0866077712913682,0.16394892124187,-0.286584904786688,-0.551745175841832,0.201860233908555,0.184386536681835,60.0,0,2.4941177,0,"V3, V19, Amount"
50197.0,-0.590836122183891,0.544828264423154,1.46629873449004,-0.20887992799762,0.799165715530719,0.632549267863534,0.577025456043223,0.147565894533379,-0.0442941665533893,-0.11866557533211,0.329086755774228,0.310549363491954,-0.548102584167238,-0.129533137184312,-0.724964495786366,-0.3301226199625,-0.305000406324939,-0.171346280771374,0.652003970495389,0.189467021221243,-0.206454589578677,-0.224942138750342,-0.238633477757264,-0.82166258448464,-0.0364559818023431,0.277824122047269,0.157157895577991,-0.069487203524912,11.38,0,1.964995,0,"V16, V24, V6"
165362.0,-0.601565495389587,-0.40622068322485,0.568021868702078,0.088355249185008,0.185211220946268,0.398161783080908,0.410447656662143,0.182832952783323,0.476254044680038,-0.304531171524414,0.473927674070873,1.14605632434598,0.679809725311242,-0.302386129250815,-1.03508082658322,0.951215169416884,-1.49777735379493,0.752132660562961,-1.27362054373936,-0.323416474007386,0.336534997281674,1.18533281042426,0.973572682166492,0.66099467649125,-2.04207296803807,-1.24754738654951,0.414872240815432,0.335879900717533,144.0,0,8.260965,0,"V25, V26, V23"
116728.0,1.81321015115415,2.28229872654321,-5.01365838826865,4.44562697740193,3.50380886820903,-0.162849399519799,0.967136470734175,0.175538472212084,-1.97059455307828,-1.72530146296239,3.00990031489106,-1.82369227476096,-1.6751870958099,-7.15262832064261,0.359053992966927,2.69252130253129,6.1404359199105,2.50959487430838,-3.28908532692198,-0.205366190354552,-0.23630448492213,-0.568807559422784,-0.116415602194907,-2.38304568695667,0.180986064021239,0.263256121783424,0.053161779975209,0.0859420983114049,0.77,0,15.893648,0,"V19, V17, V24"
41800.0,1.25189420041203,0.0160502417920848,0.307146774856639,0.570907223012377,-0.096185955239469,0.209524288296727,-0.197868908700755,0.0471770453480344,0.282053075400042,-0.0664544346636478,0.324181020648677,1.3571101943131,0.874682963911025,-0.220586326932505,-1.13839465452964,0.0289961350265699,-0.511467392492442,0.0911958207680929,0.783761477558918,-0.0411983213215301,-0.0844061111817734,0.0302337846944106,-0.209071789683892,-0.411732559438577,0.697884384162262,0.469902361288422,-0.0138882171471316,-0.0068225592736502,1.0,0,3.0724378,0,"V15, V25, Amount"
47681.0,-1.60829855408765,-0.583917808637361,2.40403260419913,1.40293361254087,-0.964111102166611,1.68928292450862,0.245460662433688,0.475490360981072,0.517902740401258,-0.510547181876523,0.191837930276963,0.176584949925409,-1.43573086885334,-0.399154032943712,-0.846912197790412,-0.480426078242237,0.328402807712197,0.388890142744962,0.9816632691691,-0.151176507965872,-0.0324996695970351,0.281120830840494,-0.228036665122454,-0.288560737625268,0.227847767601462,-0.143763308440889,0.24825717858267,-0.0440338814601108,300.0,0,2.5786319,0,"V6, V27, V4"
100939.0,-1.24994700651888,0.819875662049659,2.06418153302075,-0.794513561816512,-0.457685340079307,0.34353785234877,-0.487230025157957,0.790837615347836,1.37646587331811,-1.24965875923825,1.0290361660012,-2.35110660479464,0.884477114403186,1.63469993166453,-0.814335534419485,1.00562566677682,-0.0377131333863977,1.12843498387621,-0.194892629132525,-0.0448530546868834,-0.0907769043802404,-0.107628186399743,-0.277442012110224,-0.523513442132579,0.250299506155898,0.597444095719268,0.0968026884810339,0.0258702106356036,14.95,0,2.7578669,0,"V18, V12, V8"
35832.0,1.1463234582579,0.301559109124608,0.219864696257864,1.03986817828734,-0.0234346064266603,-0.483029814182902,0.268818120273472,-0.0634291190663885,-0.427349560477669,0.188724627764036,1.13181545301284,0.845202056237064,-0.0923166970785175,0.670550792309232,0.208346513221731,0.473654921813123,-0.793443198614921,-0.0788159152286882,0.245864331712881,-0.0570774907174153,-0.420292786702426,-1.38881255168276,0.144395915846069,-0.0900618393527512,0.2460410548474,-0.838749670102732,-0.0010242225176586,0.0218674718026171,40.0,0,2.4684472,0,"V22, V26, Amount"
123333.0,0.39930587539763,1.00712836514918,-1.73228533074127,-0.902459350535375,1.40495878633728,-1.79415190554252,1.90844380192376,-0.61158149971771,-0.359310992215653,-0.288392113332185,-0.695126202947443,0.410702460836939,0.280617263293778,0.678010831211387,-0.898451171119805,-1.14046854678213,-0.228072406091715,-0.598455198938513,-0.299402445595595,-0.0779927375352538,0.512037142616971,1.79215080023638,-0.0079268513412701,1.25369745948663,-1.08576895204916,0.0492547924183367,0.518914266144404,0.396574115384107,15.69,0,5.744866,0,"V24, V22, V25"
52298.0,1.31825625583127,-0.931846302788097,1.18075076445167,-0.333078065904501,-1.87120789687224,-0.428446943901679,-1.22526872016366,0.141700872092947,0.257855452785305,0.538416300944364,-1.21806079493499,-0.87691190152406,-1.54769233516719,-0.222448615556315,0.309197661815334,-1.21503150364822,0.270907321376204,1.18959991284198,-0.586539728074421,-0.594350160433027,-0.500434530729866,-0.878552543158027,0.164914268703132,0.361787948079898,-0.0599560223114933,0.966398228377453,-0.0185248452470667,0.0180576432650996,9.95,0,2.6868987,0,"V13, Amount, V3"
142579.0,-0.473912815063847,0.419468568585513,-0.52623391115815,-0.415405576514544,1.3137364895284,-1.0259269051484,0.809172149896836,-0.124190898547037,0.0908563375416683,-0.689144792253801,-0.797385588294654,-0.215833955286625,-0.0675399083213871,-1.04879016679727,-0.16977493612837,0.382717194059258,0.309970985393483,-0.151763903986237,-0.129687014916096,-0.0899763488223023,-0.376205997848916,-0.814239003227839,0.619331693055581,0.458299741094672,-0.28790481921189,0.129743734692267,0.164654746485764,0.0193909374787236,0.89,0,3.8331819,0,"V23, V14, V3"
129827.0,1.78801331283647,-1.12247479533224,-2.25084893740568,-0.412542653173493,0.0259718415446336,-0.67278724791504,0.422396538678827,-0.391231191719692,-1.23575725591857,1.00866335982469,0.777548198310129,0.859900233071793,0.53461730144992,0.580520516539482,-1.11354222093245,-1.98480816921843,-0.0427513865520173,0.960944409195542,-0.449173988346758,-0.159047406669564,-0.0826271360850248,-0.0817319835423736,-0.0993476240309453,0.772962393764837,0.149775730206286,0.755254456643297,-0.1381269348928,-0.0481106317528192,211.51,0,2.0920172,0,"V24, Amount, V16"
79422.0,-0.371846022303522,1.05041945262228,1.18005248511968,-0.125688073936301,0.264026472902992,-0.4908218137396,0.573645822133714,0.102433202794187,-0.616211633340123,-0.33562435625801,1.17854904338064,0.456152513934977,0.001796587777486,-0.233966383509995,0.227743900947581,0.677722381326869,-0.355815551124455,0.474286219059217,0.323380008023759,0.130155502654843,-0.234302833474665,-0.645515400744806,-0.0682155818213478,-0.050274665352655,-0.150001790212621,0.0751414855021115,0.240876399673162,0.0848472553967578,0.89,0,1.4346511,0,"Amount, V14, V22"
136491.0,-0.495343182302883,0.811339723248944,0.15209116182695,-0.449354232994719,1.09350156840457,-1.55724927047252,1.01219174894675,-0.26566393672016,-0.264158438939318,-1.26022219163548,-0.6171343582118,-0.469908299249168,-0.392321439125895,-0.740916090488389,0.528307484070273,0.160399430698506,0.351677204831889,0.710292024834196,-0.501411795552039,-0.0415381375123605,0.306378624808845,0.85673691980417,-0.349732839635219,-0.024060625889391,0.143542123713809,-0.137507507083021,0.129823131600282,0.181026571298516,7.49,0,2.1204414,0,"V22, V18, V6"
37222.0,1.37636298328416,-0.675908253344452,-1.15178920486224,-1.07568805478746,1.53060164966476,3.4639502555119,-0.915253499810752,0.802808451668257,-0.890408174025545,0.725340358713019,-0.538097763062383,-0.11741905123141,0.191235319586306,0.0885008567948291,0.240990027440726,-1.30141598776314,-0.344140211243041,1.16376138063996,-0.296845439389196,-0.362537432727091,-0.606403256474168,-1.35444668339025,0.0496217437821662,0.985117072711759,0.476998743269472,0.275134710959346,-0.0052188883783243,0.0136651644152093,25.0,0,1.1076913,0,"V15, V22, V25"
121111.0,-1.33381404492414,1.08331388294017,1.62382808935191,0.611757488013787,-0.165578852722233,0.499630097992201,0.523322339464014,0.336799274495113,0.0602784092070596,0.467483087615591,0.368584291017868,-0.223153197478009,-1.33829676443552,0.26087530083688,0.390281521616981,0.144303301924356,-0.495507931697704,0.714698965114063,0.984414262319371,0.305290032930122,-0.327204422359148,-0.658862854558395,-0.220311403711618,-0.496186584145764,0.394411132099861,-0.635805563287831,0.601022108955039,0.277463993051971,82.9,0,5.4548283,0,"V27, Amount, V28"
88199.0,-0.72661252534245,-0.187253877311661,2.8030130645293,0.235295860483336,-0.608823005788252,2.46310989362064,-1.18009187766927,0.83940675074551,-0.0643363022576326,0.280219505413331,-1.11598389935647,0.620318332720829,0.727795408773615,-1.43469629863733,-1.95131975020433,-1.81740489731786,0.0671184055567865,2.48893834409084,0.757341704725399,-0.105865991818771,-0.27246019390385,0.234091055565901,-0.441511562045177,-0.200308724406946,0.590992452153224,-0.146081180750948,0.45317601157626,0.151034118415159,20.0,0,4.7698984,0,"V27, V6, V18"
55494.0,1.0631954163549,-1.15624696298981,-0.814093597711277,-0.462131622042555,1.13783481544772,3.90905681574905,-1.11674495633126,0.920513652982518,-0.600150451573897,0.686100387907973,-0.688734222878903,-0.122089522679922,0.308789738732527,-0.099845868464577,0.511127665731359,-1.10705212622017,-0.560792995506383,1.88992029227789,-0.789775239379321,-0.112383597942103,-0.205082975474286,-0.434831765779884,-0.22005519172246,0.991995908426575,0.631623600797259,-0.223178533522253,0.052541608703601,0.0535253479115527,158.0,0,1.4423099,0,"V18, V15, V25"
49774.0,1.22659343566232,0.368141147460384,0.432561422083634,1.19509692430311,-0.445629290515317,-1.16047088945311,0.20751849861902,-0.241640386233586,-0.0077493894338458,0.02197404776592,-0.137079140006041,0.184808486596485,-0.269238097951913,0.449749257692439,0.918307230864726,-0.0369114527641708,-0.295505697136415,-0.233243521923978,-0.491424779323254,-0.173628411177734,0.0448486541598619,0.171149702598505,-0.0536586557904941,0.718215309409416,0.638031788236857,-0.347635214118141,0.0133295434685453,0.0227378219230484,1.57,0,1.5421628,0,"V24, Amount, V25"
44604.0,1.37986111354741,-0.770983092049041,-0.146460871381008,-0.82881392376008,-0.301986735474237,0.673906952555769,-0.645177542004187,0.0635777755525977,-0.609719320090977,0.641802620058926,-0.658829087159413,0.710116928599029,1.26982049384205,-0.4445189709527,-1.15638293981355,-1.16483179633763,-0.498403080700597,1.59703219274057,0.55399758188702,-0.309816371622509,-0.508465237132606,-0.81760353116442,-0.241804804695414,-1.30891841553155,0.552223584687712,1.1644506448121,-0.0460105469612628,-0.0144056256101484,40.4,0,3.4163485,0,"V24, V25, V15"
133479.0,-0.120332256371136,0.675137269172141,-0.646910718569303,0.5652415712907,1.13806758858219,-0.640342176802321,1.25980189202851,-0.190714525547483,-0.415753006202705,0.117848388973072,-0.192096281508226,-0.32853429263259,-1.91447261401424,0.958001828350874,-1.34445484868482,-0.508792437162479,-0.472630231717941,0.476269165215039,0.595400538912389,-0.32177244596005,0.242668290005975,0.768713598608117,-0.123291624990626,-0.434555509225795,-0.780410857617705,-0.639656426007619,0.15888749652522,0.253692808722778,47.95,0,3.1847892,0,"V13, V25, V15"
129644.0,1.93653499603146,0.341367889436254,-1.64982063632843,1.44407956322095,0.414241771695198,-1.15350672039781,0.423601364632042,-0.384534141533153,0.0946874480164449,-0.222488695310791,-0.306278060391869,0.412369890351475,0.88296458072267,-0.929025616576449,0.644177595248383,0.320438414108051,0.293466981500425,0.408951399529831,-0.886399472516841,-0.0958660043394857,0.240606186574934,0.805066226558839,-0.0752755651139215,-0.153698923449001,0.315463776052725,-0.419060029160118,0.0221439447145943,-0.0156034239496458,44.8,0,3.2248898,0,"V19, V22, V4"
152410.0,-0.794769932149463,0.636960453775096,0.980534444760563,-0.622039624365565,0.0063389970964523,-0.0329596554322483,0.019491036706937,0.490390665604142,0.235609972780038,-1.26320627674794,-1.32129739246132,0.746605855107211,1.22798964222143,-0.207870288503925,-0.0789567320690137,0.172490111318548,-0.55424690392117,0.405605178237211,-0.351624652801019,-0.0540272840642559,0.406795043737555,1.14883582180041,-0.180937251288897,0.726001628863216,-0.108880088824945,-0.239700672848982,0.0678082190210437,0.0940133429052198,29.95,0,2.8464513,0,"V22, V24, V13"
73063.0,-1.54852838751994,-0.615512725743602,2.52973882523238,-1.77182876497622,-0.160778424599736,0.136966595722282,-0.0726081252685179,-0.177733765977018,-0.388256264680307,0.875086535223351,1.3214783676951,-0.390973658433049,-0.365535363723714,-1.1106581609266,-0.564573198549776,0.996187104275276,-0.0785143832317568,-0.9711281060754,-0.0087254337148954,-0.0768389152785378,0.229993538545235,1.41016991105892,-0.0111597238699775,0.0715941079918538,0.56912397292649,-0.106787782844574,-0.263647920049265,-0.391172073729088,12.6,0,5.7797856,0,"V28, V14, V22"
163770.0,2.11434773596464,-0.0522571113869788,-1.97696359327855,0.273461232351941,0.671098542535299,-0.604535149049983,0.357012720814016,-0.288671219738439,0.383769447350583,0.192459141725323,-1.48135998743522,-0.299754725568649,-0.38390882830748,0.551651353458643,0.315833344135246,-0.0029697563180064,-0.575452965950111,-0.223592801232858,0.177630331238283,-0.183597609391421,0.0196134360999454,0.111620942941347,0.0139463760050448,0.118581829553509,0.241547874944823,0.406733104665234,-0.0918280083963573,-0.0688838447558327,19.0,0,1.3788235,0,"V3, V11, V5"
96940.0,2.09076357249714,0.0801700965411641,-2.31970444524366,-0.0591665126957684,1.031033454275,-0.734651184530941,0.572478734535515,-0.420769891967492,1.28459227487241,-0.191509189624173,1.4891390848673,-1.89915372505895,1.34105115763176,2.45169920174452,-0.9551084171092,-0.281725388152041,0.0264571888768505,0.462458665384121,0.397040443706544,-0.192091858846352,0.0212793061943086,0.317250343972199,-0.0925667382723367,0.18615428040846,0.458413750016897,0.179260639883728,-0.128557804852178,-0.0897739345294971,29.32,0,1.6101458,0,"V14, V12, V3"
63647.0,-0.355654811158977,0.772050567614279,0.478869729410945,-0.394112746851398,1.10240778247612,0.331360828016659,0.915088204872928,0.10677458657865,-0.541634526873948,-0.410812988339986,-0.629309706193762,-0.279739587883828,-0.493732352580177,0.483189546762818,-0.28748865340066,0.916948493091347,-1.53996760082351,1.10266887411684,0.0330864619894306,-0.0779719996280727,0.115644576144832,0.202092778769904,-0.298059095242679,-1.41952449184003,-0.03001549979544,-0.47718576554142,0.130130830453436,0.141604450958693,38.9,0,2.7525344,0,"V24, V17, V12"
50885.0,-1.43548178947634,1.377325570025,1.12119201654517,0.128388862796096,-0.453566068497737,-0.677864872865256,0.2985381551544,0.353553245267535,0.115242000033913,-0.166741894920868,-0.953382160952898,0.265484129377802,-0.134262450448573,-0.0031214338518269,-0.415691148408264,-0.333621709319055,0.203158300276306,-0.515448072229475,0.366939301218496,0.054010294626731,-0.150385430174411,-0.313230371205829,-0.035023076724857,0.410142282303246,0.0482253624083619,0.222082892014543,0.0170327808541563,0.20588060788695,9.99,0,1.5787258,0,"V15, V5, V28"
152843.0,2.10733827982246,-0.126500516253704,-1.61655510786146,-0.0330458796858093,0.641939540275362,-0.0092866180829559,0.0573096015331451,-0.0900737577209444,0.331520161296819,0.2272267287729,-0.174881059982437,0.844359711478698,0.501515819469643,0.338428602100242,-0.543616767813762,0.420845027112732,-0.999256424743703,-0.0488828689415817,0.88071498584377,-0.156352486496082,-0.318824716320017,-0.793326906300582,0.160710076780241,-1.43769177769413,-0.150233454319214,0.268009183999085,-0.0713549325817351,-0.0839934601957345,1.98,0,2.0567086,0,"V24, V3, V15"
157696.0,2.04927003795927,0.0645459871560661,-1.78718097904547,0.253351380515144,0.534806548058547,-0.440764642262327,0.0391582806908901,-0.0434188425893922,0.333500167462273,-0.19235193646676,0.834973459983887,0.467074741710023,-0.533356824572028,-0.551618580822264,-0.418262060509893,0.604388127883473,0.172301639328543,0.328836269841847,0.431394192637855,-0.174735227201026,-0.334626914625222,-0.918488216701021,0.306889095554294,0.241179411844752,-0.27649559602302,0.170119700673963,-0.070256665391431,-0.0442543947274936,0.89,0,1.934782,0,"V3, Amount, V14"
74900.0,-1.1529051572126,0.39940602971833,2.28838283712719,0.0528000766312466,-0.25933965341663,0.479513828076895,-0.245134305736096,0.437597454784441,0.375514314602749,-0.138269922839275,0.960728187914932,0.639561631261086,-0.59629974382006,-0.288990365880667,-0.374685306630283,-0.0626373383854553,-0.115836402089305,0.0335268295088811,0.0938720771233589,-0.0417621323931591,0.0333570082234921,0.342215334395236,0.0434383742479924,0.0462580905245218,-0.313223899667771,0.283126610188607,0.116728242781512,0.192408076401218,4.01,0,2.0608592,0,"V3, V14, V9"
116171.0,2.13117549237145,-0.850950717507843,-1.32890394658626,-0.966702998148453,-0.370611857475916,-0.473934654466247,-0.476870887938955,-0.0863437438807349,-0.54963940866378,0.909681972148847,0.911574370768987,0.0863703695611336,-0.432508308696786,0.132718159022678,-1.07024402572615,0.772412006844934,0.266128999569801,-1.43706293343731,1.11393136667649,-0.0154900775736212,0.0270098962153367,0.0208484104979106,0.252203431325537,0.697337887705692,-0.124043815207513,-0.378283895195428,-0.0429459166988098,-0.0618583755299485,29.0,0,1.4783285,0,"V24, V3, V15"
31518.0,0.561136187295757,0.445242075044389,-0.731375501603555,0.460416443449153,2.22483228544691,3.94654150047989,-0.618051814347044,0.0661926929122973,-0.125391392239976,0.070151629123449,-0.541282946616946,0.168755374866707,-0.21454552528295,0.33268646018066,0.210652106481781,-0.463248581192153,-0.151092798550474,0.0736385220450458,1.18417330683107,-0.0694739368208788,0.628364543316496,-0.563601770840423,-0.152292651078951,1.01724717858419,0.708367859421272,-0.211463255055453,0.256183986189288,0.262461334013323,2.0,0,6.1956444,0,"V25, V21, V8"
83209.0,1.19660651572672,-0.807941574177503,-0.95344758518086,-1.78664138701451,1.37801973820362,3.45598765145199,-0.959220402396513,0.906740719931021,1.72233613846121,-1.08224912328692,-0.363987145085181,0.663997993879805,-0.0729912240904811,-0.0619081792083917,0.90866136939726,-0.479710414802121,-0.436998872061483,0.592849267734409,1.02909847672197,0.109893524769642,0.0841888498988634,0.310405148655175,-0.267319304183741,1.05765139601538,0.911643575620213,-0.503129367731225,0.0800592746715504,0.0303660111224548,59.85,0,4.658557,0,"V19, V4, V9"
1613.0,-2.3992711757557,2.18465366931383,0.392056089890087,-0.875030888392497,-1.02772308845958,-0.894161031218337,-0.136743807442645,1.0303032614755,0.454654681080466,0.617811161844695,0.847534026885096,0.832413694807967,-0.898442063030945,0.531754772322821,-0.936018811223609,0.301974995428555,-0.131080046688353,-0.0671450932631062,-0.166727346164128,0.394410306978084,-0.200897460896749,-0.419799865118364,0.107514236638519,0.511034881315919,0.0064078106697594,0.293248072096986,0.569083572782698,0.348909162529365,5.0,0,2.960298,0,"V5, V8, V1"
148027.0,-0.79532377483313,-0.281970661698948,-1.30138788892695,-2.98655387388442,-0.505720429839434,-0.446258757486616,1.83047832730434,-1.50852430012567,-2.69029490409271,0.781271404357002,-1.47485809553678,-2.15729503660505,-1.2446849029409,0.361526598748489,-1.108988308924,-1.05921881698398,0.595074157598792,-0.168409483856453,-0.659689131843311,-0.969720557841515,0.817372375638155,0.559923993802775,-0.459723545489237,0.642398555333961,0.715925754728224,0.186451238671195,0.205183909971694,-0.0178116808148119,311.58,0,10.069307,0,"V21, V7, V8"
136636.0,1.97423471352821,-1.16140129088011,-1.81157251283306,-0.61929044804431,-0.64978285267852,-1.48761044698594,0.0706583810216685,-0.445940142035577,-0.323325304259693,0.786689133463245,-1.07800835943875,-1.2705028523278,-1.56540486226861,0.359160508038545,-0.547149686579776,0.372275783687854,0.66153627154354,-1.66794743626109,0.852911128895805,0.108216992225716,0.246662414835629,0.445334096723425,-0.0763687365685302,0.0629368897346168,0.196947510625018,-0.0549284544266123,-0.0901435931006488,-0.0538457464627109,148.0,0,2.1790864,0,"V13, Amount, V15"
124886.0,0.381128646130861,0.312789975875944,-0.473553657823121,-0.388498045207177,0.569491377818536,-0.679846570376432,0.533977851141438,-0.347930063760136,-1.98789564998886,0.962708079711574,-0.945009332714771,-1.70955654007695,-0.521226950874649,0.571609495644515,1.35410943244225,-0.46898265159486,1.21905973283521,-0.975957159284646,3.52355479776814,0.41396884465395,0.382103257799228,1.06402798254993,-0.265178586326229,0.539436354026892,-0.187334253450893,0.386206827331152,0.156013045437088,0.171366443430422,12.1,0,4.2943277,0,"V19, V24, V12"
406.0,-2.3122265423263,1.95199201064158,-1.60985073229769,3.9979055875468,-0.522187864667764,-1.42654531920595,-2.53738730624579,1.39165724829804,-2.77008927719433,-2.77227214465915,3.20203320709635,-2.89990738849473,-0.595221881324605,-4.28925378244217,0.389724120274487,-1.14074717980657,-2.83005567450437,-0.0168224681808257,0.416955705037907,0.126910559061474,0.517232370861764,-0.0350493686052974,-0.465211076182388,0.320198198514526,0.0445191674731724,0.177839798284401,0.261145002567677,-0.143275874698919,0.0,1,87.596756,0,"V17, V14, V12"
79315.0,1.04856558654989,-0.0844540899281083,0.74306044237901,1.23137032325988,-0.534220289821353,0.11015694635825,-0.289705858278436,0.267885077459654,0.423019210628593,-0.0159612234654858,1.15662178150068,0.633073966743229,-1.56921482170084,0.450974423493805,-0.467401597345398,-0.357699057698094,0.105732441497486,-0.395651260176094,-0.0933172426467788,-0.221570631078063,-0.178902358881579,-0.457957379155922,0.0803056207201872,0.178368914155817,0.312023213583634,-0.543423978387494,0.0397593229020514,0.0176481462396788,29.95,0,1.3938478,0,"V13, V17, V15"
69273.0,1.13382315731329,0.187753315776628,0.53652034931041,1.47709168130385,-0.335334714663238,-0.37887610081872,0.0659765686343011,-0.0259238266102927,0.302718952577826,-0.120183606721737,-0.282665566822398,0.51737333468571,-0.415557996867817,0.131810330321307,-0.0932125691852141,-0.80774229256068,0.395939128435068,-1.05674834878712,-0.490784851112696,-0.20797993478321,-0.0804627110525783,-0.0158746698373492,-0.0229644701375381,0.402244813138468,0.610130162317376,-0.332091300141442,0.0381689594004164,0.0194186550189426,12.32,0,1.705408,0,"V17, V16, V15"
161745.0,1.99004851215259,-0.24501428666705,-2.1653064175796,-0.0731007401656267,0.39836457287254,-1.20978328161526,0.580453178951992,-0.317658173597345,0.265495410128555,0.195019262403623,0.556410452061687,-0.0212596589577453,-1.80111704266319,1.30939771322652,-0.0103058941109247,-0.251522666788822,-0.493150808523142,0.17233812606443,0.441352718538843,-0.225510708870299,0.145926796395984,0.326585505730155,-0.0661040744121167,-0.391279812571648,0.269460891118991,0.177496829702531,-0.102876558027022,-0.0837084087450234,57.98,0,1.777566,0,"V13, Amount, V6"
169135.0,2.04632001307585,-0.0684542346844787,-1.06972577548667,0.411669139919136,-0.113113481035415,-1.12697285662982,0.177256074067309,-0.311991051672309,0.534567756772321,0.0621163373908734,-0.684963685546305,0.476287201740339,0.0937828606515849,0.27535628971551,0.0842350160307808,-0.164845524270873,-0.233464482487263,-0.961856016025985,0.0728302350091141,-0.221041035089411,-0.280766709002415,-0.67471138357539,0.343286550126511,-0.0121274627485163,-0.31368770123685,0.200557040889658,-0.0680419282164676,-0.0597823289290239,5.49,0,0.9830313,0,"V3, V18, V25"
171543.0,-0.198923137466443,0.985729573253742,0.15185902230918,-0.643751610280406,0.374084970086238,-1.11950391554652,0.984279718643532,-0.179552170945952,0.190892142837579,-0.095465136737042,-1.00266224593532,-0.0105311272719693,-0.236118152935597,0.0898808974048165,-0.353404019123848,-0.0825172028780443,-0.425625878599448,-0.711877332117157,-0.0887096535974363,0.0768648875837461,-0.297651868696206,-0.626529560333764,0.0859475110458997,-0.0421097747838995,-0.43554258577486,0.147844352081456,0.351235433087445,0.16077141201029,7.14,0,1.3390002,0,"V27, V15, V10"
42072.0,-0.909334424064917,-1.08991407977904,1.72426952555341,-2.32723973478584,-0.273183386070777,-0.709232467701916,-0.639956965095035,0.146569011036975,-2.63800901346621,0.915462122301844,1.30609633609349,-0.413584353111911,0.115317749921095,-0.161449211635672,-0.495803245654958,-0.464072593814131,0.395935742161609,0.238568324636,-0.97132239027774,-0.143641931250174,0.186677719614626,0.631804775598135,-0.0220252725582548,0.206512199849957,0.0729324506457322,-0.187114364198524,0.0740121753587283,0.1052200283119,38.9,0,1.8381974,0,"V22, V11, V19"
79051.0,-2.0102524448436,0.940148364354143,0.827818676859853,-0.0993712579578929,-0.689373130666564,-0.416394912367025,-0.0972153786419075,0.0449215197081273,0.221631143082331,0.345824426394056,1.15111087169914,1.59007956882844,0.892753118325783,-0.25899912925621,-0.943335742794078,-0.58090945343137,0.296397164907458,-0.20664704610542,1.51029155390182,-0.379193242276777,0.203013636472924,0.461590697878811,-0.379940482839867,0.712105606370272,-0.677443416799078,0.957360496818657,-1.12824526342383,0.003043827267422,35.0,0,5.749667,0,"V27, V26, V19"
125555.0,0.102706118967249,0.696116673326732,0.589347323892229,-0.240982433626921,0.0113426002973433,0.987749260080503,-1.24491970579986,-2.55524635103183,0.257273491265478,-1.29256113540126,-1.29697100078906,1.16968742081042,1.59717457136135,-0.0918712742352916,0.361684152759071,0.181186192676064,-0.550925795007873,0.224585823988318,-0.084739991827896,0.684584265183817,-1.09747209815705,1.11418159416501,-0.1995635201613,0.243572717435888,0.828992706427331,-0.0768340557596735,0.167928303430243,0.280805341070652,0.01,0,5.201627,0,"Amount, V25, V13"
